District,Roman Catholic,% Roman Catholic,Greek Catholic,% Greek Catholic,Evangelical,% Evangelical,Orthodox,% Orthodox,Mosaic (Jewish),% Mosaic (Jewish),Other Christian denominations,% Other Christian,Other or unknown,% Other
AUGUSTOWSKI,56400.0,0.904077969,23.0,0.000368684,289.0,0.004632598,683.0,0.01094832,4036.0,0.064696076,932.0,0.014939728,21.0,0.000336625
BIAŁOSTOCKI,111913.47604184804,0.5994259675302726,409.13367658785404,0.002190824103838953,3299.614331344908,0.017668311821642167,18039.76049937731,0.09661838622701827,50366.99006591358,0.26971676691618135,44.36273431818286,0.00023754666885722275,73.03915398511425,0.0003915965900799039
BIELSKI (BIELSK PODLASKI),66674.0,0.629867752,27.0,0.000208952,246.0,0.0070122,62730.0,1.162957206,17326.0,0.199097326,79.0,0.000611379,13.0,0.0002451848
GRODZIEŃSKI,61470.90928820015,0.4085993323360847,18.865244330088885,0.00012539827196969712,325.6736915931134,0.002164764942910581,55751.76153339426,0.37058395267092503,31597.298437706242,0.210028372644278,24.822689908011693,0.00016499741272615003,186.66662810824792,0.001240780027388698
ŁOMŻYŃSKI,116503.50847038554,1.3363876147451297,22.80849689664995,0.00026402851462318096,871.4749482774992,0.009223848891468475,338.92184267343697,0.0037450754321677977,20225.958030046524,0.21755964302448166,1.5673747413874957,1.8730026762352722e-05,17.567374741387496,0.00017580111676235272
OSTROŁĘCKI,91875.49152961446,1.2983220572548704,7.191503103350052,0.00010864258537681902,165.52505172250085,0.002429199108531524,165.07815732656303,0.0023528695678322028,9090.041969953474,0.12843730797551833,71.4326252586125,0.0009683872832376473,0.43262525861250434,6.796283237647275e-06
OSTROWSKI (OSTRÓW MAZOWIECKA),78238.0,0.828292239,0.0,0.0,1233.0,0.013053559,173.0,0.001831521,14799.0,0.156674466,0.0,0.0,14.0,0.000148216
SOKÓLSKI,72195.32574714953,0.7998241354115123,25.9893176798323,0.00028792565468344674,30.987263387492355,0.0003432958960003294,9353.155597315032,0.10361999934708488,8409.543447708813,0.0931660841920451,0.0,0.0,211.91289800478643,0.0023477010306854236
SUWALSKI,71039.0,1.605713221,16.0,0.000373429,6079.0,0.095727807,655.0,0.017635562,8099.0,0.146272396,4224.0,0.134147679,4.0,0.0001299062
SZCZUCZYŃSKI (WOJ. BIAŁOSTOCKIE),50561.0,0.86907422,11.0,0.000189075,144.0,0.002475162,151.0,0.002595483,7278.0,0.125098835,33.0,0.000567225,0.0,0.0
WOŁKOWYSKI,53308.0,0.462498156,26.0,0.000225575,260.0,0.00225575,47954.0,0.416047058,13672.0,0.118617746,0.0,0.0,41.0,0.000355714
WYSOKOMAZOWIECKI,62002.0,0.873575203,20.0,0.000281789,81.0,0.001141247,740.0,0.010426206,8114.0,0.114321944,0.0,0.0,18.0,0.00025361
BIAŁYSTOK (MIASTO),1607.1982110024323,0.008605964058215062,5.877005732313659,3.146924147760025e-05,47.39840526759956,0.00025380128235750576,259.0839033076588,0.0013873004258968512,723.4664863776094,0.0038739008917735174,0.6372656818171437,3.4123311427772696e-06,1.047948010099303,5.611379234672677e-06
BĘDZIŃSKI,107001.38260422164,0.276895760570601,26.34940095541974,6.818646565778241e-05,415.1637321268573,0.0010743511945068048,306.5527867252492,0.0007932904892034503,16208.094929163068,0.04194294205808223,198.26317548163388,0.0005130610753668234,17.994712847603722,4.656646083970253e-05
CZĘSTOCHOWSKI,197396.92162638836,0.8403731144972431,33.152682424998396,0.00014113974478849152,1245.1757486647166,0.005301056389761349,860.0195852192863,0.0036613403183943247,29415.205020248013,0.12522863749942356,54.60441812859098,0.00023246563412086989,33.1526824240905,0.0001411397447861421
IŁŻECKI,127190.16246302782,0.9251096807166591,5.04914729639564,3.668657137197394e-05,499.41632702610207,0.003623300358677841,52.238511869170125,0.00037801459523172706,10398.6815809093,0.0754383672723893,45.01474418891869,0.0003279692215590341,0.13761242990779168,7.113972858676082e-07
JĘDRZEJOWSKI,89986.17879503057,0.8968197628361051,2.0031324668448605,1.995737288357807e-05,9.009397400534581,8.977671872904587e-05,24.029758435026178,0.00023943624251145915,10350.256982401945,0.10316278654812364,6.0031324668448605,5.983017288357807e-05,0.0011746750668227461,7.864841130733894e-09
KIELECKI,154548.0,0.859239656,71.0,0.000394738,857.0,0.004764658,164.0,0.00091179,24214.0,0.134622441,0.0,0.0,12.0,6.67163e-05
KONECKI,126050.18584726314,0.8702220565623436,9.004616267549975,6.212546200345717e-05,167.0565430255669,0.00116009452785493,79.15233682914916,0.0005462358469450148,19181.407337679895,0.132384189965556,0.0,0.0,35.013848802649925,0.00024156598591804616
KOZIENICKI,108794.0,0.875556307,3.0,2.41435e-05,2369.0,0.019065324,68.0,0.000547253,13021.0,0.104790877,0.0,0.0,2.0,1.60957e-05
MIECHOWSKI,140865.8212049694,0.9431421231638949,7.996867533155139,5.354162711642193e-05,23.990602599465415,0.00016062508127095412,75.97024156497382,0.0005086457574885408,8314.743017598055,0.05566988745187636,7.996867533155139,5.354162711642193e-05,2.998825324933177,2.0078135158869265e-05
OLKUSKI,124456.0,0.913512284,6.0,4.40403e-05,105.0,0.000770704,66.0,0.000484443,11592.0,0.085085768,12.0,8.80805e-05,2.0,1.46801e-05
OPATOWSKI,137603.0,0.846266913,4.0,2.46002e-05,39.0,0.000239852,21.0,0.000129151,24915.0,0.153228782,0.0,0.0,18.0,0.000110701
OPOCZYŃSKI,110655.81415273686,0.9027895194376564,0.9953837324500252,8.120877996542829e-06,1305.943456974433,0.01065458747214507,32.84766317085083,0.0002679891530549852,10006.592662320103,0.08163915303444398,0.0,0.0,2.9861511973500754,2.4362614081953837e-05
PIŃCZOWSKI,105711.9999964382,0.8779920599704174,0.9999999999663066,8.305509999720158e-06,8.99999999969676,7.474959999748144e-05,26.999999999090278,0.0002242489999924443,14638.999999506763,0.12158435899590342,12.999999999561986,0.00010797199999636206,0.9999999999663066,8.305509999720158e-06
RADOMSKI,156022.8406120427,0.8065738581550702,9.76626004569707,5.048756026963512e-05,1473.728640895688,0.007618570588681869,246.10975315156617,0.001272285854689122,31134.83702568226,0.16095429018309332,2.9298780137091214,1.5146297379670673e-05,27.3455281279518,0.00014136466090945596
SANDOMIERSKI,95722.0,0.855707428,8.0,7.15161e-05,151.0,0.001349865,51.0,0.000455915,15904.0,0.142173909,0.0,0.0,27.0,0.000241367
STOPNICKI,122434.0000035618,0.8706479690295825,3.0000000000336935,2.133350000027984e-05,206.00000000030323,0.0014648990000025186,46.00000000090972,0.0003271130000075557,17916.000000493237,0.12740357300409658,1.000000000438014,7.1111600036379425e-06,18.000000000033694,0.00012800100000027984
WŁOSZCZOWSKI,82480.0,0.909141012,0.0,0.0,495.0,0.005456169,42.0,0.000462948,7706.0,0.084939872,0.0,0.0,0.0,0.0
ZAWIERCIAŃSKI,218845.0724959044,0.566322334544217,53.89123413144547,0.00013945868414907888,849.1155426564336,0.0021973217478652176,626.9785044073046,0.0016224810408495697,33149.681092562314,0.08578399616894647,405.4986763305105,0.0010493405365497512,36.80376965074325,9.524026933405552e-05
CZĘSTOCHOWA (MIASTO),5045.078385239363,0.02147828953284693,0.8473175778649605,3.607255218918219e-06,31.824251380398668,0.00013548461035539853,21.98041481402633,9.35766816918813e-05,751.7949815133019,0.003200598505134335,1.3955818929540527,5.941365934883872e-06,0.8473175778649605,3.607255218918219e-06
SOSNOWIEC,7144.544888246232,0.018488491855092052,1.759364910271422,4.552850185728966e-06,27.720725171593624,7.17350575112287e-05,20.468708834133373,5.296846986077403e-05,1082.223976513299,0.0028005547684133983,13.238148166310578,3.4257388027671444e-05,1.2015174996975564,3.109269821181627e-06
RADOM (MIASTO),2884.1210525691,0.014909718574739037,0.18053174837841846,9.332751210995883e-07,27.242240830303345,0.000140831174071094,4.549400059136145,2.3518520775550736e-05,575.5352138303981,0.002975280125636586,0.05415952451352554,2.7998307792512164e-07,0.5054888954595717,2.6131609514279314e-06
BIALSKI (BIAŁA KRAKOWSKA),98532.73680400454,1.3647701547646638,113.7111117613005,0.0017668922635713088,1770.2312321098655,0.022313091399501845,24.798999045859496,0.0003319959502517126,5325.651286302902,0.0853368989288197,3.474874880732437,4.612153316584803e-05,21.123123210986556,0.00030972523492516077
BOCHEŃSKI,102445.0,0.945282584,47.0,0.000433679,193.0,0.001780854,5.0,4.61361e-05,5669.0,0.052309112,15.0,0.000138408,1.0,9.22722e-06
BRZESKI (BRZESKO),91627.0,0.952493321,56.0,0.000582139,16.0,0.000166325,15.0,0.00015593,4464.0,0.046404774,5.0,5.19767e-05,14.0,0.000145535
CHRZANOWSKI,105655.0,0.905603936,131.0,0.001122844,172.0,0.001474269,22.0,0.000188569,10652.0,0.091301814,7.0,5.99993e-05,29.0,0.000248569
DĄBROWSKI,58858.0,0.923740917,28.0,0.000439443,12.0,0.000188333,1.0,1.56944e-05,4815.0,0.07556853,1.0,1.56944e-05,2.0,3.13888e-05
GORLICKI,67491.50384340844,0.9397583379597669,20210.955711069608,0.274873383839428,28.14857208632654,0.0003678758466656995,22.861429064744904,0.0002983176493564257,5235.570410932504,0.0716745609400386,2.1485720863265376,3.4922746665699486e-05,9.722858129489806,0.00013562235614145572
JASIELSKI,91510.74627673373,1.2435163668378573,6857.178502250764,0.08056637864732959,22.405100064307547,0.0002666095385679888,39.810200128615094,0.00047457107713597775,5991.563265977774,0.08009481192696827,2.405100064307545,3.2014138567988866e-05,12.405100064307545,0.00014931253856798887
KRAKOWSKI,130270.02790376672,2.346032723277064,96.29428884619537,0.00178635188966643,144.24016970257313,0.002576954550325175,85.6071161393355,0.001513413920075525,2708.1525501398864,0.04956184286628035,4.0,7.04677e-05,12.401779034833876,0.00023728020992992948
KRAKÓW (MIASTO),136241.0,0.741625205,810.0,0.004409219,743.0,0.004044506,586.0,0.003189879,45229.0,0.246203172,22.0,0.000119757,75.0,0.000408261
LIMANOWSKI,75350.0,0.964467655,18.0,0.000230397,32.0,0.000409595,2.0,2.55997e-05,2710.0,0.034687556,11.0,0.000140798,3.0,3.83995e-05
MIELECKI,65841.0,0.903912685,59.0,0.000809995,717.0,0.009843493,9.0,0.000123558,6205.0,0.085186711,5.0,6.86436e-05,4.0,5.49149e-05
MYŚLENICKI,100709.14650210606,1.2793297529410341,47.486092247232435,0.0006476268137402003,87.98142058304002,0.001272970404111426,3.8062986217539496,5.107374841175003e-05,2809.9680101667627,0.037028781170692616,1.4108029608218735,1.5894380555141186e-05,3.467121511340334,4.259162101155633e-05
NOWOSĄDECKI,121240.6672750101,1.1759388606534833,20441.541865607822,0.20925097629755124,1417.1050031682546,0.010859238835757753,37.578752376190984,0.0003056464031308544,14952.100729367092,0.1295883008633437,10.105003168254648,0.0001016996357577531,22.15750475238197,0.00020606991151186726
NOWOTARSKI,96892.47947299862,1.9053642939730642,1939.1094036703719,0.02495464741618998,84.81409262187775,0.001412227912931196,42.049574981402785,0.0005358517156062584,3511.542072983883,0.05285521199046847,8.052186781670363,0.00010254800353839222,48.980915537454734,0.0007145640553254029
TARNOWSKI,98135.82888158146,0.9818547453867496,1731.5024233225713,0.03219854586302074,39.746424745418814,0.00037426811757654743,403.5598185590641,0.00372969284751272,17718.328859700403,0.1681823001966177,11.746424745418814,0.00011588211757654742,15.119637118128221,0.00015075273234667704
WADOWICKI,134471.15988563636,1.7244630347126526,135.92549831212165,0.002003677220358776,147.58044645434066,0.002298169103817205,71.77252338998024,0.0008430749070679591,6429.105406149476,0.09777044786519255,2.0880145624266975,2.7678032841656594e-05,15.052920098645432,0.00023506310593583474
ŻYWIECKI,106729.44943148774,0.971621015331521,60.47360516277801,0.0005505263964733043,212.1526385283029,0.0019313466293131524,3.965487821668025,3.6100158586794816e-05,1887.5806742570892,0.017183764178546307,2.9741208143486295,2.7075149898961967e-05,2.9741406067390717,2.7075372872115732e-05
DĘBICKI,97388.25372326627,1.4942179391621426,80.82149774923592,0.001229995352670422,0.5948999356924548,1.2562561432011139e-05,3.18979987138491,5.146862286402228e-05,6612.436734022226,0.09929698607303172,3.594899935692455,5.2077861432011135e-05,2.594899935692455,3.890606143201114e-05
BIALSKI (BIAŁA PODLASKA),65451.323491247334,1.059324037593692,1003.1858332413398,0.016761419869657585,231.25692203443538,0.003877850302742042,11660.07712083945,0.19288697816467934,15356.537246304586,0.2525650197383621,0.999999999992308,1.6801099999870767e-05,15.525692203501997,0.0002600967302751864
BIŁGORAJSKI,65889.0,0.723927661,17.0,0.00018678,10.0,0.000109871,15883.0,0.174507779,9056.0,0.099498989,160.0,0.001757933,1.0,1.09871e-05
CHEŁMSKI,68770.0,0.566124717,401.0,0.003301091,7476.0,0.061543527,24701.0,0.203342251,19912.0,0.163918502,201.0,0.001654661,14.0,0.00011525
GARWOLIŃSKI,117391.0,0.852036261,9.0,6.53229e-05,1273.0,0.009239568,126.0,0.000914521,17772.0,0.128991051,1202.0,0.008724243,4.0,2.90324e-05
HRUBIESZOWSKI,50789.05340146848,0.4892232208188363,394.30570870962333,0.0037980009246667626,272.75044900524716,0.002626638450541723,38470.32624059735,0.37051948720703887,13975.085687755349,0.1346066076397844,2.9970402157541134,2.8861796981733688e-05,0.9990134052513712,9.620608984045283e-06
JANOWSKI,117368.0,0.892518745,12.0,9.12534e-05,15.0,0.000114067,697.0,0.0053003,13407.0,0.101952822,0.0,0.0,3.0,2.28133e-05
KRASNOSTAWSKI,102016.0,0.871335839,350.0,0.002989409,61.0,0.000521011,4149.0,0.035437308,10493.0,0.08962248,4.0,3.41647e-05,7.0,5.97882e-05
LUBARTOWSKI,83732.0,0.87000613,14.0,0.000145465,1215.0,0.012624295,1197.0,0.012437268,9669.0,0.100464449,416.0,0.004322392,0.0,0.0
LUBELSKI,128303.00023143808,0.9171050774876124,47.00000024415598,0.00033595400259934903,668.0000025253913,0.0047748390269373555,910.0000021618026,0.0065046460231546425,9608.000161668173,0.06867762871508346,361.00000116693235,0.002580415012461992,3.0000001128820477,2.144390119648121e-05
ŁUKOWSKI,107604.0,0.872891874,22.0,0.000178466,411.0,0.003334063,932.0,0.007560455,14185.0,0.115069804,114.0,0.000924777,5.0,4.05604e-05
PUŁAWSKI,129281.0,0.867535448,8.0,5.36837e-05,67.0,0.000449601,206.0,0.001382356,19296.0,0.129485106,153.0,0.001026701,10.0,6.71046e-05
RADZYŃSKI,70976.0,0.803068533,19.0,0.000214978,757.0,0.008565189,1862.0,0.021067877,14765.0,0.167060794,0.0,0.0,2.0,2.26293e-05
SIEDLECKI,101656.98171212606,1.1651974998636239,82.73765947672518,0.0011470371159626551,536.0439789081316,0.005468853478265482,2751.2100586381553,0.03786627416180323,22195.465111332283,0.24333181925034025,1769.3416494862404,0.01796960923112891,13.432866355998804,0.00013889898726652692
SOKOŁOWSKI,67467.69479626753,0.8860828175367552,11.076507274552242,0.00014536401425595879,131.69909905568105,0.0017260062189630612,422.71282044349823,0.005548128672199629,8353.997642264489,0.10962759900965435,5.658350513759536,5.7466768871088564e-05,0.04144144038246421,4.2088245632741287e-07
TOMASZOWSKI,57764.891713959834,0.6224061432588908,385.3055729594169,0.0041515966763691165,10.980210628377165,0.00011830977311883154,22348.721432612398,0.24080338580344193,12132.134543390552,0.1307215307042853,0.0,0.0,0.0,0.0
WĘGROWSKI,68984.99999779549,0.8334340119733665,3.9999999998721747,4.832549999845569e-05,1284.999999958936,0.015524573999503891,184.99999999408809,0.002235054999928576,9324.999999702008,0.11265886999639983,2987.9999999045144,0.036099163998846405,0.0,0.0
WŁODAWSKI,40881.0,0.532873641,133.0,0.001733622,2017.0,0.026291092,20104.0,0.262050627,13562.0,0.176777288,17.0,0.000221591,4.0,5.2139e-05
ZAMOJSKI,119819.05488457168,0.8402943949222729,126.38871833095976,0.0008872473989641219,34.269340366375665,0.0002409997763394454,5478.952326790253,0.03851741998951921,17238.7797688541,0.12091326965593029,0.0029597842458864636,2.850301826631123e-08,19.00098659474863,0.00013323650101595473
LUBLIN (MIASTO),55609.99976856192,0.5890141055123876,56.99999975584402,0.000603736997400651,592.9999974746088,0.0062809809730626455,513.9999978381974,0.0054442229768453575,37336.99983833183,0.39546879428491655,274.99999883306765,0.002912764987538008,25.99999988711795,0.0002753889988035188
BÓBRECKI,17545.0,0.210672302,58643.0,0.704158211,130.0,0.00156098,27.0,0.000324204,6917.0,0.083056159,12.0,0.00014409,7.0,8.40528e-05
BRZOZOWSKI,62561.0,0.790840254,11890.0,0.150302754,4.0,5.05644e-05,7.0,8.84877e-05,4643.0,0.058692657,2.0,2.52822e-05,0.0,0.0
DOBROMILSKI,20609.64245702219,0.30495884718500704,57541.809342769484,0.872494914553906,472.60801753580364,0.006761287275371333,7.608017535803627,0.00011121027537133296,7936.284365583169,0.1195856003063842,3.608017535803625,5.400497537133294e-05,3.0000000000000004,4.290370000000001e-05
DROHOBYCKI,40059.93003286224,0.2505539833790382,98834.82000220226,0.6148417953989004,2255.7689530755943,0.013866948926158513,95.03562780713008,0.0005856192479794927,26709.671678449122,0.16495330105618258,13.270163775773065,8.219859947291115e-05,23.270163775773067,0.00014344949947291114
GRÓDECKI,18363.000011641267,0.25413103014401983,48571.00006524106,0.6721885478071291,762.0000003234823,0.010545545004001958,22.000000015355173,0.000304465000189966,4449.000005507389,0.06157103706813461,89.00000001637885,0.001231698000202631,2.0,2.76786e-05
JAROSŁAWSKI,74973.00012476898,0.5443594955333914,50439.000180833966,0.3662244902224212,104.00000065854516,0.0007551170080934188,26.00000015197196,0.00018877900186771006,12181.000037051608,0.08844307945535847,2.532866017473135e-08,3.112854342484221e-13,4.0,2.9043e-05
JAWOROWSKI,10994.553841102941,0.13601887646318908,61609.11288609818,0.7621963783220794,305.470691954013,0.0037791269804636116,14.50195350449888,0.00017941025325138936,5201.112465519214,0.06434547229482557,15.466753451411131,0.00019134691012945797,0.0,0.0
KOLBUSZOWSKI,62122.0,0.926060642,28.0,0.0004174,92.0,0.001371456,0.0,0.0,4840.0,0.072150502,0.0,0.0,0.0,0.0
KROŚNIEŃSKI,85077.41228474208,1.1595992247873623,12793.345620551947,0.16400049754500878,38.0,0.000469437,45.26490613108341,0.000733552575745577,6316.031634844796,0.08565277697272669,1.0,1.23536e-05,17.0,0.000210011
LESKI,15265.0,0.164891549,66395.0,0.717194521,608.0,0.006567577,14.0,0.000151227,10294.0,0.111195126,0.0,0.0,0.0,0.0
LWOWSKI,70029.0,0.468261663,65084.0,0.43519602,2653.0,0.017739768,99.0,0.000661982,11567.0,0.077344852,106.0,0.000708788,13.0,8.69269e-05
LWÓW (MIASTO),111860.0,0.509872919,27269.0,0.124295768,2670.0,0.012170219,580.0,0.002643718,76854.0,0.350310865,77.0,0.000350976,78.0,0.000355534
ŁAŃCUCKI,77934.0,0.874268022,4612.0,0.051737677,106.0,0.001189114,38.0,0.000426286,6451.0,0.072367683,0.0,0.0,1.0,1.12181e-05
MOŚCISKI,28475.0,0.338681669,49832.0,0.592701841,46.0,0.000547124,17.0,0.000202198,5684.0,0.0676055,19.0,0.000225986,3.0,3.5682e-05
NIŻAŃSKI,56049.0,0.919967173,877.0,0.014394748,61.0,0.001001231,1.0,1.64136e-05,3936.0,0.064604021,1.0,1.64136e-05,0.0,0.0
PRZEMYSKI,54962.0,0.374921553,68935.0,0.470237933,156.0,0.001064149,83.0,0.000566182,22427.0,0.152985075,15.0,0.000102322,18.0,0.000122786
PRZEWORSKI,51007.0,0.885107934,2958.0,0.051329215,5.0,8.67634e-05,7.0,0.000121469,3650.0,0.063337267,0.0,0.0,1.0,1.73527e-05
RAWSKI (RAWA RUSKA),17648.0,0.1655426,75253.0,0.705891733,513.0,0.004812067,27.0,0.000253267,13161.0,0.123453432,3.0,2.81407e-05,2.0,1.87605e-05
RUDECKI,21309.0,0.290064386,46696.0,0.63563971,249.0,0.003389461,16.0,0.000217797,5183.0,0.070552523,4.0,5.44492e-05,6.0,8.16738e-05
RZESZOWSKI,154493.58771525792,1.4013336422126377,3226.654379448052,0.03992688245499123,27.0,0.000190063,73.7350938689166,0.001022942424254423,17723.968365155204,0.14680638102727328,0.0,0.0,6.0,4.22363e-05
SAMBORSKI,38273.427510115565,0.41607333243595473,87809.37065502825,1.0867018250471938,314.62302938860205,0.0030080000984701537,23.356354657066284,0.00023455977664917435,11977.043955967709,0.1448116856374332,7.121818688423309,7.997452515575592e-05,5.729836224226933,5.455950052708886e-05
SANOCKI,41558.0,0.406765394,51285.0,0.501972261,26.0,0.000254485,20.0,0.000195758,9268.0,0.090714223,0.0,0.0,10.0,9.7879e-05
SOKALSKI,21193.971433007704,0.2132791074469302,64165.28922658647,0.6457079383322972,252.99422879023334,0.0025459305310276455,126.0010472798417,0.0012679733421328107,12851.114688313304,0.12932329705078466,0.9921342305499347,9.984045188870103e-06,0.0,0.0
TARNOBRZESKI,65240.0,0.912549656,105.0,0.001468696,25.0,0.000349689,17.0,0.000237789,6105.0,0.08539417,0.0,0.0,0.0,0.0
ŻÓŁKIEWSKI,16457.99999989503,0.18173385899884087,65885.99999957977,0.7275317189953597,357.99999999771666,0.0039531369999747865,31.9999999997959,0.00035335299999774626,7822.999999950104,0.08638376299944904,2.9999999999808655,3.312679999978872e-05,0.9999999999936219,1.104229999992957e-05
LUBACZOWSKI,29933.44602248681,0.36790833885939983,44959.8868678268,0.5527235246483702,166.52930706395955,0.002047480007441011,36.498046328173984,0.00044859574469093455,8955.887491921789,0.11008110718168135,6.533246506881358,8.033618935662563e-05,0.0,0.0
TURCZAŃSKI,4432.0,0.057825038,62559.0,0.816217627,38.0,0.000495792,8.0,0.000104377,9608.0,0.125357166,0.0,0.0,0.0,0.0
BRZEZIŃSKI,81652.0,0.65046324,23.0,0.000183225,14688.0,0.117008819,205.0,0.001633089,21820.0,0.173824375,7130.0,0.056799624,11.0,8.76292e-05
ŁASKI,119131.0,0.797374903,14.0,9.37057e-05,14064.0,0.094134026,143.0,0.000957136,15453.0,0.103430966,574.0,0.003841932,25.0,0.000167332
ŁĘCZYCKI,101261.0,0.827147081,4.0,3.26739e-05,6328.0,0.051690056,106.0,0.000865857,12892.0,0.10530787,1802.0,0.014719577,29.0,0.000236886
ŁÓDZKI,75689.0,0.690378897,9.0,8.20913e-05,22150.0,0.202035865,142.0,0.001295219,9517.0,0.086807012,2099.0,0.019145521,28.0,0.000255395
ŁÓDŹ (MIASTO),241842.0,0.535079451,104.0,0.000230102,48988.0,0.108386766,1741.0,0.003851991,156155.0,0.345495537,2166.0,0.004792311,978.0,0.002163841
PIOTRKOWSKI,163294.0000116054,0.8277061100683286,9.00000000113757,4.561930000669761e-05,11678.00000025982,0.05919355200152974,353.00000000765965,0.0017892900000450972,21776.000001000986,0.11037838700589345,115.0000000050053,0.0005829130000294695,60.00000000083422,0.0003041290000049116
RADOMSZCZAŃSKI,153028.9999883946,0.9009814719316713,14.99999999886243,8.831479999330238e-05,3425.999999740179,0.020171094998470265,100.99999999234036,0.0005946529999549027,13198.999998999014,0.07771111599410654,65.9999999949947,0.00038858499997053046,10.999999999165782,6.476419999508842e-05
SIERADZKI,134492.5930123465,0.8660043011605926,12.126705736986983,7.791969427842683e-05,5548.338309540274,0.03571871153602355,101.51904483883558,0.000649962632953176,15926.564990659344,0.10245788107291592,239.91485787989552,0.001543977387069386,41.16267014835075,0.0002646015644885238
WIELUŃSKI,163895.0,0.903694841,14.0,7.71941e-05,2159.0,0.011904434,161.0,0.000887732,15112.0,0.083325522,9.0,4.96248e-05,11.0,6.06525e-05
POŁUDNIOWO-WARSZAWSKI,44872.701966751236,0.2470623645117018,11.044743173211168,6.08105648722672e-05,2137.6055638747343,0.011769335638635692,440.8942072116999,0.00242749723644858,6501.473143582142,0.035796135609085164,219.99934374747653,0.0012112832524440859,32.53721637513561,0.00017914513725634065
PÓŁNOCNO-WARSZAWSKI,43324.87655935129,0.23854027004797043,10.663769143290477,5.8712983643096286e-05,2063.8716441919755,0.011363367735405886,425.686135801082,0.0023437638811058975,6277.213295699096,0.0345613945359149,212.41075293527246,0.0011695016143541802,31.414887476180052,0.00017296575908421781
PRASKO-WARSZAWSKI,49878.72402768663,0.27462477089607457,12.276900488441003,6.75946232406283e-05,2376.077956695298,0.013082328867642023,490.0805951737124,0.0026983100956235297,7226.78088211473,0.03978957118798327,244.5425854048924,0.001346414644537872,36.16708522270457,0.00019913066230627043
ŚRÓDMIEJSKO-WARSZAWSKI,12247.697446210848,0.06743398454425321,3.0145871950573517,1.6597828244008202e-05,583.4448352379918,0.0032123597583163964,120.33906181350564,0.0006625687868219917,1774.5326786040305,0.009770310667016672,60.04731791235861,0.0003306114886638613,8.880810925979766,4.889644135317105e-05
BARANOWICKI,31666.48274191193,0.30010989461421705,181.0959381149953,0.0017384517778392848,210.38101644857687,0.0020123751695848074,76971.30246122301,0.7263496641759135,13916.764450679799,0.13109180267682155,258.56352221490255,0.002481687992203268,169.74804460802352,0.0015931997801292136
BRASŁAWSKI,77924.7872785957,0.9632087322372879,4.234131108331439,5.4819300820732166e-05,67.01172250449773,0.0007211198930306825,38474.15829632748,0.24915112634519926,8366.837173538506,0.0860782384907281,9470.499136043618,0.11019061223165257,183.7450377917362,0.0019723875476899393
LIDZKI,75623.96068101941,0.392426207557766,0.02579534119388961,2.1752781306453875e-07,44.75149529583654,0.0002322189587763027,23119.355892926593,0.12025904307739751,9249.464853085678,0.04796681001808067,12.279683578689774,6.3632994761178e-05,103.58234011033953,0.0005414325319261317
NIEŚWIESKI,14988.423740230697,0.1314243706795065,0.7992547187239747,7.0081770831121125e-06,25.57615099916719,0.00022426208227204131,66316.56177668435,0.5814895902355816,9453.584813067173,0.08289273458808481,0.7992547187239747,7.0081770831121125e-06,366.0586611755804,0.003209745407782141
NOWOGRÓDZKI,66989.02914738964,0.5662748171948548,5.593815543928964,4.725668420641897e-05,46.56814028387896,0.00039773884716935254,52974.91116850455,0.45354732991923935,8383.28931687864,0.07152403203094816,5.91409930167423,5.1080245550840964e-05,390.855852693988,0.003327354949255656
SŁONIMSKI,16197.281899400989,0.13945021504342414,0.6814169919815308,5.86664596412515e-06,30.66376463916889,0.0002639993409524285,52326.692231253735,0.4505057399184163,10437.945483173089,0.08986530901762486,2.7256679679261233,2.346657022816076e-05,151.27457221989985,0.0013023957038592598
STOŁPECKI,36899.46760548555,0.41067956677515305,1.626543298823702,1.493267918518041e-05,67.96470245860317,0.0006765255536132975,99510.76869383908,1.00825283578215,11227.150772040226,0.11662463037720497,16.999464714257407,0.00017090214573698927,471.77621118267984,0.004489946673951235
WOŁOŻYŃSKI,13871.984714332735,0.1876113702608823,2.583011886144889e-11,2.1782108733878822e-16,5.014899924604144,6.782382114864373e-05,12436.180289695876,0.16819286302412992,2206.5559667756056,0.029842520652656086,1.1572845979663646,1.5651656968933237e-05,2.3145691975083666,3.1303352527306834e-05
SZCZUCZYŃSKI (WOJ. NOWOGRÓDZKIE),48646.97932130735,0.2524548006053758,0.13475566991111304,8.957280303028478e-07,30.854851431339004,0.0001631339279197411,15079.383313776758,0.07864040122507233,6127.900507265155,0.03205151157913121,8.022659423712723,4.178825505558236e-05,66.59241406018698,0.0003466601787873599
BRZESKI (BRZEŚĆ N.BUG.),17464.999958773482,0.14956368264980568,28.99999993833152,0.00024834499953247096,2149.999994882426,0.018411789956189435,73265.99982562655,0.6274224335073736,23839.999943333652,0.2041567825155293,6.9999999833401185,5.994539985739432e-05,15.999999962019423,0.00013701799967570825
DROHICKI,1636.582181794553,0.02589856575214315,0.9979159645088738,1.579182055516003e-05,27.941647006248466,0.0004421705763780949,54271.6597298151,0.8588375072574211,7103.165835374163,0.1124060934896057,19.958319290177474,0.0003158364111032005,0.0,0.0
KOBRYŃSKI,3938.598762851332,0.06171041841018447,34.01313381389451,0.0005293370946525835,79.94374480704691,0.0013053588022280465,61855.89031398503,0.9768741621042838,10403.658814618031,0.16205737761915404,3.4315211603858295,5.700807694223199e-05,6.000000026120732,9.30998001404149e-05
KOSZYRSKI,2584.763223711372,0.0335790004858895,4.709325883389679,7.323426607227777e-05,186.29657524308482,0.002969467471257604,59301.90260930868,0.8554426660154401,4693.9594066302725,0.04954596876855667,19.971898449383158,0.0002381918366577051,2.31187102113278,1.664778322317715e-05
ŁUNINIECKI,6243.424759093786,0.034778970851651804,5.313034769261839,2.9596183238547094e-05,243.80824936384872,0.0013581300088425087,89757.53995800768,0.49999406632437654,9692.307405851096,0.05399115686699666,14.168813434908555,7.892822713696703e-05,20.07142919403184,0.00011180762648467402
PIŃSKI,5628.873658030115,0.04056316890338448,3.8097568660208863,2.7452183804397996e-05,112.00393421132648,0.0008070473616424927,83732.88176688284,0.6039405123161896,16340.612192805234,0.11779718455793887,54.87216946945106,0.00039549546152401686,12.184553057695231,8.774096656846337e-05
PRUŻAŃSKI,9831.00000709213,0.15267187411004593,1.0000000658711754,1.5529601022099077e-05,32.00000007585166,0.0004969480011769622,45194.00010143762,0.7018464755739696,9281.00001995697,0.14413057330966486,49.0000000019961,0.0007609520000309726,5.000000011976577,7.764820018583616e-05
STOLIŃSKI,6720.965531537482,0.04071749760903391,5.402116118471314,3.243631355949834e-05,277.3983370693304,0.0016873695092799604,87179.54916833396,0.5209219954411934,10586.927153728107,0.06459861309426379,17.593504940258924,0.00011029739908879495,15.805731750850216,9.097004868180544e-05
IWACEWICKI,2738.0,0.056045688,0.0,0.0,31.0,0.000634557,40351.0,0.825967699,5715.0,0.116983604,1.0,2.04696e-05,17.0,0.000347983
BRODNICKI,51478.84591609457,0.8504188624248481,10.96571312520228,0.00018410340213154662,12279.932379945787,0.20596936674765973,16.57786853846011,0.0002845632273200998,148.21859035248235,0.0024786084714469047,9.62971476347028,0.00016055069436706165,1.4784431071895503,2.7168847083479314e-05
CHEŁMIŃSKI,32095.96658839261,0.6828301202840803,14.921886508107423,0.00031472391659405027,14110.995697122517,0.3005312405170505,14.098277331540299,0.000296744323122708,125.16201723869892,0.0026681508380181594,16.714442430575254,0.00035606085493052384,15.610169140670115,0.00033286666256541797
CHOJNICKI,65106.13985477283,0.9175459300530068,25.733294127121585,0.0003624893676087353,5221.8863580094985,0.07362671574723953,8.125949320980762,0.00011487530363434461,159.93838797709168,0.0022560401380795725,4.984248712097966,7.028126171470702e-05,10.928160477841365,0.00015402265617359942
GRUDZIĄDZ (MIASTO),25997.0,0.775659387,65.0,0.001939372,6907.0,0.206080678,105.0,0.003132832,297.0,0.008861439,128.0,0.003819071,17.0,0.00050722
GRUDZIĄDZKI,25954.7149063612,0.5964544393270669,7.915436080012565,0.00018190166826623875,16939.033211226888,0.38926883197533646,53.42919354008482,0.001227833539865959,60.35520011009581,0.0013869971285628518,3.9577180400062826,9.095063624721738e-05,35.619462360056545,0.0008185560230538094
KARTUSKI,56652.357395872445,0.8765508412754994,8.802265283778196,0.00013619256058852017,6487.269514144531,0.10037396116506576,7.824235807802841,0.00012106048853622948,45.96738537084169,0.0007112279250766581,7.824235807802841,0.00012106048853622948,0.9780294759753552,1.5132561067028685e-05
KOŚCIERSKI,38373.76612890839,0.7626785433563067,5.969712183348346,0.00011864877763094462,10993.120409910598,0.21948494894815568,10.757650376498773,0.00021463227725536507,60.67618316114403,0.001210399363635222,4.023726626576276,7.977884903955468e-05,8.679885544410661,0.00017372322559596642
LUBAWSKI,52759.0,0.901940337,3.0,5.12864e-05,5587.0,0.095512437,44.0,0.000752201,92.0,0.001572784,8.0,0.000136764,2.0,3.4191e-05
SĘPOLEŃSKI,14986.0,0.537595064,14.0,0.000502224,12553.0,0.450315684,15.0,0.000538097,273.0,0.009793371,16.0,0.00057397,19.0,0.00068159
STAROGARDZKI,62649.02324859246,1.1278635536968493,11.083611277105527,0.000195565248849806,7221.157730362903,0.12727129173897622,44.18978603391585,0.0008978930136753441,297.12560402502965,0.004894168638233456,8.20617440377624,0.00015479027487532774,13.778146049037549,0.0002944256404389845
ŚWIECKI,61588.45561818781,0.8309653821630396,42.91306303280432,0.0005330469051873018,23640.30063922624,0.2925845197320567,41.024109059724175,0.000717686454273105,315.5525109187801,0.0039218264857439206,10.459936267110223,0.00014204683641631777,14.836598391116523,0.00022976983015885724
TCZEWSKI,47150.92220620508,1.4661761854591662,20.987127817236082,0.0006047187472231199,6406.179607497656,0.1908069137376615,24.88415035512474,0.0008542863745118355,114.90989472065257,0.0033377762176896564,5.31187969539347,0.00017788819949717953,11.598015025259103,0.000418169118192477
TORUŃ (MIASTO),34443.593837964225,0.8680276392795753,42.246277279704636,0.0010631310963490092,5486.434413844452,0.13737721001497064,107.36886193016738,0.0027141506578622823,355.55273890586153,0.009008150989916803,77.28603085107976,0.0019584392897668613,11.163446200617,0.0002820547282535885
TORUŃSKI,40084.43957364317,0.7479815224363444,58.831836212187945,0.0010944629870569406,12845.569889033031,0.24009805946797885,64.53286073829231,0.0012002850190150098,77.28524385543956,0.0014487351720650372,13.999526718344995,0.00026180585530261497,8.226384658712885,0.0001544436091809935
TUCHOLSKI,30003.335547461007,0.8371447479961323,17.510926278605943,0.00048786839291157234,5165.085740848576,0.1403840919308446,300.19411904595285,0.008702830088113778,139.83003382646032,0.003914846231541516,2.189798487242985,5.90078899206838e-05,5.201165036359449,0.00014419216837308673
WĄBRZESKI,28414.439177544227,0.6032789632480849,17.118850794785153,0.0003634579296022147,16105.034408827323,0.34193279027700385,38.99293792145507,0.000827875232813941,205.42620953742184,0.004361490399990243,11.412567196523437,0.00024230496938572094,1.902094532753906,4.038412986271128e-05
MORSKI,60595.89159444467,1.6878786942192086,8.51494622702859,0.00023239267758009007,7171.371744338412,0.21179384731214793,112.25799501335351,0.0032449988485392595,98.40897029094353,0.00268993543936714,11.479586643556484,0.00035037015145540596,1.9062463846195048,5.614445884179832e-05
GDYNIA (MIASTO),3329.1084055553297,0.08414987678079144,0.48505377297140995,1.2092322419909922e-05,350.6282556615882,0.009286121687852077,5.7420049866464895,0.0001492931514607401,5.591029709056476,0.00013952356063286027,0.5204133564435169,1.4230848544594078e-05,0.09375361538049523,2.4769411582016823e-06
BYDGOSKI,31875.22052372506,0.6057624573400429,77.96629561449261,0.0014816854758083124,20387.186735297324,0.38744178512311367,43.98098726971378,0.0008358226786167807,181.92135643381607,0.003457266443408693,7.99654313994796,0.00015196730539946353,22.990061527350385,0.0004369071275373367
BYDGOSZCZ (MIASTO),63873.77947627494,0.7288996366599572,87.03370438550739,0.0009933035241916877,22591.81326470268,0.2578378108768864,110.01901273028622,0.0012554533213832194,745.0786435661839,0.008501888556591307,219.00345686005204,0.0024988386946005366,39.009938472649615,0.00044517587246266333
INOWROCŁAWSKI,59646.70003989392,0.7911227542515756,34.74340174480909,0.00046081814394778245,12710.29447164266,0.16858272435855234,77.2075594329091,0.0010240405343494039,286.633064394675,0.0038017513764845683,4.825472464556818,6.400255752420007e-05,2.8952834787340906,3.840149591074032e-05
INOWROCŁAW (MIASTO),2157.29996010608,0.0286133027484243,1.256598255190908,1.6666856052217522e-05,459.70552835734054,0.00609729464144763,2.7924405670909067,3.703746565059607e-05,10.366935605324992,0.00013750162351543196,0.17452753544318167,2.3148424757999314e-06,0.10471652126590901,1.3889040892596752e-06
SZUBIŃSKI,31700.0,0.687799692,19.0,0.000412246,14070.0,0.305278917,17.0,0.000368852,264.0,0.005728048,9.0,0.000195274,10.0,0.000216972
WYRZYSKI,41697.0,0.666821257,53.0,0.00084758,20516.0,0.328093266,18.0,0.000287857,236.0,0.003774128,10.0,0.000159921,1.0,1.59921e-05
LIPNOWSKI,72798.9999995267,0.7792823649949335,37.999999999752944,0.00040677399999735535,15629.999999898382,0.16731250899891223,127.99999999916781,0.0013701859999910918,4794.999999968825,0.051328437999666285,24.999999999837463,0.00026761399999826013,2.9999999999804956,3.2113699999791214e-05
NIESZAWSKI,88422.0,0.866992852,18.0,0.000176493,8846.0,0.086736545,343.0,0.003363174,4272.0,0.041887692,77.0,0.000754998,9.0,8.82465e-05
RYPIŃSKI,63579.56201994178,0.8113777696047171,0.0,0.0,8288.561706065138,0.10577541735592191,131.40764178169786,0.0016769739350215552,5208.880356940685,0.06647371553941811,198.5935037452727,0.0025343732286613884,14.820410727259157,0.00018913215353699044
WŁOCŁAWSKI,102342.0,0.819910111,16.0,0.000128184,7501.0,0.060094055,261.0,0.002090994,14669.0,0.117520289,3.0,2.40344e-05,29.0,0.000232333
CHODZIESKI,23504.0,0.563077955,24.0,0.00057496,17940.0,0.429782952,16.0,0.000383307,222.0,0.005318384,16.0,0.000383307,20.0,0.000479134
CZARNKOWSKI,26920.0,0.756477266,12.000000000000002,0.000337211,8210.0,0.230708706,3.0000000000000004,8.43028e-05,425.0,0.011942899,2.0,5.62019e-05,14.0,0.000393413
GNIEŹNIEŃSKI,71059.24920861762,1.6431196227786518,45.16016342682893,0.0009583066513471163,13354.879494722796,0.2857984800838561,87.45128270857596,0.0023094644816940213,523.5100455852335,0.01014825380013112,11.877257325761477,0.000224966827212287,12.06943575431552,0.0002430768647058576
GOSTYŃSKI,51098.018404400806,1.0852826795431179,12.53501459063071,0.00026619817476087487,3909.4063365714137,0.08394924906962671,11.40906340538372,0.000237258723145578,81.34724680361172,0.0019020640902592772,15.328442012804217,0.00031710644154310784,0.051418202964824786,9.817872772113256e-07
JAROCIŃSKI,81252.70683360589,1.7268461055353446,8.808784154725345,0.0002071126899142258,4462.505320564165,0.09523725291453905,51.14913153908953,0.0009730947055785789,300.25985170687716,0.00627027169677783,9.149131539089533,0.00020049570557857893,5.0,9.1976e-05
KĘPIŃSKI,79959.0,1.717064718,11.0,0.0002446237,12165.0,0.269229135,8.0,0.000151889,595.0,0.013025941,14.0,0.0002836946,0.0,0.0
KOŚCIAŃSKI,77760.2310230083,1.7961338176570556,19.58027136143462,0.0004717520679499447,5479.94784710095,0.135052023566661,23.77210116219677,0.0005116136694090019,86.58241606600996,0.0018717961856043498,5.898260527993317,0.00014434048600559996,1.942744888727336,4.571221069208353e-05
KROTOSZYŃSKI,66711.32193613573,1.6670466491732858,20.191935720246494,0.0004963121521710341,9516.888699047475,0.2304200310121782,7.75781340817992,0.00019603959904898878,343.0252322584335,0.008680562849076718,9.721252727300937,0.0002341609090997816,0.45316753455868336,1.0485843582153373e-05
LESZCZYŃSKI,46234.07317978287,0.851855818437187,10.155000223206736,0.00018700762146962695,8762.092547654638,0.16113485693782678,33.40687558591768,0.0006149703789358923,300.45312709256314,0.005526033039949575,3.038750055801684,5.594265439865534e-05,0.019375027900841946,3.988271993276711e-07
MIĘDZYCHODZKI,22845.0,0.75818924,20.0,0.000663768,7169.0,0.237927716,5.0,0.000165942,74.0,0.002455942,14.0,0.000464638,4.0,0.000132754
MOGILEŃSKI,73859.00000041634,1.6749078520137641,87.00000000017153,0.0018482700000056705,14550.000000053311,0.3163046910017625,29.000000000826414,0.0006575240000273213,266.00000000095116,0.005863441000031446,15.000000000015593,0.00031596900000051547,5.000000000031186,0.000102254000001031
NOWOTOMYSKI,66417.0,1.585033912,29.0,0.000616612,19281.0,0.40687482799999997,7.0,0.00017986979999999998,296.0,0.006964274,9.0,0.0002113925,6.0,0.000119111
OBORNICKI,41648.525744295686,0.7637880739332574,32.66234103225965,0.0005955711136571874,14922.021399238534,0.27130195670951834,10.978214057743356,0.00020317890138604392,567.1848584356247,0.01028925750437174,3.293361086590814,6.0951576976559784e-05,7.960696742513099,0.00014435722802157372
OSTROWSKI (OSTRÓW WIELKOPOLSKI),82707.48703683543,1.8245905892813843,32.73804831071597,0.0007020800665036209,11930.5587699478,0.27189534249733593,110.46243914557445,0.002312959428493861,253.17954623587607,0.0054880604027431,10.656653803242461,0.00023261945498381916,9.546832465441316,0.00021381965641784664
POZNAŃ (MIASTO),158059.0,0.932930788,71.0,0.000419072,8882.0,0.052425305,146.0,0.000861753,2088.0,0.012324255,144.0,0.000849949,32.0,0.000188877
RAWICKI,40281.87759151202,0.8232716785097759,16.172345405236328,0.0003305262716064674,9212.4583034746,0.1882821432278842,14.157922764995426,0.0002893565183905912,209.47231475839183,0.004281147668701164,10.261994145568236,0.00020973245103163345,1.995434545804528,4.078229216024378e-05
SZAMOTULSKI,56992.0,0.862783093,29.0,0.000439021,8293.0,0.125544992,14.0,0.000211941,691.0,0.010460821,11.0,0.000166525,26.0,0.000393605
ŚREDZKI,46393.00000119073,0.9313619210289688,16.000000000346738,0.00032120800000843565,3281.0000000970554,0.0658676620023612,20.000000000914127,0.00040151000002223937,99.00000000658802,0.001987473000160277,3.0,6.02265e-05,3.152167290253724e-11,7.668750192093772e-16
ŚREMSKI,53266.28399435551,0.9303453698597537,32.8186002333402,0.0005713735556176088,4584.142175681565,0.0798622167751212,56.88465298765737,0.0009909934769820848,195.68026507443588,0.0034092100668278967,8.945515188114891,0.00015572579735784742,2.991027334909332,5.209778267730564e-05
WĄGROWIECKI,41643.70668200877,0.7658592145295878,26.002518559302132,0.00047820565998670184,12323.123555428901,0.2266313891588296,22.99853796713278,0.00042296159376505044,357.0607062665174,0.006566603949244192,4.999848667848672,9.195106140186257e-05,0.00161243302201812,2.923925676896899e-08
WOLSZTYŃSKI,36496.0,0.750005138,9.0,0.000184953,12041.0,0.24744662,13.0,0.000267154,88.0,0.00180843,13.0,0.000267154,1.0,2.05503e-05
WRZESIŃSKI,39550.70058307868,0.9777150420585925,11.731534639815186,0.0002917985351953176,3306.374266695092,0.08242455370368712,32.524666901684235,0.0008220526207839607,213.05669208885536,0.00521877737352138,0.06650314910562952,2.198594109432112e-06,1.1330062981797373,2.8725694868412257e-05
ŻNIŃSKI,32311.999998878244,0.7868884399722365,15.999999999462606,0.0003896449999865721,8426.99999970484,0.20522124499271313,27.999999999025516,0.0006818789999758985,273.9999999906121,0.006672673999766772,0.9999999999793169,2.4352799999389196e-05,4.999999999830691,0.0001217639999957795
POZNAŃSKI,82994.82670081143,1.7194037537738036,35.547772604139844,0.0007317255956180008,9565.688048510481,0.19475165280660747,48.07206065804632,0.0009853434632595822,112.08933094388925,0.0022294356948121814,12.481700915892619,0.0002579035552334159,13.579420968824387,0.00026389858727336214
GNIEZNO (MIASTO),1171.991081065975,0.020775538914232734,0.8956697381369854,1.5867444201594465e-05,259.91323550638623,0.0046047875394914515,0.9752377070564263,1.7319939101305168e-05,12.098366685529186,0.00021423967802098475,0.28132885489060844,4.981385067514177e-06,0.25582780294497864,4.530985870276027e-06
KALISKI,147544.15030992834,0.822721176678527,29.602876591067467,0.00016428680478376912,10457.689592993114,0.05821837520748308,899.1881972425522,0.0049893869511616696,20059.2621310613,0.11151686068328726,67.10473446920761,0.00037477770615857293,53.2965325235466,0.0002956603337660643
KOLSKI,95727.0,0.828747792,1.0,8.65741e-06,9103.0,0.078808394,69.0,0.000597361,10501.0,0.090911452,104.0,0.000900371,3.0,2.59722e-05
KONIŃSKI,164313.0,1.710904417,29.0,0.0003096313,17900.0,0.187931366,469.0,0.004975474,9190.0,0.095673181,12.0,0.000123153,8.0,8.277870000000001e-05
TURECKI,92247.25667772516,0.8968437351608806,2.270417671945554,2.095340093780408e-05,4678.9720974666125,0.04536126725649338,64.29275791861238,0.0005906924158851543,5372.172878279357,0.05173514724379684,45.98040765089687,0.000447326906772041,0.540797328102644,2.9991017454119004e-06
DOLIŃSKI,11252.827780988611,0.11094509157552615,75073.84254399785,0.7401761126172316,2008.6066049398396,0.019803470921960557,17.365474970661438,0.000171212006227408,9496.020563123364,0.09362418799062275,0.0,0.0,2.894245828443573,2.853523789637372e-05
HORODEŃSKI,11987.0,0.143265209,64490.0,0.770766105,22.0,0.000262938,23.0,0.000274889,7148.0,0.085430859,0.0,0.0,0.0,0.0
KAŁUSKI,9332.643015042007,0.10621207994720923,69102.98080649324,0.7864408068969155,578.7535541838764,0.0065866248324877984,3.8712612319991737,4.405766270301299e-05,6021.746846374715,0.06853173943473007,0.0,0.0,0.0,0.0
KOŁOMYJSKI,26298.54043518365,0.24415056423940956,111121.56042140443,1.5023000231228751,1022.1683923194879,0.008617358455505953,36.14303306978635,0.0003481141050719422,24681.58312547405,0.2547350686789898,3.0204332956837643,2.541151544813379e-05,3.010216647841882,4.010750823489929e-05
KOSOWSKI (KOSÓW HUCULSKI),4414.0,0.057160617,65493.0,0.848124215,10.0,0.000129498,29.0,0.000375546,7275.0,0.094210124,0.0,0.0,0.0,0.0
NADWÓRNIAŃSKI,12382.544525271316,0.1661014181153843,91079.10935331827,1.3010923743827076,632.9035887751832,0.009097818500131501,267.24528218614,0.004633715613425211,8522.203400575052,0.11738916424094675,1.9795667043162357,2.524828455186621e-05,1.5761244688528095,2.293892878765872e-05
ROHATYŃSKI,21821.0,0.199216682,79197.0,0.72303577,45.0,0.000410831,21.0,0.000191721,8420.0,0.076871109,30.0,0.000273888,0.0,0.0
STANISŁAWOWSKI,33280.482164665045,0.2645952123382956,97062.13410649916,0.9447017410537853,1440.1139028129612,0.012404781062172915,301.28880734713897,0.004066416765043528,27706.182521054398,0.22186219247055333,1.1774369520704138,9.209112629170448e-06,144.7581721893603,0.0010926027318918846
STRYJSKI,20318.14466386005,0.31249630824690977,87676.03805344763,1.4627779597014383,3266.0928773408236,0.046253364204047256,42.95984574978061,0.0006870185695755807,17713.746889057868,0.2759407384811543,3.252442041988962,4.4632248720091644e-05,9.231975192550909,0.00016187908330814657
ŚNIATYŃSKI,6346.0,0.080101989,65082.0,0.821493487,382.0,0.004821771,39.0,0.000492275,7369.0,0.093014743,3.0,3.78673e-05,3.0,3.78673e-05
TŁUMACKI,20183.402550885716,0.19281970420327602,75590.51619164692,0.7221448879741846,710.1713083653091,0.0067845356470413115,22.591895010238048,0.00021582921333954724,6282.511325455764,0.060019214628130646,9.822563047929586,9.383867737082956e-05,18.662869791066214,0.0001782932709081891
ŻYDACZOWSKI,13865.027555151339,0.18000918617756403,53144.119402554534,0.6899683136813299,114.30051771933667,0.0014839598739921898,19.67467927955795,0.0002554354241970114,5014.232547818769,0.06509961252822297,3.747557958011038,4.865445127990836e-05,1.873778979005519,2.4327178795479706e-05
BIELSKI (BIELSKO),0.0,0.0,0.0,0.0,0.0,0.0,0.0,0.0,0.0,0.0,0.0,0.0,0.0,0.0
BIELSKO (MIASTO),0.0,0.0,0.0,0.0,0.0,0.0,0.0,0.0,0.0,0.0,0.0,0.0,0.0,0.0
CIESZYŃSKI,0.0,0.0,0.0,0.0,0.0,0.0,0.0,0.0,0.0,0.0,0.0,0.0,0.0,0.0
TARNOGÓRSKI,0.0,0.0,0.0,0.0,0.0,0.0,0.0,0.0,0.0,0.0,0.0,0.0,0.0,0.0
KATOWICE (MIASTO),0.0,0.0,0.0,0.0,0.0,0.0,0.0,0.0,0.0,0.0,0.0,0.0,0.0,0.0
KATOWICKI,0.0,0.0,0.0,0.0,0.0,0.0,0.0,0.0,0.0,0.0,0.0,0.0,0.0,0.0
LUBLINIECKI,0.0,0.0,0.0,0.0,0.0,0.0,0.0,0.0,0.0,0.0,0.0,0.0,0.0,0.0
PSZCZYŃSKI,0.0,0.0,0.0,0.0,0.0,0.0,0.0,0.0,0.0,0.0,0.0,0.0,0.0,0.0
RYBNICKI,0.0,0.0,0.0,0.0,0.0,0.0,0.0,0.0,0.0,0.0,0.0,0.0,0.0,0.0
ŚWIĘTOCHŁOWICKI,0.0,0.0,0.0,0.0,0.0,0.0,0.0,0.0,0.0,0.0,0.0,0.0,0.0,0.0
CHORZÓW,0.0,0.0,0.0,0.0,0.0,0.0,0.0,0.0,0.0,0.0,0.0,0.0,0.0,0.0
BORSZCZOWSKI,21130.403303616815,0.22297216676793932,62909.80763203788,0.6638366477692201,21.702561749746494,0.00022900937750364313,105.55336851013068,0.0011138198606005692,9314.344910959382,0.09828679742099093,1.9729601590678632,2.0819070190515907e-05,1.9729601590678632,2.0819070190515907e-05
BRODZKI,17667.065054644994,0.2365271991571296,51101.192700796324,0.6839938030024771,238.41171141938204,0.0031857021920755303,86.56296621431582,0.0011572396841433748,9387.90796770224,0.12552760394210422,0.0,0.0,2.0,2.6718e-05
BRZEŻAŃSKI,29229.36889200157,0.3126630986311154,52593.97860018403,0.562559837074962,8.69788860586619,9.322814891745349e-05,21.86895305969046,0.00023387147085491633,7342.2856009185225,0.0784631050752047,2.8064553859292984,2.9943849934224107e-05,0.9540532918483191,1.020769830612335e-05
BUCZACKI,40987.0,0.351337219,66727.0,0.571978399,10.0,8.57192e-05,16.0,0.000137151,8919.0,0.07645294,0.0,0.0,1.0,8.57192e-06
CZORTKOWSKI,24634.336775646778,0.3558286553661685,40144.02907773912,0.5786622734872857,109.54092451397032,0.0015860174239009771,28.81955386438869,0.00041207015995379023,7186.360303884412,0.10366585627837288,12.072203961528755,0.00017482482510625263,13.031456256115566,0.00018869741103967854
KAMIONECKI,22987.47052109628,0.332680881444449,39325.25676246479,0.5681430005192125,392.92543784051554,0.005690370580501551,96.75452762682995,0.0013989616054449964,6034.782272436283,0.08708039473736529,1.9822075201180154,2.871648831906459e-05,0.987170875330786,1.4318617395388368e-05
PODHAJECKI,27390.250559621483,0.3340355935054197,48193.98354157012,0.5877458417748446,14.61073109510392,0.00017818370999723036,18.5069260537983,0.00022569975561598766,4251.722748675241,0.051851542403336906,0.0,0.0,0.9740487396735947,1.1878913999815358e-05
PRZEMYŚLAŃSKI,26722.0,0.335707735,45829.0,0.575748439,403.0,0.005062878,17.0,0.000213571,6594.0,0.082840237,31.0,0.000389452,3.0,3.76889e-05
RADZIECHOWSKI,14033.0,0.204837391,45934.0,0.670491038,1223.0,0.01785193,28.0,0.000408711,7288.0,0.106381736,0.0,0.0,2.0,2.91937e-05
SKAŁACKI,36527.95326603818,0.4280987424392078,38369.559976846234,0.44968192507895804,2.9154723653953374,3.41686558455481e-05,36.92931662834094,0.0004328028444670597,7980.619688208837,0.0935309249285087,0.0,0.0,3.887296487193783,4.5558143005789346e-05
TARNOPOLSKI,43936.67815435977,0.3550369711815746,68500.66049261681,0.554823500703632,94.11138469207843,0.0007505581475831725,145.22583808416115,0.001159800720385253,17077.36708472699,0.13726767077666405,0.1935446140707014,2.0650500657758914e-06,1.0490490908291776,8.523753611757507e-06
TREMBOWELSKI,34571.562818421815,0.4690201604366462,40226.52301445954,0.5423076709091615,5.992232308791376,7.306559933435914e-05,96.61284052409212,0.0013147714544114145,5788.185255996188,0.07717272584984838,0.05068013164297348,5.893643188893029e-07,1.225113141436457,1.6392088661466923e-05
ZALESZCZYCKI,12771.920218081992,0.19130523669634059,46890.648239248905,0.7023553553041805,9.774179397016907,0.00014640352351615745,42.0289714071727,0.0006295343691851252,5538.050046349779,0.08295212929924861,1.9548358794033813,2.9280704703231486e-05,0.0,0.0
ZBARASKI,21696.0,0.331793852,39270.0,0.600550543,3.0,4.58786e-05,55.0,0.000841107,4366.0,0.066768619,0.0,0.0,0.0,0.0
ZBOROWSKI,17855.934945355006,0.24820248484287039,46410.807299203676,0.6451231879975229,26.588288580617963,0.00036958480792446984,29.43703378568417,0.00040918331585662517,3991.092032297761,0.05547729405789579,0.0,0.0,0.0,0.0
ZŁOCZOWSKI,29965.558046000988,0.2813773001097799,67062.45401136896,0.6288954331531306,254.0803333715345,0.002399074888496017,44.24442509353244,0.00041962305242444645,10629.10303930031,0.099662425212401,7.025658249351184,6.57444664922766e-05,1.012829124675592,9.524982604682061e-06
KOPYCZYNIECKI,25663.91332116385,0.2984488301320132,48561.50854593533,0.564727803467287,8.543878815213239,9.93577160619831e-05,50.3139530229224,0.0005851076049426431,7345.83714134667,0.08542565051447418,0.9493198683570264,1.1039735681110697e-05,1.8986397367140528,2.2079471362221393e-05
BŁOŃSKI,99457.0,0.860399329,15.0,0.000129765,3037.0,0.02627299,208.0,0.001799401,10670.0,0.092305829,2160.0,0.018686091,47.0,0.000406595
CIECHANOWSKI,61726.0,0.902453288,2.0,2.92406e-05,1421.0,0.020775461,32.0,0.00046785,4846.0,0.070850025,268.0,0.003918243,103.0,0.001505892
GOSTYNIŃSKI,69190.0,0.815775511,5.0,5.89518e-05,9277.0,0.109379237,65.0,0.000766374,5548.0,0.065412958,722.0,0.008512645,8.0,9.43229e-05
GRÓJECKI,107706.87587236041,0.8475232795535319,13.004060909528873,0.00010233599323729137,2612.612791247907,0.020560708878569197,190.1023349201276,0.0014959090293036005,16391.946179578044,0.12897655841888084,209.00121827285867,0.00164492429798337,13.011370546680844,0.00010237378085324852
KUTNOWSKI,86427.0,0.86946068,7.0,7.04204e-05,1476.0,0.014848646,73.0,0.000734384,11101.0,0.11167671,311.0,0.003128678,8.0,8.04805e-05
ŁOWICKI,87327.99999997519,0.9212203049997383,3.9999999999988636,4.219589999998801e-05,1168.9999999996678,0.012331743999996496,133.99999999996194,0.0014135619999995983,5721.999999998375,0.06036119699998285,435.99999999987614,0.004599349999998693,2.999999999999148,3.1646899999991005e-05
MAKOWSKI (MAKÓW MAZOWIECKI),51255.0,0.879114282,0.0,0.0,274.0,0.004699587,57.0,0.000977651,6715.0,0.115174176,0.0,0.0,2.0,3.43036e-05
MIŃSKI,76384.0000022045,0.7965212680266335,11.000000000127825,0.0001147060000015443,840.0000000410638,0.008759398000496108,149.00000000591191,0.001553750000071424,14031.000000297992,0.14631323200360014,4481.000000095485,0.0467272180011536,1.0,1.04279e-05
MŁAWSKI,80233.0,0.902914697,0.0,0.0,592.0,0.006662165,73.0,0.000821517,7941.0,0.089365294,12.0,0.000135044,9.0,0.000101283
PŁOCKI,90870.0,0.827965121,17.0,0.000154896,4444.0,0.040491658,506.0,0.004610436,12237.0,0.111497845,1650.0,0.015034032,27.0,0.000246011
PŁOŃSKI,64634.0,0.868433074,1.0,1.34362e-05,1623.0,0.021806895,146.0,0.00196168,6470.0,0.086931986,1552.0,0.020852928,0.0,0.0
PRZASNYCKI,52716.0,0.936141497,0.0,0.0,110.0,0.001953402,11.0,0.00019534,3474.0,0.061692002,0.0,0.0,1.0,1.77582e-05
PUŁTUSKI,88232.0,0.828383923,4.0,3.75548e-05,1391.0,0.013059684,68.0,0.000638432,16462.0,0.154556806,349.0,0.003276657,5.0,4.69435e-05
RADZYMIŃSKI,62870.0,0.865870622,13.0,0.000179041,1148.0,0.015810712,278.0,0.003828726,8280.0,0.11403545,13.0,0.000179041,7.0,9.64068e-05
RAWSKI (RAWA MAZOWIECKA),73494.0,0.880304718,1.0,1.19779e-05,2782.0,0.033322553,97.0,0.001161858,7110.0,0.08516296,3.0,3.59337e-05,0.0,0.0
SIERPECKI,60120.43798053152,0.8710378644003494,2.0000000002470544,2.9021300002644612e-05,1757.4382940364796,0.025325866645165864,66.59235821913433,0.0009635120649873528,7731.11964309049,0.1120730114609156,174.40649625488984,0.0025265387713403514,1.1795892727603476,1.680244646321833e-05
SKIERNIEWICKI,56817.000000024804,0.8950942090002617,2.000000000001136,3.1508000000011984e-05,1270.000000000332,0.0200075620000035,101.00000000003806,0.0015911530000004015,4516.000000001625,0.07114500000001714,768.0000000001238,0.012099061000001306,2.000000000000852,3.150800000000898e-05
SOCHACZEWSKI,55565.0,0.868528823,0.0,0.0,4777.0,0.074668626,42.0,0.000656496,3467.0,0.054192197,124.0,0.001938227,1.0,1.56309e-05
WARSZAWSKI,0.0,0.0,0.0,0.0,0.0,0.0,0.0,0.0,0.0,0.0,0.0,0.0,0.0,0.0
DZIAŁDOWSKI,13036.0,0.549416277,9.0,0.000379315,10578.0,0.445821216,24.0,0.001011506,55.0,0.002318034,6.0,0.000252876,19.0,0.000800775
DUBIEŃSKI,16298.880436082229,0.07401147247793517,68.1343276817761,0.00030939059394243537,2737.6865390161547,0.012431541513972428,147220.22244027417,0.6685112795763993,14316.417770450958,0.06500932130432777,119.85074504592913,0.0005442290989249416,17.238805794671723,7.82796111434023e-05
HOROCHOWSKI,8141.019823918606,0.1035092278649822,89.63130926140741,0.00114820970690083,3077.366462491491,0.039391432390783424,61353.09197891648,0.7781937837373344,6675.651006252354,0.08480434602634276,37.110495809222684,0.00046832763977150936,7.159728849271756,9.080841197104455e-05
KOWELSKI,14926.0,0.087951069,74.0,0.000436043,2226.0,0.013116647,129212.0,0.761378368,23253.0,0.137017701,14.0,8.24946e-05,3.0,1.76774e-05
KRZEMIENIECKI,17005.999993106627,0.0766256939689398,61.99999997486833,0.0002793599998867615,101.99999995865434,0.00045959199981370456,186436.99992442786,0.8400484816594868,18295.999992583726,0.08243817996658372,27.999999988650213,0.0001261619999488603,4.999999997973252,2.252899999086788e-05
LUBOMELSKI,7299.0,0.129727712,3.0,5.33201e-05,765.0,0.013596616,42589.0,0.756949381,5604.0,0.099601877,4.0,7.10934e-05,0.0,0.0
ŁUCKI,29961.81383159493,0.15215416803543333,45.68861989536032,0.00022998540610652933,13982.572859650923,0.07123610688775553,139705.59976691345,0.7061152005108319,27007.295553916676,0.13716796421919436,267.0064880087061,0.0013571243654461088,54.439289371115265,0.0002770386622515384
RÓWIEŃSKI,20127.290618479194,0.06042372369756047,64.32881917629553,0.00019154848221134593,4584.262733948534,0.01360832087970178,102992.86229202985,0.3114240674895963,20829.385605451676,0.06300379969799988,781.7817287632266,0.0023237453195756263,25.59720728196855,7.683911130656019e-05
WŁODZIMIERSKI,19698.0,0.194237368,103.0,0.001015659,2738.0,0.026998777,66814.0,0.658837218,12035.0,0.118674319,22.0,0.000216937,2.0,1.97215e-05
KOSTOPOLSKI,24052.795872306837,0.07113391677928814,77.00270140021486,0.00022772810557045322,5490.925508750937,0.01623890402704323,122896.31143474291,0.3634544631279967,24853.413000563865,0.07350166809790148,936.1629793519272,0.0027686152515403084,30.590114254879875,9.046762582999216e-05
ZDOŁBUNOWSKI,9001.199424511584,0.11034495917586087,21.214222610077478,0.0001926647053816447,991.1858961833057,0.008014423300929899,67621.91216269533,0.8407378058983549,11869.837070780748,0.16356787768765002,144.08756303233818,0.0014974943247926457,10.974854450119587,0.00013772747750659457
SARNEŃSKI,11910.791917474824,0.08144131223379013,8.754716587633094,5.986133768676592e-05,663.6075173425885,0.004537487313034308,102462.57652668144,0.7005988134610697,12982.369227801115,0.08876833677993343,7.003773270106475,4.78890876588459e-05,2.626414976289928,1.795837504188001e-05
OSZMIAŃSKI,0.0,0.0,0.0,0.0,0.0,0.0,0.0,0.0,0.0,0.0,0.0,0.0,0.0,0.0
ŚWIĘCIAŃSKI,288.45562918678957,0.004601889363891903,0.017069727149289268,2.7232246106709134e-07,0.18776699864218194,2.9955493477016244e-06,15.072569072822423,0.00024046088219785872,21.21767084656656,0.00033849703077101117,31.192081410801258,0.0004976242192956627,0.512091814478678,8.16967952192179e-06
WILNO (MIASTO),0.0,0.0,0.0,0.0,0.0,0.0,0.0,0.0,0.0,0.0,0.0,0.0,0.0,0.0
DZIŚNIEŃSKI,51034.49900382965,0.33363516089527184,1.7487991645192715,1.0106776718200743e-05,60.13126403002459,0.0003854602389573087,63545.89590083904,0.4086450136267083,7507.8348380287425,0.046454470453698,5794.56602422552,0.034030795733587436,220.9594988984459,0.0015515288653831804
WILEJSKI,24794.746104929953,0.1975758246778442,4.066143702897422,3.188154846943125e-05,52.52862634011206,0.0004149687709922323,61758.268093308216,0.4876183706422631,6289.204313016721,0.04956282348659755,164.32906767797652,0.001332852004516596,137.327227765297,0.0010992164039410745
WILEŃSKO-TROCKI,11653.335394169908,0.060320593173849905,0.0,0.0,6.896229844535951,3.569660973277922e-05,3548.8860808712575,0.018369926381920018,1426.7437519614316,0.007385184264104286,1.8964632072473866,9.816610777950813e-06,15.77512576937599,8.165601631445073e-05
POSTAWSKI,36313.801754221204,0.3216143845239154,0.0,0.0,35.61203517864208,0.00031539903697244296,38850.63555429977,0.3440819365181975,2876.195547075034,0.025473121177234784,509.0426204947074,0.004508353076153766,257.6635486454692,0.0022820059470185926
MOŁODECZAŃSKI,17939.85569578833,0.17577954406067442,2.11109228742938,1.6899879439165126e-05,37.18364202925725,0.0003255992566196572,47147.16614398322,0.4256913235746885,5004.012104861392,0.04661766451203591,61.190280514264245,0.0004889445637018024,133.14817595874263,0.0012009148345238395
