District,Kategoria IR,Kategoria IPR,Kategoria IIR,Kategoria IIPR,Kategoria IIIR,Kategoria IIIPR,Kategoria IVR,Kategoria IVPR,Ogółem R,Ogółem PR,Handel jarmarczny - hurt R,Handel jarmarczny - hurt PR,Handel jarmarczny - detal R,Handel jarmarczny - detal PR,Karty rejestracyjne R,Karty rejestracyjne PR
AUGUSTOWSKI,2.0,0.0,2.0,0.0,1.0,0.0,0.0,0.0,5.0,0.0,0.0,0.0,0.0,0.0,108.0,6.0
BIAŁOSTOCKI,8.872586343423597,1.9716858540941327,17.745172686847194,2.9575287811411988,9.858429270470664,1.9716858540941327,0.0,0.0,36.476188300741455,6.900900489329464,0.0,0.0,0.0,0.0,353.9176108098968,24.646073176176657
BIELSKI (BIELSK PODLASKI),0.0,0.0,6.0,1.0,0.0,0.0,1.0,0.0,7.0,1.0,0.0,0.0,0.0,0.0,83.0,5.0
GRODZIEŃSKI,0.0,0.0,9.929075963204676,2.978722788961403,5.957445577922806,1.9858151926409353,10.921983559525144,0.0,26.808505100652628,4.964537981602338,0.0,0.0,0.0,0.0,247.23399148379644,55.60282539394619
ŁOMŻYŃSKI,0.0,0.0,10.567374741387496,0.0,3.0,0.0,1.0,0.0,14.567374741387496,0.0,0.0,0.0,0.0,0.0,120.47510974186224,4.702124224162487
OSTROŁĘCKI,0.0,0.0,1.4326252586125043,0.0,1.0,0.0,0.0,0.0,2.4326252586125046,0.0,0.0,0.0,0.0,0.0,73.52489025813776,1.297875775837513
OSTROWSKI (OSTRÓW MAZOWIECKA),0.0,0.0,1.0,0.0,0.0,0.0,0.0,0.0,1.0,0.0,0.0,0.0,0.0,0.0,84.0,7.0
SOKÓLSKI,0.0,0.0,2.0,0.0,0.0,0.0,0.0,0.0,2.0,0.0,0.0,0.0,0.0,0.0,57.0,5.0
SUWALSKI,0.0,0.0,3.0,0.0,6.0,1.0,0.0,0.0,9.0,1.0,0.0,0.0,0.0,0.0,120.0,5.0
SZCZUCZYŃSKI (WOJ. BIAŁOSTOCKIE),0.0,0.0,0.0,0.0,3.0,0.0,0.0,0.0,3.0,0.0,0.0,0.0,0.0,0.0,126.0,14.0
WOŁKOWYSKI,0.0,0.0,16.0,1.0,3.0,1.0,0.0,0.0,19.0,2.0,0.0,0.0,0.0,0.0,196.0,15.0
WYSOKOMAZOWIECKI,0.0,0.0,3.0,0.0,0.0,0.0,0.0,0.0,3.0,0.0,0.0,0.0,0.0,0.0,63.0,0.0
BIAŁYSTOK (MIASTO),0.1274136565764031,0.028314145905867356,0.2548273131528062,0.042471218858801035,0.14157072952933678,0.028314145905867356,0.0,0.0,0.5238116992585461,0.09909951067053574,0.0,0.0,0.0,0.0,5.08238919010319,0.35392682382334195
BĘDZIŃSKI,0.0,0.0,25.31003421479599,0.9374086746220738,6.561860722354517,0.0,30.934486262528434,2.8122260238662213,62.806381199678945,3.749634698488295,0.0,0.0,0.0,0.0,289.6592804582208,1.8748173492441476
CZĘSTOCHOWSKI,0.0,0.0,19.50157789537355,0.0,3.9003155790747104,0.0,10.725867842455454,0.9750788947686776,34.127761316903715,0.9750788947686776,0.0,0.0,0.0,0.0,223.29306690202716,2.9252366843060327
IŁŻECKI,0.0,0.0,3.04914729639564,1.009829459279128,0.014744188918691972,0.0,0.029488377837383933,0.004914729639563988,3.093379863151716,1.014744188918692,0.0,0.0,0.0,0.0,7.516046612154219,5.65226922926698e-18
JĘDRZEJOWSKI,0.0,0.0,3.001957791778038,0.0,1.0011746750668227,0.0,0.0,0.0,4.0031324668448605,0.0,0.0,0.0,0.0,0.0,38.02036103449159,1.0
KIELECKI,0.0,0.0,5.0,2.0,5.0,0.0,3.0,0.0,13.0,2.0,0.0,0.0,0.0,0.0,57.0,4.0
KONECKI,0.0,0.0,6.009232535099949,0.009232535099949556,0.0,0.0,3.0,1.0046162675499748,9.00923253509995,1.0138488026499244,0.0,0.0,0.0,0.0,89.0553952105997,3.0046162675499746
KOZIENICKI,0.0,0.0,1.0,0.0,0.0,0.0,0.0,0.0,1.0,0.0,0.0,0.0,0.0,0.0,1.0,0.0
MIECHOWSKI,0.0,0.0,4.998042208221961,0.0,2.998825324933177,0.0,0.0,0.0,7.996867533155139,0.0,0.0,0.0,0.0,0.0,51.9796389655084,0.0
OLKUSKI,0.0,0.0,0.0,0.0,3.0,0.0,5.0,0.0,8.0,0.0,0.0,0.0,0.0,0.0,84.0,7.0
OPATOWSKI,0.0,0.0,12.0,0.0,1.0,0.0,1.0,0.0,14.0,0.0,0.0,0.0,0.0,0.0,46.0,0.0
OPOCZYŃSKI,0.0,0.0,1.9907674649000504,1.9907674649000504,0.0,0.0,0.0,0.9953837324500252,1.9907674649000504,2.9861511973500754,0.0,0.0,0.0,0.0,11.944604789400302,0.9953837324500252
PIŃCZOWSKI,0.0,0.0,4.999999999831533,0.0,3.9999999998652265,0.0,0.0,0.0,8.99999999969676,0.0,0.0,0.0,0.0,0.0,143.99999999514816,9.999999999663066
RADOMSKI,0.0,0.0,9.76626004569707,1.953252009139414,2.9298780137091214,0.0,5.859756027418243,0.976626004569707,18.555894086824434,2.9298780137091214,0.0,0.0,0.0,0.0,102.54573047981924,0.0
SANDOMIERSKI,0.0,0.0,3.0,0.0,2.0,0.0,0.0,0.0,5.0,0.0,0.0,0.0,0.0,0.0,53.0,1.0
STOPNICKI,0.0,0.0,4.000000000168467,1.0,1.347735371844003e-10,0.0,0.0,0.0,4.00000000030324,1.0,0.0,0.0,0.0,0.0,28.00000000485185,3.000000000336934
WŁOSZCZOWSKI,0.0,0.0,3.0,2.0,0.0,0.0,1.0,0.0,4.0,2.0,0.0,0.0,0.0,0.0,7.0,1.0
ZAWIERCIAŃSKI,0.0,0.0,1.0,0.0,3.0,0.0,0.0,1.0,4.0,1.0,0.0,0.0,0.0,0.0,27.0,1.0
CZĘSTOCHOWA (MIASTO),0.0,0.0,0.4984221046264474,0.0,0.09968442092528948,0.0,0.27413215754454606,0.02492110523132237,0.8722386830962829,0.02492110523132237,0.0,0.0,0.0,0.0,5.706933097972823,0.0747633156939671
SOSNOWIEC,0.0,0.0,1.689965785204008,0.06259132537792622,0.43813927764548355,0.0,2.0655137374715653,0.18777397613377866,4.193618800321056,0.2503653015117049,0.0,0.0,0.0,0.0,19.3407195417792,0.12518265075585244
RADOM (MIASTO),0.0,0.0,0.18053174837841846,0.03610634967568369,0.05415952451352554,0.0,0.10831904902705108,0.018053174837841846,0.34301032191899505,0.05415952451352554,0.0,0.0,0.0,0.0,1.8955833579733938,0.0
BIALSKI (BIAŁA KRAKOWSKA),0.0,0.0,32.32412416512706,3.474874880732437,4.0,0.0,20.273873926591932,15.296496660508234,56.59799809171899,18.771371541240672,0.0,0.0,0.0,0.0,147.94474499076236,0.0
BOCHEŃSKI,0.0,0.0,11.0,0.0,0.0,0.0,1.0,0.0,12.0,0.0,0.0,0.0,0.0,0.0,13.0,4.0
BRZESKI (BRZESKO),0.0,0.0,3.0,0.0,0.0,0.0,1.0,0.0,4.0,0.0,0.0,0.0,0.0,0.0,13.0,0.0
CHRZANOWSKI,0.0,0.0,21.0,0.0,0.0,1.0,2.0,0.0,23.0,1.0,0.0,0.0,0.0,0.0,45.0,1.0
DĄBROWSKI,0.0,0.0,23.0,12.0,0.0,0.0,0.0,0.0,23.0,12.0,0.0,0.0,0.0,0.0,3.0,0.0
GORLICKI,0.0,0.0,0.0,0.0,0.0,0.0,0.0,0.0,0.0,0.0,0.0,0.0,0.0,0.0,34.3271476258674,0.0
JASIELSKI,0.0,0.0,4.405100064307545,0.0,3.0,0.0,1.0,0.0,8.405100064307545,0.0,0.0,0.0,0.0,0.0,22.43060038584527,1.0
KRAKOWSKI,0.0,0.0,0.0,0.0,0.0,0.0,0.0,0.0,0.0,0.0,0.0,0.0,0.0,0.0,3.4106742090032505,0.0
KRAKÓW (MIASTO),0.0,0.0,171.0,15.0,4.0,3.0,106.0,19.0,281.0,37.0,0.0,0.0,0.0,0.0,523.0,27.0
LIMANOWSKI,0.0,0.0,3.0,0.0,0.0,0.0,0.0,0.0,3.0,0.0,0.0,0.0,0.0,0.0,43.0,1.0
MIELECKI,0.0,0.0,6.0,0.0,1.0,0.0,1.0,0.0,8.0,0.0,0.0,0.0,0.0,0.0,32.0,0.0
MYŚLENICKI,0.0,0.0,0.05400523630360793,0.018001745434535976,0.013501309075901982,0.0,0.009000872717267988,0.0,0.0765074180967779,0.018001745434535976,0.0,0.0,0.0,0.0,51.276672338047504,1.2291548460441712
NOWOSĄDECKI,0.0,0.0,11.0,0.0,3.0,0.0,0.0,0.0,14.0,0.0,0.0,0.0,0.0,0.0,87.2612729698462,5.0
NOWOTARSKI,0.0,0.0,11.854569695701928,3.9515232319006426,2.963642423925482,0.0,1.9757616159503213,0.0,16.79397373557773,3.9515232319006426,0.0,0.0,0.0,0.0,62.513535734343776,5.038608751789093
TARNOWSKI,0.0,0.0,19.0,0.0,6.0,0.0,2.0,0.0,27.0,0.0,0.0,0.0,0.0,0.0,60.41157940428641,1.0
WADOWICKI,0.0,0.0,8.767300902867404,2.555600141932384,0.022856266998616027,0.0,6.741363584740478,14.703503339491764,15.531520754606499,17.259103481424148,0.0,0.0,0.0,0.0,121.69218521354306,1.0844143354024476
ŻYWIECKI,0.0,0.0,8.0,2.0,0.0,1.0,4.0,1.0,12.0,4.0,0.0,0.0,0.0,0.0,42.16218751430007,2.647822066764288
DĘBICKI,0.0,0.0,3.594899935692455,1.0,1.0,0.0,0.0,0.0,4.594899935692455,1.0,0.0,0.0,0.0,0.0,38.569399614154726,1.0
BIALSKI (BIAŁA PODLASKA),0.0,0.0,9.577076610790595,0.0,0.0,0.0,0.0,0.0,9.577076610790595,0.0,0.0,0.0,0.0,0.0,67.77076610812134,0.999999999992308
BIŁGORAJSKI,0.0,0.0,0.0,1.0,0.0,0.0,0.0,2.0,0.0,3.0,0.0,0.0,0.0,0.0,49.0,16.0
CHEŁMSKI,0.0,0.0,5.0,0.0,3.0,0.0,1.0,2.0,9.0,2.0,0.0,0.0,0.0,0.0,78.0,8.0
GARWOLIŃSKI,0.0,0.0,6.0,0.0,0.0,0.0,0.0,0.0,6.0,0.0,0.0,0.0,0.0,0.0,24.0,1.0
HRUBIESZOWSKI,0.0,0.0,7.999303377146545,5.994080431508227,2.0016248780705306,0.0,0.0,0.0,10.000928255217076,5.994080431508227,0.0,0.0,0.0,0.0,26.012128245997424,0.0
JANOWSKI,0.0,0.0,6.0,0.0,0.0,0.0,0.0,0.0,6.0,0.0,0.0,0.0,0.0,0.0,33.0,4.0
KRASNOSTAWSKI,0.0,0.0,6.0,2.0,0.0,0.0,0.0,0.0,6.0,2.0,0.0,0.0,0.0,0.0,68.0,7.0
LUBARTOWSKI,0.0,0.0,6.0,0.0,0.0,0.0,0.0,0.0,6.0,0.0,0.0,0.0,0.0,0.0,7.0,0.0
LUBELSKI,0.0,0.0,8.859329997515308,0.0,6.890589998067462,0.0,15.74991999558277,0.9843699997239231,31.49983999116554,0.9843699997239231,0.0,0.0,0.0,0.0,195.8896299450607,8.859329997515308
ŁUKOWSKI,0.0,0.0,3.0,0.0,0.0,0.0,0.0,1.0,3.0,1.0,0.0,0.0,0.0,0.0,58.0,4.0
PUŁAWSKI,0.0,0.0,4.0,4.0,0.0,0.0,3.0,0.0,7.0,4.0,0.0,0.0,0.0,0.0,40.0,1.0
RADZYŃSKI,0.0,0.0,16.0,1.0,0.0,0.0,0.0,0.0,16.0,1.0,0.0,0.0,0.0,0.0,56.0,7.0
SIEDLECKI,0.0,0.0,6.422923389143809,0.0,2.0,1.0,1.0,0.0,9.422923389143808,1.0,0.0,0.0,0.0,0.0,69.22923389143808,0.0
SOKOŁOWSKI,0.0,0.0,6.0,2.0,1.0,0.0,0.0,0.0,7.0,2.0,0.0,0.0,0.0,0.0,42.0,0.0
TOMASZOWSKI,0.0,0.0,3.992803864864424,0.0,1.996401932432212,0.0,0.0,0.0,5.989205797296636,0.0,0.0,0.0,0.0,0.0,20.962220290538227,0.0
WĘGROWSKI,0.0,0.0,1.0,3.0,1.0,0.0,0.0,0.0,2.0,3.0,0.0,0.0,0.0,0.0,16.0,5.0
WŁODAWSKI,0.0,0.0,0.0,0.0,0.0,0.0,2.0,0.0,2.0,0.0,0.0,0.0,0.0,0.0,37.0,4.0
ZAMOJSKI,0.0,0.0,20.00789275798903,2.0059195684917728,1.0019731894972577,0.0,0.0,0.0,21.00986594748629,2.0059195684917728,0.0,0.0,0.0,0.0,55.02565146346435,8.0
LUBLIN (MIASTO),0.0,0.0,0.14067000248469202,0.0,0.10941000193253825,0.0,0.2500800044172303,0.015630000276076892,0.5001600088344605,0.015630000276076892,0.0,0.0,0.0,0.0,3.1103700549393016,0.14067000248469202
BÓBRECKI,0.0,0.0,0.0,0.0,0.0,0.0,0.0,0.0,0.0,0.0,0.0,0.0,0.0,0.0,9.0,0.0
BRZOZOWSKI,0.0,0.0,0.0,0.0,1.0,0.0,0.0,0.0,1.0,0.0,0.0,0.0,0.0,0.0,37.0,0.0
DOBROMILSKI,0.0,0.0,1.0000000000000002,0.0,0.3040087679018122,0.0,0.0,0.0,1.3040087679018124,0.0,33.0,0.0,2.1076699580909908e-16,0.0,16.4320701432145,0.0
DROHOBYCKI,0.0,0.0,4.090054591924355,0.0,3.090054591924355,0.0,0.0,0.0,7.18010918384871,0.0,0.0,0.0,0.09005459192435539,0.0,146.89114643041145,1.0
GRÓDECKI,0.0,0.0,1.0236781696797145e-09,0.0,1.0236781696797145e-09,1.0236781696797145e-09,0.0,0.0,2.047356339359429e-09,1.0236781696797145e-09,0.0,0.0,0.0,0.0,18.000000021497243,0.0
JAROSŁAWSKI,0.0,0.0,0.0,0.0,0.0,0.0,2.0,0.0,2.0,0.0,0.0,0.0,0.0,0.0,22.0,1.0
JAWOROWSKI,0.0,0.0,0.9666489778267643,0.0,0.9670187838243994,0.9666489778267643,0.0,0.0,1.9336677616511637,0.9666489778267643,0.0,0.0,0.0,0.0,20.302463713677252,0.0
KOLBUSZOWSKI,0.0,0.0,1.0,0.0,0.0,0.0,0.0,0.0,1.0,0.0,0.0,0.0,0.0,0.0,16.0,0.0
KROŚNIEŃSKI,0.0,0.0,2.4106778534701654,0.0,0.0,0.0,0.0,0.0,2.4106778534701654,0.0,0.0,0.0,0.0,0.0,95.80083901026241,3.8747449742911586
LESKI,0.0,0.0,3.0,0.0,0.0,0.0,0.0,0.0,3.0,0.0,0.0,0.0,0.0,0.0,69.0,0.0
LWOWSKI,0.0,0.0,0.0,0.0,0.0,0.0,0.0,0.0,0.0,0.0,0.0,0.0,0.0,0.0,19.0,0.0
LWÓW (MIASTO),0.0,0.0,148.0,5.0,4.0,0.0,33.0,0.0,185.0,5.0,0.0,0.0,0.0,0.0,461.0,2.0
ŁAŃCUCKI,0.0,0.0,3.0,1.3869390200766399e-17,3.4673475501916e-17,0.0,2.08040853011496e-17,1.3869390200766399e-17,3.0,2.7738780401532798e-17,0.0,0.0,0.0,0.0,40.0,2.08040853011496e-17
MOŚCISKI,0.0,0.0,0.0,0.0,0.0,0.0,0.0,0.0,0.0,0.0,0.0,0.0,0.0,0.0,4.0,0.0
NIŻAŃSKI,0.0,0.0,0.0,0.0,0.0,0.0,0.0,0.0,0.0,0.0,0.0,0.0,0.0,0.0,14.0,0.0
PRZEMYSKI,0.0,0.0,13.0,0.0,5.0,0.0,9.0,0.0,27.0,0.0,0.0,0.0,5.0,0.0,92.0,1.0
PRZEWORSKI,0.0,0.0,1.0,0.0,1.0,0.0,0.0,0.0,2.0,0.0,0.0,0.0,0.0,0.0,31.0,0.0
RAWSKI (RAWA RUSKA),0.0,0.0,17.0,0.0,0.0,0.0,0.0,0.0,17.0,0.0,0.0,0.0,0.0,0.0,30.0,0.0
RUDECKI,0.0,0.0,0.0,0.0,0.0,0.0,0.0,0.0,0.0,0.0,0.0,0.0,0.0,0.0,51.0,5.0
RZESZOWSKI,0.0,0.0,10.589322146529835,2.0,5.0,0.0,3.0,2.0,18.589322146529835,4.0,0.0,0.0,0.0,0.0,105.19916098973758,7.125255025708841
SAMBORSKI,0.0,0.0,1.9099454080756444,0.0,2.6059366401738324,0.0,0.0,0.0,4.515882048249477,0.0,0.0,0.0,1.9099454080756444,0.0,45.67678342637404,0.0
SANOCKI,0.0,0.0,2.0,0.0,0.0,0.0,0.0,0.0,2.0,0.0,0.0,0.0,0.0,0.0,51.0,0.0
SOKALSKI,0.0,0.0,3.9685369221997386,1.9842684610998693,2.976402691649804,0.9921342305499347,0.0,0.0,6.9449396138495425,2.976402691649804,0.0,0.0,0.0,0.0,23.81122153319843,6.9449396138495425
TARNOBRZESKI,0.0,0.0,8.0,0.0,2.0,0.0,0.0,0.0,10.0,0.0,0.0,0.0,0.0,0.0,45.0,1.0
ŻÓŁKIEWSKI,0.0,0.0,0.9999999999936219,0.0,1.9999999999872438,0.0,0.0,0.0,2.9999999999808655,0.0,0.0,0.0,0.0,0.0,16.99999999989157,0.0
LUBACZOWSKI,0.0,0.0,0.033351021149557555,0.0,6.0329812151519215,0.033351021149557555,0.0,0.0,6.06633223630148,0.033351021149557555,0.0,0.0,0.0,0.0,46.6975362648255,0.0
TURCZAŃSKI,0.0,0.0,0.0,0.0,0.0,0.0,0.0,0.0,0.0,0.0,0.0,0.0,0.0,0.0,23.0,0.0
BRZEZIŃSKI,0.0,0.0,10.0,0.0,1.0,0.0,27.0,3.0,38.0,3.0,0.0,0.0,0.0,0.0,48.0,3.0
ŁASKI,0.0,0.0,1.0,0.0,1.0,0.0,1.0,0.0,3.0,0.0,0.0,0.0,0.0,0.0,19.0,2.0
ŁĘCZYCKI,0.0,0.0,8.0,1.0,1.0,0.0,2.0,0.0,11.0,1.0,0.0,0.0,0.0,0.0,28.0,8.0
ŁÓDZKI,0.0,0.0,16.0,0.0,0.0,0.0,2.0,0.0,18.0,0.0,0.0,0.0,0.0,0.0,66.0,0.0
ŁÓDŹ (MIASTO),0.0,0.0,96.0,12.0,20.0,1.0,165.0,21.0,281.0,34.0,0.0,0.0,0.0,0.0,1357.0,79.0
PIOTRKOWSKI,0.0,0.0,5.308657641595228e-10,0.0,1.0,0.0,7.583796630850325e-11,0.0,1.0000000006067038,0.0,0.0,0.0,0.0,0.0,23.000000006067037,2.2751389892550973e-10
RADOMSZCZAŃSKI,0.0,0.0,6.999999999469134,0.0,0.0,0.0,0.999999999924162,0.0,7.999999999393296,0.0,0.0,0.0,0.0,0.0,79.99999999393296,2.999999999772486
SIERADZKI,0.0,0.0,8.043326594944228,0.0,7.011795007736243,0.004962846373252261,0.14888539119756783,0.009925692746504521,15.204006993878039,0.014888539119756782,0.0,0.0,0.0,0.0,35.46964015688323,2.013434710683447
WIELUŃSKI,1.0,0.0,3.0,0.0,1.0,0.0,1.0,1.0,6.0,1.0,0.0,0.0,0.0,0.0,19.0,0.0
POŁUDNIOWO-WARSZAWSKI,0.0,0.0,93.13405054167255,7.164157733974812,11.343249745460119,0.2985065722489505,183.8800485053535,14.626822040198574,288.35734879248616,22.089486346422337,0.0,0.0,0.0,0.0,656.1174458031932,23.582019207667088
PÓŁNOCNO-WARSZAWSKI,0.0,0.0,89.92151277585482,6.917039444296526,10.951979120136166,0.28820997684568855,177.53734573694416,14.122288865438739,278.41083763293517,21.327538286580953,0.0,0.0,0.0,0.0,633.4855291068235,22.768588170809394
PRASKO-WARSZAWSKI,0.0,0.0,103.52413384847547,7.96339491142119,12.608708609750218,0.3318081213092163,204.39380272647722,16.258597944151596,320.52664518470294,24.553800976882005,0.0,0.0,0.0,0.0,729.3142506376573,26.212841583428087
ŚRÓDMIEJSKO-WARSZAWSKI,0.0,0.0,25.42030283399713,1.9554079103074715,3.0960625246534965,0.08147532959614465,50.1888030312251,3.992291150211088,78.70516838987572,6.0291743901147035,0.0,0.0,0.0,0.0,179.08277445232594,6.436551038095427
BARANOWICKI,0.0,0.0,8.0,2.0,3.0,2.0,1.0,0.0,12.0,4.0,0.0,0.0,0.0,0.0,178.0,0.0
LIDZKI,0.0,0.0,1.967275554417883,0.0,0.0,0.0,0.0,0.0,1.967275554417883,0.0,0.0,0.0,0.0,0.0,26.23034072557177,1.967275554417883
NIEŚWIESKI,0.0,0.0,17.0,1.0,0.0,0.0,0.0,0.0,17.0,1.0,0.0,0.0,0.0,0.0,171.0,18.0
NOWOGRÓDZKI,0.0,0.0,4.033098876132716,1.0165494380663578,2.008274719033179,0.0,0.0,0.0,6.0413735951658945,1.0165494380663578,0.0,0.0,0.0,0.0,44.55440617522298,2.0
SŁONIMSKI,0.0,0.0,4.0,1.0,4.0,0.0,0.0,0.0,8.0,1.0,0.0,0.0,0.0,0.0,109.0,9.0
STOŁPECKI,0.0,0.0,3.966901123867285,1.9834505619336424,0.9917252809668212,0.0,0.0,0.0,4.958626404834106,1.9834505619336424,0.0,0.0,0.0,0.0,66.44559382477702,0.0
WOŁOŻYŃSKI,0.0,0.0,1.0,0.0,0.0,0.0,0.0,0.0,1.0,0.0,0.0,0.0,0.0,0.0,46.0,26.0
SZCZUCZYŃSKI (WOJ. NOWOGRÓDZKIE),0.0,0.0,1.1036484823774397,0.021277211038596797,0.04255442207719359,0.01418480735906453,0.07801644047485491,0.0,1.2242193449294883,0.035462018397661325,0.0,0.0,0.0,0.0,15.535667790631761,1.4298990516359238
BRZESKI (BRZEŚĆ N.BUG.),0.0,0.0,20.999999950062875,0.0,0.0,0.0,0.0,0.0,20.999999950062875,0.0,0.0,0.0,0.0,0.0,240.99999942659986,17.99999995714822
DROHICKI,0.0,0.0,5.987495787053243,0.0,0.0,0.0,0.9979159645088738,0.0,6.985411751562117,0.0,0.0,0.0,0.0,0.0,64.8645376930768,5.987495787053243
KOBRYŃSKI,0.0,0.0,6.000000050002719,1.0,0.0,0.0,0.0,0.0,6.000000050002719,1.0,0.0,0.0,0.0,0.0,56.00000057384073,1.0000000428594733
KOSZYRSKI,0.0,0.0,1.0,1.0,0.0,0.0,0.0,0.0,1.0,1.0,0.0,0.0,0.0,0.0,27.0,4.0
ŁUNINIECKI,0.0,0.0,8.15596994024122,0.0,1.1225478101895312,0.0,0.0,0.0,9.278517750430753,0.0,0.0,0.0,0.0,0.0,168.96924177149901,18.06684426010338
PIŃSKI,0.0,0.0,13.856534272705535,0.0,10.877452189810468,0.0,0.0020840354911262644,0.0,24.73607049800713,0.0,0.0,0.0,0.0,0.0,86.16622053542417,5.945659952843377
PRUŻAŃSKI,0.0,0.0,9.0,0.0,0.0,0.0,0.0,0.0,9.0,0.0,0.0,0.0,0.0,0.0,42.0,0.0
STOLIŃSKI,0.0,0.0,5.0,1.0,1.0,0.0,0.0,0.0,6.0,1.0,0.0,0.0,0.0,0.0,52.0,3.0
IWACEWICKI,0.0,0.0,10.0,2.0,0.0,0.0,0.0,0.0,10.0,2.0,0.0,0.0,0.0,0.0,68.0,6.0
BRODNICKI,0.0,0.0,21.706479250719514,1.0,8.146858200869142,0.0,4.146858200869141,2.0,34.0001956524578,3.0,0.0,0.0,0.0,0.0,38.756951948367025,2.2937164017382816
CHEŁMIŃSKI,0.0,0.0,3.1257104608234076,0.09355470444600533,1.2446053465741476,0.0,1.688990192692673,0.046777352223002666,6.059306000090228,0.140332056669008,0.0,0.0,0.0,0.0,16.56409934857709,6.770977308764422
CHOJNICKI,0.0,0.0,15.871808378770018,0.0,11.865433259449311,0.006893460434450329,7.020383671055788,0.0,34.75762530927512,0.006893460434450329,0.0,0.0,0.0,0.0,44.742379496511475,0.0
GRUDZIĄDZ (MIASTO),0.0,0.0,17.0,1.0,8.0,1.0,37.0,7.0,62.0,9.0,0.0,0.0,0.0,0.0,77.0,3.0
GRUDZIĄDZKI,0.0,0.0,1.9788590200031413,0.0,0.0,0.0,0.0,0.0,1.9788590200031413,0.0,0.0,0.0,0.0,0.0,19.788590200031415,0.0
KARTUSKI,0.0,0.0,0.0,0.0,1.9560589519507103,0.0,0.9780294759753552,0.0,2.9340884279260653,0.0,0.0,0.0,0.0,0.0,39.12117903901421,0.9780294759753552
KOŚCIERSKI,0.0,0.0,16.353830749804285,0.0,1.0059513062249912,0.0,3.8699366141397475,0.0,21.229718670169024,0.0,0.0,0.0,0.0,0.0,42.24440113671637,0.021970524024644906
LUBAWSKI,0.0,0.0,11.0,3.0,1.0,0.0,3.0,2.0,15.0,5.0,0.0,0.0,0.0,0.0,18.0,0.0
SĘPOLEŃSKI,0.0,0.0,14.0,1.0,6.0,0.0,0.0,1.0,20.0,2.0,0.0,0.0,0.0,0.0,34.0,1.0
STAROGARDZKI,0.0,0.0,12.489714484764576,0.21395164991983837,4.762138130130965,0.9931065395655497,16.057683198419625,0.0,33.309535813315165,1.207058189485388,0.0,0.0,0.0,0.0,50.93276156127832,0.0
ŚWIECKI,0.0,0.0,17.241314139420595,5.017878958986539,7.894429571323583,0.9788413095970142,1.0054218676633853,0.9788413095970142,26.141165578407563,6.975561578180567,0.0,0.0,0.0,0.0,50.26094944307363,2.9365239287910425
TCZEWSKI,0.0,0.0,7.649503756314775,1.6623759390786939,11.29900751262955,0.0,11.0,3.0,29.94851126894433,4.662375939078694,0.0,0.0,0.0,0.0,21.5980150252591,1.0
TORUŃ (MIASTO),0.0,0.0,0.20430775077125157,0.08172310030850063,0.2451693009255019,0.0,0.6333540273908799,0.04086155015425032,1.0828310790876334,0.12258465046275095,0.0,0.0,0.0,0.0,1.8387697569412642,0.02043077507712516
TORUŃSKI,0.0,0.0,9.66998178840534,3.824722195245494,11.51022535250035,0.0,29.677655779916446,1.912361097622747,50.857862920822136,5.737083292868241,0.0,0.0,0.0,0.0,86.59713089448165,1.208591916158453
TUCHOLSKI,0.0,0.0,4.393828490925749,0.10579345201492922,2.216981268290887,0.021158690402985843,1.0685451727461013,0.021158690402985843,7.679354931962736,0.1481108328209009,0.0,0.0,0.0,0.0,13.100314298146905,0.06347607120895753
WĄBRZESKI,0.0,0.0,13.314661729277342,0.0,2.853141799130859,0.0,2.853141799130859,0.0,19.02094532753906,0.0,0.0,0.0,0.0,0.0,49.45445785160156,5.706283598261718
MORSKI,0.0,0.0,3.0,1.0,3.0,0.0,7.0,0.0,13.0,1.0,0.0,0.0,0.0,0.0,24.0,2.0
GDYNIA (MIASTO),0.0,0.0,0.0,0.0,0.0,0.0,0.0,0.0,0.0,0.0,0.0,0.0,0.0,0.0,0.0,0.0
BYDGOSKI,0.0,0.0,0.999567892493495,0.0,1.99913578498699,0.0,0.999567892493495,0.0,3.99827156997398,0.0,0.0,0.0,0.0,0.0,13.99395049490893,0.0
BYDGOSZCZ (MIASTO),0.0,0.0,27.000432107506505,5.0,10.00086421501301,0.0,124.00043210750651,14.0,161.00172843002602,19.0,0.0,0.0,0.0,0.0,105.00604950509107,6.0
INOWROCŁAWSKI,0.0,0.0,0.0,0.0,6.0,0.0,8.0,0.0,14.0,0.0,0.0,0.0,0.0,0.0,36.0,1.0
INOWROCŁAW (MIASTO),0.0,0.0,0.0,0.0,0.0,0.0,0.0,0.0,0.0,0.0,0.0,0.0,0.0,0.0,0.0,0.0
SZUBIŃSKI,0.0,0.0,9.0,0.0,0.0,0.0,0.0,0.0,9.0,0.0,0.0,0.0,0.0,0.0,38.0,0.0
WYRZYSKI,0.0,0.0,11.0,0.0,1.0,0.0,0.0,0.0,12.0,0.0,0.0,0.0,0.0,0.0,23.0,5.0
LIPNOWSKI,0.0,0.0,4.999999999967493,0.0,1.999999999986997,0.0,0.0,0.0,6.99999999995449,0.0,0.0,0.0,0.0,0.0,50.999999999668425,3.999999999973994
NIESZAWSKI,0.0,0.0,3.0,0.0,0.0,0.0,0.0,0.0,3.0,0.0,0.0,0.0,0.0,0.0,29.0,0.0
RYPIŃSKI,0.0,0.0,0.9880273818172771,0.0,0.9880273818172771,0.0,0.0,0.0,1.9760547636345542,0.0,0.0,0.0,0.0,0.0,45.44925956359475,0.0
WŁOCŁAWSKI,0.0,0.0,8.0,0.0,3.0,0.0,29.0,0.0,40.0,0.0,0.0,0.0,0.0,0.0,118.0,0.0
CHODZIESKI,0.0,0.0,1.0,0.0,0.0,0.0,1.0,0.0,2.0,0.0,0.0,0.0,0.0,0.0,42.0,0.0
CZARNKOWSKI,0.0,0.0,6.0,0.0,6.423141627954209e-17,0.0,3.2115708139771045e-17,0.0,6.0,0.0,0.0,0.0,0.0,0.0,21.0,3.0
GNIEŹNIEŃSKI,0.0,0.0,3.0393601486061286,0.014908732400208003,2.00921005334272,0.0,16.00044694758981,0.0001511989421738878,21.04901714953866,0.01505993134238189,0.0,0.0,0.0,0.0,46.47842438082657,0.014404777522382945
GOSTYŃSKI,0.0,0.0,2.0398834883100023,0.023084018302676746,3.1627035503739553,0.0,1.0785981451001754,0.002282727097736126,6.281185183784132,0.025366745400412873,0.0,0.0,0.0,0.0,1.1896384608592228,0.0
JAROCIŃSKI,0.0,0.0,1.8298263078179065,1.0,0.8298263078179066,0.0,3.0,1.0,5.659652615635813,2.0,0.0,0.0,0.0,0.0,7.468436770361159,0.8298263078179066
KĘPIŃSKI,0.0,0.0,9.0,2.0,1.0,0.0,4.0,0.0,14.0,2.0,0.0,0.0,0.0,0.0,45.0,1.0
KOŚCIAŃSKI,0.0,0.0,3.8769759439278424,2.9299741381886912,1.8684621101526127,1.0,2.802693165228919,0.0,8.548131219309374,3.9299741381886912,0.0,0.0,0.0,0.0,23.289312356502215,0.0
KROTOSZYŃSKI,0.0,0.0,5.0,0.0,4.842346023210976,0.0,2.0,3.0,11.842346023210975,3.0,0.0,0.0,0.0,0.0,37.05332696594958,1.0
LESZCZYŃSKI,0.0,0.0,15.038750055801684,1.019375027900842,5.038750055801684,0.0,7.058125083702526,2.0,27.135625195305895,3.019375027900842,0.0,0.0,0.0,0.0,55.21312530690926,3.0
MIĘDZYCHODZKI,0.0,0.0,8.0,1.0,0.0,0.0,1.0,1.0,9.0,2.0,0.0,0.0,0.0,0.0,24.0,1.0
MOGILEŃSKI,0.0,0.0,9.0,1.0,4.0,0.0,1.0,0.0,14.0,1.0,0.0,0.0,0.0,0.0,40.0,1.0
NOWOTOMYSKI,0.0,0.0,8.0,4.0,1.0,0.0,1.0,1.0,10.0,5.0,0.0,0.0,0.0,0.0,25.0,2.0
OBORNICKI,0.0,0.0,2.0416748876645645,0.025840590408813438,1.9899937068469375,0.0,0.9949968534234688,0.0,5.026665447934971,0.025840590408813438,0.0,0.0,0.0,0.0,43.27583591497661,2.9849905602704063
OSTROWSKI (OSTRÓW WIELKOPOLSKI),0.0,0.0,3.170173692182094,0.0,2.1701736921820935,1.0,5.0,0.0,10.340347384364186,1.0,0.0,0.0,0.0,0.0,62.68996637974414,0.17017369218209344
POZNAŃ (MIASTO),0.0,0.0,66.0,7.0,9.0,1.0,293.0,26.0,368.0,34.0,0.0,0.0,18.0,0.0,395.0,22.0
RAWICKI,0.0,0.0,0.03797618887274631,0.0,0.05696428330911946,0.0,2.014422640240901,0.997717272902264,2.1093631124227668,0.997717272902264,0.0,0.0,0.0,0.0,15.963476366436224,0.0
SZAMOTULSKI,0.0,0.0,4.0,0.0,0.0,0.0,0.0,0.0,4.0,0.0,0.0,0.0,0.0,0.0,18.0,0.0
ŚREDZKI,0.0,0.0,0.0,0.0,8.0,0.0,0.0,0.0,8.0,0.0,0.0,0.0,0.0,0.0,39.0,0.0
ŚREMSKI,0.0,0.0,4.006414323087726,0.02756681560778987,2.030773977151653,0.0,3.046160965727479,0.0,9.083349265966856,0.02756681560778987,0.0,0.0,0.0,0.0,14.132717393238199,0.0
WĄGROWIECKI,0.0,0.0,4.9996471136460325,0.0,1.0002519092324267,0.0,0.0002015540690702295,0.9998488010578261,6.000100576947529,0.9998488010578261,0.0,0.0,0.0,0.0,8.00745723372431,0.0006046622072106884
WOLSZTYŃSKI,0.0,0.0,2.0,0.0,6.0,0.0,7.0,2.0,15.0,2.0,0.0,0.0,0.0,0.0,53.0,3.0
WRZESIŃSKI,0.0,0.0,4.0,2.0,1.0,0.0,3.0,1.0,8.0,3.0,0.0,0.0,0.0,0.0,10.0,1.0
ŻNIŃSKI,0.0,0.0,5.999999999779258,0.0,0.9999999999632098,0.0,0.0,0.0,6.999999999742468,0.0,0.0,0.0,0.0,0.0,7.999999999705678,0.0
POZNAŃSKI,0.0,0.0,1.9185013543819571,0.9592506771909786,0.0,0.0,0.0,0.0,1.9185013543819571,0.9592506771909786,0.0,0.0,0.0,0.0,18.225762866628592,0.0
GNIEZNO (MIASTO),0.0,0.0,0.0008164959220594494,0.0,0.0005443306147062996,0.0,0.004354644917650397,0.0,0.005715471454416146,0.0,0.0,0.0,0.0,0.0,0.012519604138244891,0.0
KALISKI,0.0,0.0,11.851508865088698,0.0,5.928116400252353,0.9850223882915137,29.55067164874541,1.9700447765830273,47.33029691408647,2.9550671648745412,0.0,0.0,0.0,0.0,83.18453680879638,1.9965610467575554
KOLSKI,0.0,0.0,10.0,2.0,3.0,0.0,2.0,0.0,15.0,2.0,0.0,0.0,0.0,0.0,180.0,5.0
KONIŃSKI,0.0,0.0,7.0,2.0,4.0,0.0,1.0,1.0,12.0,3.0,0.0,0.0,0.0,0.0,116.0,1.0
TURECKI,0.0,0.0,1.1051645399670746,0.0,0.0600885920114049,0.01001476533523415,0.3004429600570245,0.0200295306704683,1.465696092035504,0.03004429600570245,0.0,0.0,0.0,0.0,33.345823034320404,1.9900042425589979
DOLIŃSKI,0.0,0.0,0.0,0.0,0.0,0.0,0.964748609481191,0.0,0.964748609481191,0.0,0.0,0.0,0.0,0.0,32.801452722360494,1.929497218962382
HORODEŃSKI,0.0,0.0,0.0,0.0,1.0,0.0,0.0,0.0,1.0,0.0,0.0,0.0,0.0,0.0,22.0,0.0
KAŁUSKI,0.0,0.0,5.80689184799876,1.9356306159995869,4.839076539998967,0.0,0.0,0.0,10.645968387997728,1.9356306159995869,0.9678153079997934,0.0,0.0,0.0,12.581599003997315,0.0
KOŁOMYJSKI,0.0,0.0,15.040866591367529,0.0,6.030649943525646,0.0,2.0,1.0,23.071516534893174,1.0,0.0,0.0,0.0,0.0,49.92971495361128,0.0
KOSOWSKI (KOSÓW HUCULSKI),0.0,0.0,3.0,2.0,0.0,0.0,0.0,0.0,3.0,2.0,0.0,0.0,0.0,0.0,7.0,2.0
NADWÓRNIAŃSKI,0.0,0.0,4.092562674361814,0.044476421909780885,3.080541111248806,0.0,0.0,0.0,7.1731037856106195,0.044476421909780885,0.022238210954890442,0.0,0.0,0.0,92.11840513888637,0.0
ROHATYŃSKI,0.0,0.0,3.0,0.0,2.0,0.0,0.0,0.0,5.0,0.0,0.0,0.0,0.0,0.0,15.0,0.0
STANISŁAWOWSKI,0.0,0.0,30.06706198339308,2.019892962090632,15.120707186054746,0.0,5.0,3.0,50.187769169447826,5.0198929620906325,0.009946481045316133,0.0,1.0,0.0,171.1287328906703,8.0
STRYJSKI,0.0,0.0,7.189331531491721,0.0,2.0,0.0,2.035251390518809,0.0,11.22458292201053,0.0,0.0,0.0,0.0,0.0,78.48029382349601,1.070502781037618
ŚNIATYŃSKI,0.0,0.0,5.0,3.0,0.0,0.0,0.0,0.0,5.0,3.0,0.0,0.0,0.0,0.0,34.0,10.0
TŁUMACKI,0.0,0.0,0.0,0.0,3.9290252191718347,0.0,0.0,0.0,3.9290252191718347,0.0,0.0,0.0,0.0,0.0,38.30799588692539,0.0
ŻYDACZOWSKI,0.0,0.0,2.8106684685082786,0.0,0.0,0.0,0.0,0.0,2.8106684685082786,0.0,0.0,0.0,0.0,0.0,48.71825345414349,0.0
BIELSKI (BIELSKO),0.0,0.0,78.0,12.0,22.0,1.0,38.0,8.0,138.0,21.0,0.0,0.0,0.0,0.0,191.0,13.0
BIELSKO (MIASTO),0.0,0.0,0.0,0.0,0.0,0.0,0.0,0.0,0.0,0.0,0.0,0.0,0.0,0.0,0.0,0.0
CIESZYŃSKI,1.0,0.0,25.0,3.0,11.0,0.0,7.0,8.0,44.0,11.0,0.0,0.0,0.0,0.0,109.0,4.0
TARNOGÓRSKI,0.0,0.0,0.0,1.0,4.0,0.0,9.0,4.0,13.0,5.0,0.0,0.0,0.0,0.0,38.0,2.0
KATOWICE (MIASTO),3.0,0.0,72.0,7.0,11.0,0.0,141.0,32.0,227.0,39.0,0.0,0.0,0.0,0.0,771.0,41.0
KATOWICKI,0.0,0.0,0.0,0.0,0.0,0.0,0.0,0.0,0.0,0.0,0.0,0.0,0.0,0.0,0.0,0.0
LUBLINIECKI,0.0,0.0,4.0,0.0,1.0,0.0,1.0,0.0,6.0,0.0,0.0,0.0,0.0,0.0,47.0,2.0
PSZCZYŃSKI,0.0,0.0,3.0,0.0,2.0,0.0,4.0,2.0,9.0,2.0,0.0,0.0,0.0,0.0,71.0,8.0
RYBNICKI,0.0,0.0,4.0,2.0,2.0,0.0,7.0,0.0,13.0,2.0,0.0,0.0,0.0,0.0,42.0,1.0
ŚWIĘTOCHŁOWICKI,0.0,0.0,0.9737402667015693,0.0,0.9737402667015693,0.0,6.816181866910985,0.9737402667015693,8.763662400314123,0.9737402667015693,0.0,0.0,0.0,0.0,35.05464960125649,0.0
CHORZÓW,0.0,0.0,10.026259733298431,3.0,3.026259733298431,1.0,40.18381813308901,9.026259733298431,53.236337599685875,13.026259733298431,0.0,0.0,0.0,0.0,69.94535039874351,3.0
BORSZCZOWSKI,0.0,0.0,1.9729601590678632,0.0,0.0,0.0,0.0,0.0,1.9729601590678632,0.0,0.0,0.0,0.0,0.0,7.891840636271453,0.0
BRODZKI,0.0,0.0,5.2520913248896495,0.0,7.10083652995586,0.0,0.0,0.0,12.35292785484551,0.0,0.0,0.0,0.2016730599117196,0.0,96.07551416365372,0.0
BRZEŻAŃSKI,0.0,0.0,0.9540532918483191,1.870970257286199,1.870970257286199,0.0,0.0,0.0,2.825023549134518,1.870970257286199,0.0,0.0,0.0,0.0,26.360697070853764,0.0
BUCZACKI,0.0,0.0,0.0,0.0,4.0,0.0,1.0,0.0,5.0,0.0,0.0,0.0,0.0,0.0,20.0,0.0
CZORTKOWSKI,0.0,0.0,3.058454731597305,0.0,4.013249245550288,0.0,0.0,0.0,7.0717039771475925,0.0,0.0,0.0,8.0,0.0,15.391309919849185,0.01766566073371711
KAMIONECKI,0.0,0.0,0.03146307780663946,0.0157315389001307,0.023597308362952183,0.00786576945006535,0.0,0.0,0.05506038616959165,0.02359730835019605,0.0,0.0,0.0,0.0,7.09897459418085,0.05506038615045745
PODHAJECKI,0.0,0.0,0.9740487396735947,0.0,0.0,0.0,0.0,0.0,0.9740487396735947,0.0,0.0,0.0,0.0,0.0,8.766438657062352,0.0
PRZEMYŚLAŃSKI,0.0,0.0,0.0,0.0,0.0,0.0,0.0,0.0,0.0,0.0,0.0,0.0,0.0,0.0,1.0,0.0
RADZIECHOWSKI,0.0,0.0,1.0,0.0,2.0,0.0,0.0,0.0,3.0,0.0,0.0,0.0,0.0,0.0,19.0,2.0
SKAŁACKI,0.0,0.0,8.746417096186011,0.9718241217984458,0.0,0.0,0.0,0.0,8.746417096186011,0.9718241217984458,0.0,0.0,0.0,0.0,12.633713583379794,0.0
TARNOPOLSKI,0.0,0.0,9.909857066079672,1.113563962186078,2.0980981816583553,0.0,0.9845342194722772,0.0,12.992489467210303,1.113563962186078,0.0,0.0,0.0,0.0,44.14138783530113,1.9690684389445543
TREMBOWELSKI,0.0,0.0,2.754168800225172,0.043641658729276986,3.0176823155051578,0.0,0.015465780527722833,0.0,5.787316896258052,0.043641658729276986,0.0,0.0,0.0,0.0,60.48026832649158,4.013265900321729
ZALESZCZYCKI,0.0,0.0,0.9774179397016907,0.0,0.0,0.0,0.0,0.0,0.9774179397016907,0.0,0.0,0.0,0.0,0.0,0.9774179397016907,0.0
ZBARASKI,0.0,0.0,4.0,0.0,1.0,0.0,0.0,0.0,5.0,0.0,0.0,0.0,0.0,0.0,19.0,1.0
ZBOROWSKI,0.0,0.0,4.7479086751103505,0.0,1.8991634700441402,0.0,0.0,0.0,6.647072145154491,0.0,0.0,0.0,3.7983269400882804,0.0,57.92448583634628,0.0
ZŁOCZOWSKI,0.0,0.0,5.0,0.0,3.0,0.0,0.0,0.0,8.0,0.0,0.0,0.0,0.0,0.0,23.089803872729146,0.0
KOPYCZYNIECKI,0.0,0.0,6.645239078499185,0.0,0.0,0.0,0.0,0.0,6.645239078499185,0.0,0.0,0.0,0.0,0.0,13.29047815699837,0.0
BŁOŃSKI,0.0,0.0,3.0,1.0,0.0,0.0,0.0,0.0,3.0,1.0,0.0,0.0,0.0,0.0,55.0,0.0
CIECHANOWSKI,0.0,0.0,5.0,2.0,0.0,0.0,1.0,0.0,6.0,2.0,0.0,0.0,0.0,0.0,7.0,0.0
GOSTYNIŃSKI,0.0,0.0,2.0,0.0,2.0,0.0,0.0,0.0,4.0,0.0,0.0,0.0,0.0,0.0,32.0,14.0
GRÓJECKI,0.0,0.0,2.0040609095288726,1.0008121819057745,0.0012182728586617735,0.0,0.002436545717323547,0.0004060909528872578,2.007715728104858,1.0012182728586618,0.0,0.0,0.0,0.0,14.042639550053162,0.0
KUTNOWSKI,0.0,0.0,11.0,0.0,1.0,0.0,0.0,0.0,12.0,0.0,0.0,0.0,0.0,0.0,59.0,33.0
ŁOWICKI,0.0,0.0,6.0,1.0,1.0,0.0,0.0,0.0,7.0,1.0,0.0,0.0,0.0,0.0,67.0,12.0
MAKOWSKI (MAKÓW MAZOWIECKI),0.0,0.0,0.0,0.0,1.0,0.0,0.0,0.0,1.0,0.0,0.0,0.0,0.0,0.0,34.0,0.0
MIŃSKI,0.0,0.0,6.0,0.0,1.0,0.0,0.0,0.0,7.0,0.0,0.0,0.0,0.0,0.0,26.0,0.0
MŁAWSKI,0.0,0.0,9.0,3.0,0.0,0.0,0.0,0.0,9.0,3.0,0.0,0.0,0.0,0.0,42.0,0.0
PŁOCKI,0.0,0.0,23.0,2.0,8.0,0.0,2.0,1.0,33.0,3.0,0.0,0.0,0.0,0.0,87.0,0.0
PŁOŃSKI,0.0,0.0,2.0,2.0,0.0,0.0,0.0,0.0,2.0,2.0,0.0,0.0,0.0,0.0,59.0,2.0
PRZASNYCKI,0.0,0.0,2.0,0.0,1.0,0.0,0.0,0.0,3.0,0.0,0.0,0.0,0.0,0.0,19.0,0.0
PUŁTUSKI,0.0,0.0,7.0,0.0,1.0,0.0,0.0,0.0,8.0,0.0,0.0,0.0,0.0,0.0,26.0,0.0
RADZYMIŃSKI,0.0,0.0,1.0,0.0,0.0,0.0,1.0,0.0,2.0,0.0,0.0,0.0,0.0,0.0,17.0,0.0
RAWSKI (RAWA MAZOWIECKA),0.0,0.0,1.0,0.0,0.0,0.0,0.0,0.0,1.0,0.0,0.0,0.0,0.0,0.0,1.0,0.0
SIERPECKI,0.0,0.0,4.01197261821523,0.0,1.0119726181957258,0.0,0.0,0.0,5.023945236410956,0.0,0.0,0.0,0.0,0.0,43.55074043673683,2.000000000026006
SKIERNIEWICKI,0.0,0.0,1.0,0.0,0.0,0.0,3.0,0.0,4.0,0.0,0.0,0.0,0.0,0.0,15.0,2.0
SOCHACZEWSKI,0.0,0.0,1.0,0.0,1.0,0.0,0.0,0.0,2.0,0.0,0.0,0.0,0.0,0.0,42.0,1.0
WARSZAWSKI,0.0,0.0,4.0,0.0,0.0,0.0,10.0,0.0,14.0,0.0,0.0,0.0,0.0,0.0,28.0,5.0
DZIAŁDOWSKI,0.0,0.0,7.0,5.0,0.0,0.0,0.0,1.0,7.0,6.0,0.0,0.0,0.0,0.0,6.0,0.0
DUBIEŃSKI,0.0,0.0,10.0,0.0,2.0,0.0,0.0,0.0,12.0,0.0,0.0,0.0,0.0,0.0,146.0,14.0
HOROCHOWSKI,0.0,0.0,4.0,1.0,0.0,0.0,0.0,0.0,4.0,1.0,0.0,0.0,0.0,0.0,30.0,22.0
KOWELSKI,0.0,0.0,17.0,1.0,3.0,0.0,1.0,0.0,21.0,1.0,0.0,0.0,0.0,0.0,127.0,13.0
KRZEMIENIECKI,0.0,0.0,4.0,1.0,3.0,1.0,0.0,0.0,7.0,2.0,0.0,0.0,0.0,0.0,160.0,45.0
LUBOMELSKI,0.0,0.0,5.0,0.0,0.0,0.0,0.0,1.0,5.0,1.0,0.0,0.0,0.0,0.0,23.0,4.0
ŁUCKI,0.0,0.0,11.0,3.0,4.0,0.0,2.0,0.0,17.0,3.0,0.0,0.0,0.0,0.0,117.0,6.0
RÓWIEŃSKI,0.0,0.0,17.0,2.0,24.0,0.0,1.0,4.0,42.0,6.0,0.0,0.0,0.0,0.0,329.0,33.0
WŁODZIMIERSKI,0.0,0.0,8.0,1.0,1.0,0.0,1.0,0.0,10.0,1.0,0.0,0.0,0.0,0.0,64.0,2.0
KOSTOPOLSKI,0.0,0.0,7.0,1.0,0.0,0.0,1.0,0.0,8.0,1.0,0.0,0.0,0.0,0.0,29.0,4.0
ZDOŁBUNOWSKI,0.0,0.0,10.0,1.0,0.0,0.0,1.0,0.0,11.0,1.0,0.0,0.0,0.0,0.0,71.0,3.0
SARNEŃSKI,0.0,0.0,23.0,2.0,0.0,0.0,0.0,0.0,23.0,2.0,0.0,0.0,0.0,0.0,132.0,0.0
BRASŁAWSKI,0.0,0.0,0.0,2.0,0.0,0.0,0.0,0.0,0.0,2.0,0.0,0.0,0.0,0.0,153.0,18.0
OSZMIAŃSKI,0.0,0.0,6.923852001682168,1.978243429052048,0.0,0.0,0.0,0.0,6.923852001682168,1.978243429052048,0.0,0.0,0.0,0.0,98.91217145260241,8.902095430734217
ŚWIĘCIAŃSKI,0.0,0.0,9.0,1.0,1.0,0.0,1.0,0.0,11.0,1.0,0.0,0.0,0.0,0.0,334.0,39.0
WILNO (MIASTO),0.0,0.0,38.0,9.0,22.0,3.0,20.0,12.0,80.0,24.0,0.0,0.0,2.0,0.0,348.0,26.0
DZIŚNIEŃSKI,0.0,0.0,7.0,0.0,0.0,0.0,0.0,0.0,7.0,0.0,0.0,0.0,0.0,0.0,306.0,18.0
WILEJSKI,0.0,0.0,4.0,2.0,0.0,0.0,2.0,0.0,6.0,2.0,0.0,0.0,0.0,0.0,278.0,34.0
WILEŃSKO-TROCKI,0.0,0.0,0.0761479983178316,2.021756570947952,0.0,0.0,0.0,0.0,0.0761479983178316,2.021756570947952,0.0,0.0,0.0,0.0,36.08782854739759,15.097904569265783
POSTAWSKI,0.0,0.0,5.0,2.0,0.0,0.0,0.0,0.0,5.0,2.0,0.0,0.0,0.0,0.0,114.0,19.0
MOŁODECZAŃSKI,0.0,0.0,4.0,1.0,0.0,0.0,0.0,0.0,4.0,1.0,0.0,0.0,0.0,0.0,141.0,45.0
