District,Kategoria IR,Kategoria IPR,Kategoria IIR,Kategoria IIPR,Kategoria IIIR,Kategoria IIIPR,Kategoria IVR,Kategoria IVPR,Kategoria VR,Kategoria VPR,Kategoria VIR,Kategoria VIPR,Kategoria VIIR,Kategoria VIIPR,Kategoria VIIIR,Kategoria VIIIPR,R,PR
AUGUSTOWSKI,0.0,0.0,0.0,0.0,1.0,0.0,3.0,0.0,5.0,0.0,5.0,0.0,18.0,3.0,306.0,13.0,338.0,16.0
BIAŁOSTOCKI,0.0,0.0,0.9858429270470663,0.9858429270470663,5.9150575622823975,2.9575287811411988,37.46203122778852,7.886743416376531,52.24967513349451,7.886743416376531,41.40540293597679,10.84427219751773,86.75417758014184,8.872586343423597,1605.9381281596711,128.1595805161186,1830.7103155264022,167.59329759800127
BIELSKI (BIELSK PODLASKI),0.0,0.0,0.0,1.0,1.0,0.0,9.0,0.0,9.0,2.0,21.0,1.0,48.0,2.0,1015.0,50.0,1103.0,56.0
GRODZIEŃSKI,0.0,0.0,0.0,0.0,0.0,0.0,14.893613944807015,0.0,28.794320293293563,2.978722788961403,30.780135485934498,1.9858151926409353,69.50353174243274,6.950353174243274,1199.432376355125,74.46806972403508,1343.4039778215927,86.38296087988068
ŁOMŻYŃSKI,0.0,0.0,0.0,0.0,1.0,0.0,6.134749482774991,0.0,8.567374741387496,0.0,23.673747413874956,3.5673747413874954,35.94324637942494,4.0,808.0564306918488,34.94324637942494,883.3755487093113,42.51062112081243
OSTROŁĘCKI,0.0,0.0,0.0,0.0,0.0,0.0,2.8652505172250087,0.0,2.4326252586125046,0.0,16.326252586125044,1.4326252586125043,24.05675362057506,1.0,507.94356930815115,18.05675362057506,553.6244512906887,20.489378879187566
OSTROWSKI (OSTRÓW MAZOWIECKA),0.0,0.0,0.0,0.0,0.0,0.0,7.0,0.0,8.0,1.0,19.0,21.0,18.0,0.0,487.0,24.0,539.0,46.0
SOKÓLSKI,0.0,0.0,0.0,0.0,0.0,0.0,1.0,0.0,3.0,0.0,9.0,1.0,20.0,1.0,450.0,22.0,483.0,24.0
SUWALSKI,0.0,0.0,0.0,0.0,0.0,0.0,2.0,0.0,6.0,0.0,10.0,0.0,36.0,1.0,408.0,24.0,462.0,25.0
SZCZUCZYŃSKI (WOJ. BIAŁOSTOCKIE),0.0,0.0,0.0,0.0,0.0,0.0,2.0,0.0,1.0,1.0,16.0,0.0,11.0,1.0,428.0,25.0,458.0,27.0
WOŁKOWYSKI,0.0,0.0,0.0,1.0,1.0,0.0,4.0,0.0,14.0,0.0,33.0,9.0,81.0,10.0,525.0,22.0,658.0,42.0
WYSOKOMAZOWIECKI,0.0,0.0,0.0,0.0,0.0,0.0,0.0,0.0,1.0,1.0,12.0,3.0,15.0,1.0,474.0,10.0,502.0,15.0
BIAŁYSTOK (MIASTO),0.0,0.0,0.014157072952933678,0.014157072952933678,0.08494243771760207,0.042471218858801035,0.5379687722114798,0.11325658362346942,0.7503248665054849,0.11325658362346942,0.5945970640232144,0.15572780248227044,1.2458224198581636,0.1274136565764031,23.061871840328962,1.840419483881378,26.28968447359784,2.406702401998725
BĘDZIŃSKI,18.748173492441474,0.0,5.624452047732443,0.0,14.99853879395318,0.0,37.49634698488295,0.9374086746220738,49.68265975496991,2.8122260238662213,55.30711180270235,4.6870433731103684,119.05090167700337,14.061130119331107,1532.6631830070905,161.23429203499668,1833.5713675607763,183.73210022592647
CZĘSTOCHOWSKI,7.800631158149421,0.0,0.9750788947686776,0.0,6.825552263380743,0.0,46.80378694889652,1.9501577895373552,72.15583821288214,3.9003155790747104,64.35520705473272,4.875394473843388,180.38959553220536,16.57634121106752,1267.602563199281,116.03438847747263,1646.9082532642965,143.33659753099562
IŁŻECKI,0.00491472963956399,0.0,1.413067307316745e-18,0.0,0.024573648197819948,0.0,3.1179535113495356,0.019658918558255953,9.152356618826484,0.014744188918691966,21.270310130176018,1.014744188918692,53.45706985647945,4.039317837116512,272.2807295160602,13.265395400536455,359.3079080107291,18.353860534048607
JĘDRZEJOWSKI,0.0,0.0,0.0,0.0,0.0,0.0,3.0015662334224302,0.0,7.004307141911683,1.0003915583556076,17.010180517245796,0.0003915583556075821,48.01801168435795,1.0011746750668227,287.1472259417084,18.004307141911685,362.18129151864633,20.00626493368972
KIELECKI,1.0,0.0,1.0,0.0,4.0,0.0,23.0,1.0,33.0,1.0,35.0,3.0,89.0,5.0,840.0,91.0,1026.0,101.0
KONECKI,1.0,0.0,2.0,0.0,5.009232535099949,0.0,14.032313872849823,0.0,31.041546407949774,2.0,29.19388323709894,1.0092325350999496,75.27697605299849,3.0369301403997984,796.6895539232908,41.10617415364942,954.2435060292877,47.15233682914917
KOZIENICKI,1.0,0.0,0.0,0.0,0.0,0.0,2.0,0.0,5.0,0.0,18.0,0.0,43.0,2.0,528.0,19.0,597.0,21.0
MIECHOWSKI,0.0,0.0,0.0,0.0,0.0,0.0,3.9984337665775693,0.0,10.995692858088315,0.9996084416443923,25.9898194827542,0.9996084416443923,45.98198831564205,2.998825324933177,375.8527740582915,10.995692858088315,462.81870848135367,15.993735066310277
OLKUSKI,2.0,0.0,1.0,0.0,1.0,0.0,9.0,0.0,16.0,1.0,27.0,2.0,63.0,2.0,590.0,28.0,709.0,33.0
OPATOWSKI,1.0,0.0,1.0,0.0,8.0,3.0,3.0,2.0,8.0,2.0,24.0,3.0,98.0,6.0,532.0,39.0,675.0,55.0
OPOCZYŃSKI,0.0,0.0,0.0,0.0,1.9907674649000504,0.0,6.967686127150176,0.0,8.958453592050226,0.0,41.806116762901055,1.9907674649000504,59.723023947001515,7.963069859600202,364.31044607670924,22.89382584635058,483.75649397071226,32.84766317085083
PIŃCZOWSKI,0.9999999999663066,0.0,0.0,0.0,0.9999999999663066,0.0,1.9999999999326132,0.0,2.99999999989892,0.0,22.999999999225054,0.0,22.999999999225054,1.9999999999326132,494.9999999833218,28.999999999022894,547.999999981536,30.999999998955506
RADOMSKI,0.976626004569707,0.0,0.0,0.0,4.883130022848535,0.0,23.43902410967297,3.906504018278828,30.27540614166092,2.9298780137091214,53.71443025133389,2.9298780137091214,90.82621842498276,7.813008036557656,850.6412499802149,52.73780424676418,1054.7560849352835,70.31707232901891
SANDOMIERSKI,1.0,0.0,0.0,0.0,0.0,0.0,2.0,0.0,6.0,0.0,23.0,0.0,51.0,2.0,604.0,20.0,687.0,22.0
STOPNICKI,3.369338429610008e-11,0.0,0.0,0.0,3.369338429610008e-11,0.0,6.738676859220015e-11,0.0,5.00000000010108,1.0,15.000000000774948,0.0,60.000000000774946,3.000000000067387,474.0000000166782,44.00000000097711,554.000000018464,48.0000000010445
WŁOSZCZOWSKI,1.0,0.0,0.0,0.0,3.0,0.0,2.0,0.0,8.0,0.0,32.0,1.0,49.0,0.0,724.0,49.0,819.0,50.0
ZAWIERCIAŃSKI,5.0,2.0,5.0,0.0,3.0,1.0,15.0,1.0,11.0,3.0,21.0,3.0,48.0,11.0,488.0,31.0,596.0,52.0
CZĘSTOCHOWA (MIASTO),0.19936884185057896,0.0,0.02492110523132237,0.0,0.17444773661925658,0.0,1.1962130511034736,0.04984221046264474,1.8441617871178553,0.09968442092528948,1.6447929452672765,0.12460552615661186,4.6104044677946385,0.42365878893248027,32.39743680071908,2.965611522527362,42.09174673570348,3.6634024690043883
SOSNOWIEC,1.2518265075585244,0.0,0.37554795226755733,0.0,1.0014612060468195,0.0,2.503653015117049,0.06259132537792622,3.3173402450300897,0.18777397613377866,3.692888197297647,0.3129566268896311,7.94909832299663,0.9388698806688933,102.33681699290938,10.76570796500331,122.42863243922369,12.26789977407354
RADOM (MIASTO),0.018053174837841846,0.0,0.0,0.0,0.09026587418920923,0.0,0.43327619610820434,0.07221269935136738,0.5596484199730972,0.05415952451352554,0.9929246160813016,0.05415952451352554,1.6789452599192918,0.14442539870273477,15.724315283760248,0.9748714412434597,19.497428824869193,1.299828588324613
BIALSKI (BIAŁA KRAKOWSKA),0.47487488073243694,0.0,6.0,0.0,9.0,3.0,43.42462464219731,6.0,35.798999045859496,3.474874880732437,44.69849856878924,2.899499522929748,97.44724737611361,8.474874880732436,881.5529551553963,36.92212225684605,1118.3971996690884,60.77137154124067
BOCHEŃSKI,0.0,0.0,0.0,0.0,0.0,0.0,3.0,0.0,7.0,0.0,11.0,0.0,22.0,0.0,469.0,13.0,512.0,13.0
BRZESKI (BRZESKO),2.0,0.0,0.0,0.0,0.0,0.0,0.0,0.0,5.0,1.0,10.0,2.0,11.0,0.0,274.0,10.0,302.0,13.0
CHRZANOWSKI,6.0,0.0,4.0,0.0,9.0,0.0,20.0,1.0,23.0,1.0,23.0,1.0,51.0,2.0,838.0,40.0,974.0,45.0
DĄBROWSKI,0.0,0.0,0.0,0.0,0.0,0.0,1.0,0.0,0.0,0.0,3.0,1.0,9.0,0.0,175.0,3.0,188.0,4.0
GORLICKI,0.0,0.0,3.0,0.0,0.0,0.0,2.287143021581634,0.0,10.01000115107144,0.0,52.861429064744904,0.0,25.871430215816343,0.28714302158163435,318.477164891939,5.435715107908171,412.50716834515333,5.722858129489806
JASIELSKI,0.0,0.0,1.0,0.0,0.0,0.0,2.0,0.0,6.405100064307545,2.0,30.266300835998088,4.405100064307545,23.456100707382998,5.81020012861509,310.95480951751665,16.645900578767908,374.0823111252053,28.86120077169054
KRAKOWSKI,0.0,0.40177903483387506,3.0,0.0,6.401779034833875,0.0,8.205337104501625,0.0,18.008895174169375,0.0,21.205337104501623,0.0,24.428464557342,0.0,374.83764256913327,25.29428884619538,456.08745554448177,25.696067881029254
KRAKÓW (MIASTO),1.0,0.0,2.0,1.0,9.0,0.0,78.0,2.0,112.0,14.0,165.0,5.0,326.0,15.0,2700.0,95.0,3393.0,132.0
LIMANOWSKI,0.0,0.0,1.0,0.0,0.0,0.0,2.0,0.0,8.0,1.0,10.0,0.0,14.0,0.0,195.0,4.0,230.0,5.0
MIELECKI,0.0,0.0,0.0,0.0,0.0,0.0,4.0,0.0,3.0,0.0,16.0,1.0,8.0,1.0,229.0,6.0,260.0,8.0
MYŚLENICKI,0.0,0.598220965166125,0.0,0.0,0.616222710600661,0.0,4.00581599610801,0.0,9.042696526810001,0.0,8.673191887771587,0.4067179911089678,20.989381981474967,3.0155882101103026,378.57276293943823,82.58170861967184,421.9000720422034,86.60223578605724
NOWOSĄDECKI,0.0,0.0,0.0,0.0,1.0,0.0,5.526250792063662,0.0,18.683755544445635,0.0,18.578752376190987,0.0,59.26250792063662,9.526250792063662,732.5176061365307,116.6312539603183,835.5688727698677,126.15750475238197
NOWOTARSKI,0.0,0.0,0.0,0.0,3.9515232319006426,0.0,1.0870855198884506,0.0,9.056268458298597,0.0,14.061808972783258,1.0209490452795906,41.92088101991434,1.1532219944973103,641.9905144865942,58.66121721435642,712.0680816893794,60.83538825413332
TARNOWSKI,0.0,0.0,0.0,0.0,1.0,0.0,8.186606186354703,1.0,24.306243304482926,1.0,23.559818559064112,3.0,39.86606186354704,11.186606186354703,635.0052289715303,83.93303093177352,731.923958884979,100.11963711812822
WADOWICKI,1.525125119267563,0.0,0.0,0.0,2.030475022664821,0.0,9.629314670540316,1.0,11.013437350255387,0.525125119267563,18.84957864370428,2.4568927517602646,77.4067961091765,5.276611470052803,840.3000629529022,67.73065348186594,960.754789868511,76.98928282294659
ŻYWIECKI,1.0,0.0,3.0,0.0,4.0,0.0,18.647822066764288,1.0,21.079703444607148,3.0,25.511584822450004,0.2159406889214293,21.80722895597858,1.0797034446071465,513.7460618965359,41.810009581064364,608.792401186336,47.10565371459293
DĘBICKI,0.0,0.0,0.0,0.0,1.0,0.0,1.0,0.0,7.594899935692455,0.0,29.733699164001912,0.5948999356924548,38.543899292617006,6.18979987138491,360.0451904824833,26.354099421232092,437.9176888747947,33.13879922830946
BIALSKI (BIAŁA PODLASKA),0.0,0.0,0.0,0.0,0.999999999992308,0.0,1.999999999984616,0.0,4.577076610829055,0.0,24.142305090349815,0.0,39.66799729385181,0.0,551.395362756257,22.628461017933045,622.7827417512647,22.628461017933045
BIŁGORAJSKI,0.0,0.0,0.0,0.0,1.0,0.0,0.0,0.0,10.0,1.0,8.0,2.0,41.0,5.0,234.0,23.0,294.0,31.0
CHEŁMSKI,1.0,0.0,0.0,0.0,1.0,0.0,9.0,1.0,19.0,3.0,34.0,1.0,42.0,3.0,630.0,44.0,736.0,52.0
GARWOLIŃSKI,0.0,0.0,0.0,0.0,0.0,0.0,1.0,0.0,10.0,0.0,29.0,1.0,47.0,2.0,626.0,51.0,713.0,54.0
HRUBIESZOWSKI,1.9998258442866363,0.0,0.0,0.0,0.0,0.0,1.9998258442866363,0.0,9.007311951317387,0.0,22.00707945607247,0.0,35.99506616337556,4.005048789924955,410.261138653103,20.018047814489197,481.2702479124417,24.023096604414153
JANOWSKI,0.0,0.0,1.0,0.0,0.0,0.0,1.0,0.0,6.0,0.0,34.0,1.0,45.0,4.0,419.0,39.0,506.0,44.0
KRASNOSTAWSKI,0.0,0.0,0.0,0.0,0.0,0.0,3.0,0.0,6.0,2.0,33.0,1.0,36.0,2.0,437.0,29.0,515.0,34.0
LUBARTOWSKI,0.0,0.0,0.0,0.0,0.0,0.0,1.0,0.0,7.0,0.0,19.0,0.0,18.0,1.0,412.0,6.0,457.0,7.0
LUBELSKI,2.9531099991717693,0.0,3.9374799988956926,0.0,5.906219998343539,0.0,19.68739999447846,0.9843699997239231,30.515469991441616,0.9843699997239231,71.85900997984639,2.9531099991717693,168.32726995279086,7.874959997791385,1441.1176795958236,95.48388997322054,1744.3036395107918,108.28069996963154
ŁUKOWSKI,0.0,0.0,0.0,0.0,1.0,0.0,0.0,0.0,7.0,0.0,23.0,1.0,21.0,5.0,477.0,34.0,529.0,40.0
PUŁAWSKI,2.0,0.0,0.0,0.0,0.0,0.0,1.0,0.0,10.0,1.0,27.0,2.0,65.0,5.0,662.0,31.0,767.0,39.0
RADZYŃSKI,0.0,0.0,0.0,0.0,0.0,0.0,4.0,0.0,8.0,1.0,24.0,1.0,39.0,12.0,483.0,43.0,558.0,57.0
SIEDLECKI,0.0,0.0,0.0,0.0,0.0,0.0,1.0,2.0,5.422923389143809,0.0,33.85769490953174,1.0,44.33200270591301,1.0,619.6046372400666,25.371538981906347,704.2172582446551,29.371538981906347
SOKOŁOWSKI,0.0,0.0,0.0,0.0,0.0,0.0,2.0,0.0,3.0,0.0,11.0,1.0,14.0,0.0,332.0,22.0,362.0,23.0
TOMASZOWSKI,0.998200966216106,0.0,0.0,0.0,0.0,0.0,0.998200966216106,0.0,8.983808695944955,0.0,15.971215459457696,0.0,16.969416425673803,4.99100483108053,369.3343574999592,20.962220290538227,413.25520001346786,25.953225121618757
WĘGROWSKI,0.0,0.0,0.0,0.0,2.0,0.0,1.0,0.0,6.0,0.0,18.0,0.0,23.0,1.0,336.0,20.0,386.0,21.0
WŁODAWSKI,0.0,0.0,0.0,0.0,1.0,0.0,6.0,0.0,4.0,1.0,12.0,0.0,23.0,4.0,656.0,36.0,702.0,41.0
ZAMOJSKI,1.0019731894972577,0.0,0.0,0.0,2.0,0.0,11.001973189497258,0.0,24.008879352737658,0.0,33.021705084469836,2.0,49.03551741095064,2.0039463789945153,516.4045038469378,46.01973189497258,636.4745520740904,50.02367827396709
LUBLIN (MIASTO),0.04689000082823068,0.0,0.06252000110430757,0.0,0.09378000165646136,0.0,0.3126000055215378,0.015630000276076892,0.48453000855838363,0.015630000276076892,1.1409900201536132,0.04689000082823068,2.6727300472091486,0.12504000220861514,22.88232040417657,1.5161100267794585,27.696360489208253,1.719300030368458
BÓBRECKI,1.0,0.0,0.0,0.0,0.0,0.0,2.0,1.0,6.0,0.0,26.0,2.0,16.0,2.0,305.0,4.0,356.0,9.0
BRZOZOWSKI,0.0,0.0,0.0,0.0,0.0,0.0,0.0,0.0,2.0,0.0,20.0,2.0,24.0,2.0,203.0,9.0,249.0,13.0
DOBROMILSKI,0.0,0.0,0.0,0.0,2.1076699580909908e-16,0.0,3.0,0.0,8.912026303705437,0.0,14.432070143214498,2.0,25.86414028642899,0.0,211.2572187383519,3.6080175358036253,263.4654554717008,5.608017535803626
DROHOBYCKI,2.0,0.0,2.0,0.0,2.090054591924355,0.0,22.04502729596218,0.0,34.36021836769742,3.0,227.63038214347048,5.0,49.630382143470484,9.0,577.7427247572963,65.58535484750831,917.4987892998212,82.58535484750831
GRÓDECKI,0.0,0.0,0.0,0.0,0.0,0.0,1.0,0.0,6.0,0.0,16.000000012284136,1.0000000010236783,11.000000014331494,2.0000000020473565,212.00000020371195,32.00000001330782,246.0000002303276,35.00000001637885
JAROSŁAWSKI,0.0,0.0,0.0,0.0,0.0,0.0,5.0,0.0,5.0,2.0,17.0,0.0,18.0,2.0,237.0,6.0,282.0,10.0
JAWOROWSKI,0.0,0.0,0.0,0.0,0.0,0.0,0.0,0.0,0.00030817166469598265,0.0,11.601020420579955,0.9667106121597034,13.534996353895815,1.9336061273182246,192.38496514138657,12.568285741736112,217.52129008752703,15.46860248121404
KOLBUSZOWSKI,0.0,0.0,0.0,0.0,0.0,0.0,0.0,0.0,9.0,0.0,5.0,0.0,10.0,2.0,275.0,2.0,299.0,4.0
KROŚNIEŃSKI,0.0,0.0,1.0,0.0,1.0,0.0,3.2320335604104966,0.4106778534701655,16.160167802052484,0.0,45.928134241641985,4.6427114138806616,30.320335604104965,5.874744974291159,345.3860807454508,26.285422827761323,443.0267519536607,37.21355706940331
LESKI,0.0,0.0,1.0,0.0,1.0,0.0,1.0,0.0,10.0,3.0,22.0,3.0,24.0,2.0,234.0,10.0,293.0,18.0
LWOWSKI,1.0,0.0,0.0,0.0,3.0,1.0,7.0,0.0,23.0,1.0,37.0,1.0,59.0,1.0,542.0,25.0,672.0,29.0
LWÓW (MIASTO),2.0,1.0,0.0,0.0,9.0,0.0,27.0,1.0,65.0,2.0,129.0,3.0,237.0,7.0,2807.0,36.0,3276.0,50.0
ŁAŃCUCKI,0.0,0.0,0.0,0.0,1.0,0.0,7.0,0.0,8.0,1.0,20.0,3.0,25.0,6.0,318.0,18.0,379.0,28.0
MOŚCISKI,0.0,0.0,0.0,0.0,0.0,0.0,3.0,0.0,3.0,0.0,14.0,0.0,11.0,0.0,193.0,2.0,224.0,2.0
NIŻAŃSKI,0.0,0.0,0.0,0.0,0.0,0.0,4.0,0.0,6.0,0.0,15.0,0.0,5.0,1.0,165.0,5.0,195.0,6.0
PRZEMYSKI,0.0,0.0,0.0,0.0,2.0,0.0,4.0,0.0,15.0,1.0,37.0,2.0,82.0,3.0,746.0,30.0,886.0,36.0
PRZEWORSKI,1.0,0.0,0.0,1.0,0.0,0.0,1.0,0.0,5.0,0.0,11.0,0.0,3.0,1.0,141.0,2.0,162.0,4.0
RAWSKI (RAWA RUSKA),0.0,0.0,0.0,0.0,0.0,0.0,1.0,0.0,6.0,0.0,42.0,0.0,20.0,0.0,488.0,0.0,557.0,0.0
RUDECKI,0.0,0.0,0.0,0.0,0.0,0.0,2.0,0.0,0.0,0.0,13.0,3.0,11.0,3.0,304.0,15.0,330.0,21.0
RZESZOWSKI,0.0,0.0,0.0,0.0,0.0,0.0,5.767966439589504,0.5893221465298345,16.839832197947516,1.0,41.071865758358015,3.357288586119338,61.67966439589503,8.125255025708842,559.6139192545493,17.714577172238677,684.9732480463392,30.786442930596692
SAMBORSKI,0.0,0.0,0.0,0.0,1.9099454080756444,0.0,0.9549727040378222,0.0,9.72775532859714,0.0,18.937547713315013,0.0,24.505477570100517,0.0,367.0000565043518,13.806627616688065,423.03575522847797,13.806627616688065
SANOCKI,1.0,0.0,0.0,0.0,0.0,0.0,2.0,0.0,14.0,0.0,30.0,0.0,18.0,0.0,354.0,9.0,419.0,9.0
SOKALSKI,0.0,0.0,0.0,0.0,0.0,0.0,2.976402691649804,0.0,7.937073844399477,0.9921342305499347,55.55951691079634,1.9842684610998693,31.74829537759791,3.9685369221997386,341.29417530917755,17.858416149898822,439.51546413362104,24.803355763748367
TARNOBRZESKI,0.0,0.0,0.0,0.0,2.0,0.0,5.0,0.0,8.0,1.0,19.0,3.0,10.0,2.0,307.0,26.0,351.0,32.0
ŻÓŁKIEWSKI,0.0,0.0,0.0,0.0,0.0,0.0,2.9999999999808655,0.0,10.999999999929841,0.9999999999936219,22.999999999853305,0.9999999999936219,42.99999999972574,1.9999999999872438,385.99999999753805,15.99999999989795,465.99999999702777,19.999999999872436
LUBACZOWSKI,0.0,0.0,0.0,0.0,0.0,0.0,0.0,0.0,4.999691828335304,0.0,20.398979567135907,1.0332893868166182,31.46500363177269,5.0663938706344185,360.6150346549015,30.43171424495607,417.47870968214534,36.53139750240711
TURCZAŃSKI,0.0,0.0,0.0,0.0,0.0,0.0,2.0,0.0,9.0,2.0,12.0,1.0,15.0,2.0,180.0,12.0,218.0,17.0
BRZEZIŃSKI,2.0,0.0,2.0,0.0,6.0,1.0,11.0,2.0,26.0,1.0,42.0,2.0,69.0,9.0,783.0,50.0,941.0,65.0
ŁASKI,2.0,0.0,2.0,0.0,1.0,0.0,29.0,0.0,41.0,0.0,68.0,0.0,144.0,7.0,856.0,29.0,1143.0,36.0
ŁĘCZYCKI,4.0,0.0,3.0,0.0,1.0,0.0,6.0,0.0,8.0,2.0,28.0,0.0,39.0,0.0,513.0,59.0,602.0,61.0
ŁÓDZKI,4.0,0.0,4.0,0.0,4.0,0.0,40.0,1.0,73.0,4.0,79.0,6.0,180.0,9.0,854.0,112.0,1238.0,132.0
ŁÓDŹ (MIASTO),26.0,0.0,29.0,0.0,45.0,4.0,293.0,11.0,348.0,25.0,331.0,28.0,862.0,82.0,6266.0,702.0,8200.0,852.0
PIOTRKOWSKI,4.000000000151676,0.0,3.000000000151676,0.0,1.0,0.0,15.000000000910056,1.0,23.00000000189595,2.0,70.00000000386774,4.0,104.00000000424693,4.000000000455028,744.000000054755,23.000000002578492,964.0000000659791,34.00000000303352
RADOMSZCZAŃSKI,1.999999999848324,0.0,1.999999999848324,0.0,0.0,0.0,11.999999999089944,0.0,24.99999999810405,0.0,50.99999999613226,0.0,55.99999999575307,5.999999999544972,721.999999945245,33.99999999742151,869.9999999340209,39.99999999696648
SIERADZKI,0.019851385493009042,0.0,1.0067173553417235,0.0,1.0023939791584993,0.0,27.082570412202408,3.9897245311409884,42.15754340037589,3.0121447838487505,86.2427212675629,5.026218964722226,122.35307927894512,10.036909920134667,952.2312763001507,76.66707803944888,1232.0961533792304,98.73207623929552
WIELUŃSKI,1.0,0.0,0.0,0.0,0.0,0.0,1.0,0.0,6.0,1.0,24.0,0.0,47.0,5.0,509.0,44.0,588.0,50.0
POŁUDNIOWO-WARSZAWSKI,3.2835722947384554,0.0,2.0895460057426534,0.8955197167468515,16.716368045941227,0.597013144497901,108.05937915412008,5.373118300481109,158.20848329194376,8.656690595219564,161.49205558668223,6.865651161725862,541.1924154873473,40.29838725360832,4074.614711198174,371.34217587769444,5065.65653106469,434.02855604997404
PÓŁNOCNO-WARSZAWSKI,3.170309745302574,0.0,2.01746983791982,0.8646299305370657,16.13975870335856,0.5764199536913771,104.33201161813926,5.187779583222394,152.75128772821495,8.358089328524969,155.9215974735175,6.628829467450837,522.5246880212334,38.908346874167954,3934.066183943649,358.5332111960366,4890.923307071334,419.0573063336312
PRASKO-WARSZAWSKI,3.649889334401379,0.0,2.322656849164514,0.9954243639276488,18.581254793316113,0.6636162426184326,120.1145399139363,5.972546183565893,175.85830429388463,9.622435517967272,179.508193628286,7.6315867901119745,601.5681239336091,44.7940963767442,4529.180855870803,412.76930290866505,5630.7838186174,482.44900838360047
ŚRÓDMIEJSKO-WARSZAWSKI,0.8962286255575911,0.0,0.5703273071730125,0.24442598878843394,4.5626184573841,0.1629506591922893,29.494069313804363,1.4665559327306037,43.181924685956666,2.362784558288195,44.07815331151426,1.873932580711327,147.71477255781025,10.999169495479528,1112.1382489873745,101.35531001760394,1382.6363432465746,118.46512923279431
BARANOWICKI,0.0,0.0,0.0,0.0,0.0,0.0,5.0,0.0,3.0,0.0,12.0,2.0,69.0,10.0,548.0,87.0,637.0,99.0
LIDZKI,0.0,0.0,0.6557585181392943,0.0,0.6557585181392943,0.0,5.901826663253649,0.0,12.459411844646592,0.6557585181392943,26.886099243711065,1.967275554417883,85.90436587624755,7.2133436995322375,601.9863196518721,30.164891834407538,734.4495403160096,40.001269606496955
NIEŚWIESKI,0.0,0.0,0.0,0.0,1.0,0.0,3.0,0.0,1.0,0.0,20.0,3.0,42.0,5.0,657.0,42.0,724.0,50.0
NOWOGRÓDZKI,0.0,0.0,0.0,0.0,0.008274719033178845,0.0,2.016549438066358,0.0,6.049648314199073,1.0,26.115846066464503,3.0,91.3889117945594,5.049648314199073,663.3913938005887,75.18204381872994,788.9706241329112,84.23169213292901
SŁONIMSKI,0.0,0.0,0.0,0.0,0.0,0.0,5.0,1.0,13.0,2.0,24.0,9.0,101.0,21.0,515.0,34.0,658.0,67.0
STOŁPECKI,0.0,0.0,0.0,0.0,0.9917252809668212,0.0,1.9834505619336424,0.0,5.9503516858009275,0.0,13.884153933535497,0.0,46.611088205440595,5.9503516858009275,286.6086061994113,21.817956181270066,356.02937586708885,27.768307867070995
WOŁOŻYŃSKI,1.0,0.0,0.0,0.0,1.0,0.0,4.0,1.0,6.0,2.0,22.0,1.0,45.0,8.0,286.0,71.0,365.0,83.0
SZCZUCZYŃSKI (WOJ. NOWOGRÓDZKIE),0.0,0.0,0.3442414818607057,0.0,0.3442414818607057,0.0,3.2045593919393354,0.0,6.7462678620598435,0.3655186928993025,14.333765270354434,1.0469092529411816,45.592102381319705,3.8363031262244887,324.5813039930028,16.36703844155738,395.14648186239754,21.615769513622354
BRZESKI (BRZEŚĆ N.BUG.),0.0,0.0,0.0,0.0,7.691967603581777e-12,0.0,6.999999983347811,0.9999999976189181,15.999999961929827,0.0,19.99999995249681,6.999999983332427,83.9999998002243,2.9999999928567544,1003.9999976130701,75.99999981919838,1130.9999973110766,86.99999979300648
DROHICKI,0.0,0.0,0.0,0.0,0.0,0.0,0.0,0.0,2.9937478935266215,0.0,8.981243680579864,0.0,24.947899112721846,2.9937478935266215,275.42480620444917,21.95415121919522,312.3476968912775,24.947899112721846
KOBRYŃSKI,0.0,0.0,0.0,0.0,0.0,0.0,1.0000000166675729,2.381081851628114e-09,4.000000038097309,0.0,6.000000047621637,1.0000000166675729,23.000000200010877,5.000000007143246,407.0000023906062,25.00000018096222,441.0000026930036,31.00000020715412
KOSZYRSKI,0.0,0.0,0.0,0.0,0.0,0.0,1.0,0.0,6.0,0.0,9.0,0.0,19.0,2.0,132.0,11.0,167.0,13.0
ŁUNINIECKI,0.0,0.0,0.0,0.0,2.02228142003446,0.0,6.05570355008615,0.0,10.245095620379063,1.01114071001723,12.456769110706434,6.155969940241222,40.83555325129226,2.100266390155071,156.31944648132017,14.679583311051037,227.93484943381856,23.94696035146456
PIŃSKI,0.0,0.0,0.0,0.0,1.9777185799655397,0.0,4.944296449913849,0.0,21.761156486094315,0.9888592899827698,40.561987208713695,13.844030059758778,74.21654763598589,8.905985716318307,650.2557473142306,60.366265469753735,793.7174536749039,84.10514053581359
PRUŻAŃSKI,0.0,0.0,0.0,0.0,0.0,0.0,1.0,0.0,1.0,1.0,8.0,0.0,28.0,1.0,405.0,23.0,443.0,25.0
STOLIŃSKI,0.0,0.0,0.0,0.0,0.0,0.0,4.0,0.0,9.0,0.0,20.0,1.0,64.0,1.0,432.0,48.0,529.0,50.0
IWACEWICKI,0.0,0.0,0.0,0.0,0.0,0.0,3.0,0.0,12.0,1.0,13.0,0.0,30.0,3.0,295.0,29.0,353.0,33.0
BRODNICKI,0.010570489998429342,0.0,0.0,0.0,0.048952733623046966,0.0,5.1679991808659995,0.0,13.689237987091756,1.0,35.09255900518343,3.0,53.83352078315847,2.1824693872335286,498.89622641133263,33.28447022330652,606.7390665912538,39.466939610540045
CHEŁMIŃSKI,0.9873299093476328,0.0,0.9639412332361315,0.0,1.0341072615706355,0.0,4.253372426840048,0.0,4.03786882917196,0.023388676111501333,15.675329656340041,4.819706166180657,24.603070680027162,3.949319637390531,265.3813363805401,36.479423780974834,316.93635637707376,45.271838260657525
CHOJNICKI,0.0,0.0,0.006893460434450329,0.0,1.001023816252133,0.0,7.006406762327539,0.0,14.95179619699716,1.9742838029071168,38.747743665555404,1.9742838029071168,49.60620958761487,5.922471433002655,418.9427090631831,17.845142242380398,530.2627825523647,27.716181281197283
GRUDZIĄDZ (MIASTO),3.0,0.0,1.0,0.0,2.0,0.0,10.0,0.0,22.0,1.0,14.0,1.0,77.0,6.0,405.0,26.0,534.0,34.0
GRUDZIĄDZKI,0.9894295100015706,0.0,0.0,0.0,0.0,0.0,1.9788590200031413,0.0,4.947147550007854,0.0,19.788590200031415,0.0,15.83087216002513,7.915436080012565,218.66392171034713,14.84144265002356,262.1988201504162,22.756878730036124
KARTUSKI,0.0,0.0,0.0,0.0,0.0,0.0,4.890147379876776,0.0,5.868176855852131,0.0,13.692412663654972,0.0,25.428766375359235,0.9780294759753552,266.0240174652966,12.714383187679617,315.9035207400397,13.692412663654972
KOŚCIERSKI,0.0,0.0,0.0,0.0,0.9619901516277811,0.0,2.9958303864785387,0.0,6.86576882848628,0.9619919794957739,24.357366717191454,0.9619919794957739,29.430974730834055,0.9839698149923898,231.08202165478684,12.791497922821502,295.69395246940496,15.69945169680544
LUBAWSKI,0.0,0.0,0.0,0.0,0.0,0.0,2.0,0.0,9.0,0.0,28.0,1.0,31.0,0.0,363.0,27.0,433.0,28.0
SĘPOLEŃSKI,0.0,0.0,0.0,0.0,0.0,0.0,0.0,0.0,13.0,1.0,26.0,0.0,22.0,0.0,244.0,2.0,305.0,3.0
STAROGARDZKI,0.0,0.0,0.9931065395655497,0.0,2.237986417431802,0.0,14.792346063598783,0.0,22.5372335438406,0.07120531207560882,40.58493286022923,0.12128074761772611,43.21096851048863,0.4991086119152855,397.7206433810515,17.245665771646035,522.0772173162062,17.937260443254655
ŚWIECKI,0.9788413095970142,0.0,0.0,0.0,3.06019633979251,0.0,12.329757412699541,0.0,43.04485524321138,1.0320024257297562,51.44320483787123,3.0694267191228977,65.6614411739804,0.3005059381356773,599.9409576833149,51.60399578535379,776.459254000467,56.00593086834212
TCZEWSKI,1.0,0.0,0.0,0.0,0.662375939078694,0.0,9.987127817236082,0.0,13.974255634472165,3.0,30.260390964337798,1.0,55.54652629420343,1.324751878157388,417.09894720652574,36.221774416046046,528.529623855854,41.54652629420343
TORUŃ (MIASTO),0.02043077507712516,0.0,0.0,0.0,0.061292325231375476,0.0,0.3473231763111277,0.0,1.0011079787791328,0.02043077507712516,1.0624003040105083,0.0,2.1248006080210167,0.08172310030850063,17.100558739553758,1.552738905861512,21.717913906984045,1.654892781247138
TORUŃSKI,0.992239315575242,0.0,0.03605876676386852,0.0,2.904600413197989,0.0,16.399304396848823,0.0,46.961023192048906,0.9561805488113735,50.26227003964945,0.1802938338193426,100.27212871195181,3.968957262300968,809.5181048799061,73.96783731316366,1027.3457297159423,79.07326895809533
TUCHOLSKI,0.021158690402985843,0.0,0.0,0.0,0.07642733581708022,0.0,7.998384177782742,0.0,8.757913697140284,1.9605164797917445,15.913948291159928,4.873016750856486,21.115113327519378,1.9911628478212493,207.19070354584136,16.577540674072623,261.07364906566374,25.402236752542102
WĄBRZESKI,0.0,0.0,0.0,0.0,0.951047266376953,0.0,2.853141799130859,0.0,12.36361446290039,0.0,17.118850794785153,0.0,32.3356070568164,1.902094532753906,399.43985187832027,21.87408712666992,465.06211325833004,23.776181659423827
MORSKI,0.0,0.0,0.0,0.0,2.0,0.0,8.0,0.0,24.0,5.0,34.0,4.0,102.0,12.0,514.0,136.0,684.0,157.0
GDYNIA (MIASTO),0.0,0.0,0.0,0.0,0.0,0.0,0.0,0.0,0.0,0.0,0.0,0.0,0.0,0.0,0.0,0.0,0.0,0.0
BYDGOSKI,0.0,0.0,0.0,0.0,0.0,0.0,13.99395049490893,0.0,19.9913578498699,1.99913578498699,23.98962941984388,0.0,28.987468882311354,0.0,319.8617255979184,11.99481470992194,406.8241322448525,13.99395049490893
BYDGOSZCZ (MIASTO),0.0,0.0,2.0,0.0,9.0,1.0,48.00604950509107,0.0,79.0086421501301,3.00086421501301,58.01037058015612,2.0,156.01253111768864,4.0,1026.1382744020816,84.00518529007806,1378.1758677551475,94.00604950509107
INOWROCŁAWSKI,5.0,0.0,0.0,0.0,0.0,0.0,12.0,0.0,15.0,0.0,33.0,0.0,85.0,1.0,568.0,30.0,718.0,31.0
INOWROCŁAW (MIASTO),0.0,0.0,0.0,0.0,0.0,0.0,0.0,0.0,0.0,0.0,0.0,0.0,0.0,0.0,0.0,0.0,0.0,0.0
SZUBIŃSKI,0.0,0.0,2.0,0.0,0.0,0.0,7.0,0.0,9.0,1.0,22.0,0.0,23.0,0.0,323.0,20.0,386.0,21.0
WYRZYSKI,1.0,0.0,0.0,0.0,2.0,0.0,5.0,0.0,13.0,0.0,55.0,0.0,37.0,2.0,512.0,14.0,625.0,16.0
LIPNOWSKI,0.9999999999934985,0.0,0.0,0.0,0.0,0.0,2.9999999999804956,0.0,5.999999999960991,0.0,18.999999999876472,2.9999999999804956,23.999999999843965,2.9999999999804956,320.99999999791305,16.999999999889475,373.99999999756847,22.999999999850466
NIESZAWSKI,1.0,0.0,0.0,0.0,0.0,0.0,3.0,0.0,9.0,0.0,22.0,1.0,18.0,11.0,299.0,83.0,352.0,95.0
RYPIŃSKI,0.9880273818172771,0.0,0.0,0.0,0.0,0.0,1.9760547636345542,0.0,5.928164290903663,0.9880273818172771,14.820410727259157,0.0,37.545040509056534,0.0,697.5473315629977,40.50912265450836,758.8050292356688,41.497150036325635
WŁOCŁAWSKI,2.0,0.0,1.0,0.0,4.0,0.0,21.0,0.0,22.0,6.0,37.0,1.0,70.0,11.0,708.0,86.0,865.0,104.0
CHODZIESKI,0.0,0.0,1.0,0.0,1.0,0.0,6.0,0.0,14.0,0.0,23.0,1.0,25.0,1.0,414.0,18.0,484.0,20.0
CZARNKOWSKI,0.0,0.0,0.0,0.0,3.2115708139771045e-17,0.0,8.0,3.2115708139771045e-17,12.0,3.2115708139771045e-17,22.0,2.0,24.0,3.0,303.0,20.0,369.0,25.0
GNIEŹNIEŃSKI,1.0146365670931852,0.0,0.029817464800416006,0.0,1.0344980909426977,0.0,8.230452177579775,0.034770256250050875,24.394794465471577,0.019861523849842872,38.91623083678133,1.029545299493723,55.88052661217217,0.0,661.7881600944407,27.37042360384501,791.2891163092819,28.454600683438628
GOSTYŃSKI,1.0063786509640398,0.0,0.0,0.0,0.007922910144348715,0.0,2.26721748481211,0.004565454195472252,13.487962813949084,1.0120188340106524,21.929554778829697,0.026051457530782272,24.674058362059366,0.007922910144348715,413.14977489445266,13.717916145005086,476.52286989521133,14.768474800886343
JAROCIŃSKI,1.0,0.0,0.0,0.0,1.6596526156358131,0.0,10.97895784690744,0.8298263078179066,27.787742001632786,1.8298263078179065,48.59652615635813,1.8298263078179065,39.2772209250865,3.8298263078179065,527.4757826401276,28.4473946172686,656.7758821857483,36.76669984854023
KĘPIŃSKI,0.0,0.0,0.0,0.0,0.9999999999999999,0.0,3.0,0.0,28.0,2.0,38.0,3.0,48.0,3.9999999999999996,600.0,26.0,718.0,35.0
KOŚCIAŃSKI,0.9299741381886915,0.0,0.0,0.0,1.004256916887615,0.0,8.819720832779378,0.0,13.486619191273295,0.9342310550763063,48.08844368032527,0.012770750662844617,53.33944378483895,1.004256916887615,609.834803436443,12.758208804743301,735.5032619807363,14.709467527370066
KROTOSZYŃSKI,1.0,0.0,2.0,0.0,0.0,0.0,5.9718224616563145,1.0,24.904805305012133,2.064738219222669,35.282572540391335,2.0,57.00382526769227,6.129476438445338,713.6872771666965,35.9779266667701,839.8503027414487,47.17214132443811
LESZCZYŃSKI,1.019375027900842,0.0,1.0,0.0,0.0,0.0,5.058125083702526,0.0,23.155000223206734,0.019375027900841946,40.561875809124416,2.0,68.77500111603368,2.0,627.626259542088,33.07750011160337,767.1956368020561,37.096875139504206
MIĘDZYCHODZKI,0.0,0.0,0.0,0.0,0.0,0.0,7.0,0.0,10.0,0.0,28.0,1.0,32.0,2.0,292.0,10.0,369.0,13.0
MOGILEŃSKI,2.0,0.0,0.0,0.0,0.0,0.0,8.0,1.0,18.0,2.0,50.0,1.0,58.0,3.0,708.0,35.0,844.0,42.0
NOWOTOMYSKI,1.0,0.0,0.0,0.0,0.0,0.0,9.0,0.0,20.0,1.0,60.0,0.0,58.0,9.0,828.0,37.0,976.0,47.0
OBORNICKI,0.025840590408813438,0.0,0.051681180817626876,0.0,1.0466780342410957,0.0,11.255052472563918,1.0466780342410957,18.452595760207522,1.0208374438322823,38.106913097109015,0.051681180817626876,41.01438188615299,0.0,350.40564913856093,13.477611493090176,460.3587921600619,15.59680815198118
OSTROWSKI (OSTRÓW WIELKOPOLSKI),1.0,0.0,1.0,0.0,2.340347384364187,0.0,9.891565714647223,1.1701736921820935,23.88856690225387,1.1054354729594245,37.75609165141518,0.17017369218209355,58.8811822250188,4.040697253736756,607.7928300887638,39.84048497128204,742.5505839664631,46.326965082342404
POZNAŃ (MIASTO),2.0,0.0,3.0,0.0,8.0,0.0,91.0,2.0,130.0,5.0,132.0,8.0,361.0,18.0,2003.0,102.0,2730.0,135.0
RAWICKI,1.016705367338637,0.0,0.0,0.0,0.0,0.0,10.015148917895385,1.995434545804528,11.202747135161381,0.018988094436373153,15.32653288782505,0.997717272902264,22.34852998701364,0.0,391.10876881995694,21.17991986418402,451.01843311519104,24.192059777327184
SZAMOTULSKI,1.0,0.0,1.0,0.0,0.0,0.0,6.0,0.0,22.0,0.0,47.0,1.0,26.0,1.0,497.0,14.0,600.0,16.0
ŚREDZKI,1.0,0.0,0.0,0.0,0.0,0.0,4.0,1.0,11.0,1.0,34.0,2.0,36.0,1.0,354.0,24.0,440.0,29.0
ŚREMSKI,0.02756681560778987,0.0,0.0,0.0,0.9878201729680365,0.0,6.997441657599625,0.0,11.086556427510722,1.0153869885758264,28.458402495730926,2.9634605189041094,33.7007383322568,0.9878201729680365,423.3245034114714,9.000648819143487,504.5830293131453,13.96731649959146
WĄGROWIECKI,3.646016387751378e-11,0.0,0.0,0.0,1.0000503551268964,0.0,6.001309901216109,1.0000503551268964,12.001813586301777,1.0000503551268964,23.003979925359584,7.292032775502755e-11,18.005340582824562,0.0,375.0124334544442,15.00035221982265,435.02492780530963,17.00045293014936
WOLSZTYŃSKI,0.0,0.0,0.0,0.0,0.0,0.0,5.0,1.0,8.0,2.0,23.0,2.0,26.0,3.0,462.0,22.0,524.0,30.0
WRZESIŃSKI,1.0,0.0,0.0,0.0,0.0,1.0,5.0,1.0,13.0,0.0,15.0,1.0,27.0,0.0,317.0,24.0,378.0,27.0
ŻNIŃSKI,0.9999999999632098,0.0,0.0,0.0,0.0,0.0,2.999999999889629,0.0,9.999999999632097,0.0,12.999999999521727,1.9999999999264195,27.999999998969873,0.0,330.99999998782243,28.999999998933085,385.999999985799,30.999999998859504
POZNAŃSKI,0.9592506771909786,0.0,1.9185013543819571,0.0,1.9185013543819571,0.0,11.511008126291742,1.9185013543819571,20.14426422101055,0.9592506771909786,47.96253385954893,1.9185013543819571,45.084781827975995,0.0,338.61548904841544,20.14426422101055,468.1143304691975,24.940517606965443
GNIEZNO (MIASTO),0.0002721653073531498,0.0,0.0,0.0,0.0002721653073531498,0.0,0.0021773224588251985,0.0,0.006531967376475595,0.0,0.010342281679419692,0.0002721653073531498,0.01496909190442324,0.0,0.17826827631631312,0.007348463298535045,0.21283327035016317,0.007620628605888195
KALISKI,3.9400895531660547,0.0,0.9982805233787777,0.0,0.9875912555062666,0.0,27.682054090578244,0.0102754688590116,49.40176890908535,3.9477961548103133,75.29640944807402,6.918690321986872,114.80047346733816,9.907980358680199,1005.2885311029899,117.11198887056055,1278.3951983501165,137.89673117489693
KOLSKI,0.0,0.0,0.0,0.0,0.0,0.0,8.0,0.0,11.0,2.0,30.0,2.0,31.0,1.0,654.0,20.0,734.0,25.0
KONIŃSKI,1.0,0.0,0.0,0.0,0.0,0.0,8.0,0.0,23.0,0.0,47.0,2.0,41.0,2.0,1166.0,72.0,1286.0,76.0
TURECKI,0.0400590613409366,0.0,0.9950021212794989,0.0,0.01001476533523415,0.0,3.235375497219351,0.0,4.440687690538766,0.0400590613409366,20.460869284363092,1.0550907132909038,21.846447253716722,3.055109721185136,382.4801925968595,64.22093308999058,433.5086482706531,68.37119258580756
DOLIŃSKI,0.0,0.0,1.929497218962382,0.964748609481191,2.894245828443573,0.0,3.858994437924764,2.894245828443573,3.858994437924764,0.0,21.224469408586202,2.894245828443573,47.27268186457836,2.894245828443573,364.67497438389023,30.871955503398112,445.7138575803102,40.51944159821002
HORODEŃSKI,1.0,0.0,0.0,0.0,0.0,0.0,0.0,0.0,1.0,0.0,10.0,2.0,29.0,1.0,404.0,5.0,445.0,8.0
KAŁUSKI,0.9678153079997934,0.0,0.9678153079997934,0.0,0.0,0.0,1.9356306159995869,0.0,4.839076539998967,0.0,10.645968387997728,0.9678153079997934,30.97008985599339,2.90344592399938,455.8410100679027,32.90572047199298,506.167406083892,36.77698170399215
KOŁOMYJSKI,0.0,0.0,0.010216647841882216,0.0,2.0,0.0,6.09194983057694,0.010216647841882216,21.326932730940232,2.0715165348931754,19.55169898346164,0.1328164219444688,46.56191563130352,2.0817331827350576,740.821026292864,62.52104903993599,836.3637401169882,66.81733182735059
KOSOWSKI (KOSÓW HUCULSKI),0.0,0.0,0.0,0.0,1.0,0.0,1.0,0.0,6.0,1.0,12.0,5.0,39.0,13.0,479.0,20.0,538.0,39.0
NADWÓRNIAŃSKI,0.022238210954890442,0.0,1.0120215631130083,0.0,0.5863411166946917,0.0,10.711549941416916,0.9897833521581179,34.12962279061299,6.928483465106825,56.62462692051562,12.889421789010422,67.4628705698415,7.984981450129614,550.1057537916554,68.23894251667635,720.655024904805,97.03161257308133
ROHATYŃSKI,0.0,0.0,0.0,0.0,0.0,0.0,1.0,0.0,7.0,0.0,31.0,2.0,18.0,5.0,299.0,23.0,356.0,30.0
STANISŁAWOWSKI,1.009946481045316,0.0,0.009946481045316133,0.0,1.4136588833053083,0.0,14.314100697627682,0.0,26.812258204881907,0.014766194242371208,36.479227215963746,2.0528169685805846,90.50182609807779,4.100814223964114,982.5853592273877,54.65510258031329,1153.1263232893346,60.82349996710035
STRYJSKI,0.0,0.0,0.07050278103761796,0.03525139051880898,2.1688646820536674,0.0,11.204116072572477,1.105754171556427,9.456558114561439,3.126221020994481,30.03774080135861,3.231975192550908,36.24197038735541,4.231975192550908,673.7540598437356,29.579586238038416,762.9338126826748,41.310763206209955
ŚNIATYŃSKI,0.0,0.0,0.0,0.0,0.0,0.0,1.0,1.0,4.0,2.0,10.0,1.0,24.0,2.0,387.0,23.0,426.0,29.0
TŁUMACKI,0.0,0.0,0.0,0.0,0.0,0.0,2.9467689143788762,0.0,3.9290252191718347,0.0,11.787075657515505,1.9645126095859173,22.591895010238048,3.9290252191718347,428.26374888973,15.716100876687339,469.51851369103423,21.60963870544509
ŻYDACZOWSKI,0.0,0.0,0.0,0.0,0.9368894895027595,0.0,0.9368894895027595,0.0,4.684447447513797,1.873778979005519,18.73778979005519,1.873778979005519,22.48534774806623,1.873778979005519,466.5709657723742,21.548458258563468,514.352329737015,27.169795195580026
BIELSKI (BIELSKO),7.0,0.0,13.0,0.0,14.0,1.0,72.0,6.0,73.0,6.0,52.0,10.0,155.0,14.0,972.0,50.0,1358.0,87.0
BIELSKO (MIASTO),0.0,0.0,0.0,0.0,0.0,0.0,0.0,0.0,0.0,0.0,0.0,0.0,0.0,0.0,0.0,0.0,0.0,0.0
CIESZYŃSKI,0.0,0.0,3.0,0.0,2.0,0.0,27.0,6.0,36.0,1.0,37.0,5.0,102.0,5.0,750.0,36.0,957.0,53.0
TARNOGÓRSKI,1.0,0.0,2.0,0.0,3.0,0.0,17.0,0.0,19.0,1.0,10.0,6.0,38.0,4.0,350.0,31.0,440.0,42.0
KATOWICE (MIASTO),0.0,0.0,0.0,0.0,0.0,0.0,0.0,0.0,0.0,0.0,0.0,0.0,0.0,0.0,0.0,0.0,0.0,0.0
KATOWICKI,20.66182676409493,0.0,9.83896512575949,0.983896512575949,20.66182676409493,1.967793025151898,99.37354777017084,11.806758150911389,149.55226991154424,11.806758150911389,108.22861638335439,15.742344201215184,282.37829910929736,21.64572327667088,1794.627238938531,98.3896512575949,2485.322590766847,162.3429245750316
LUBLINIECKI,1.0,0.0,1.0,0.0,1.0,0.0,7.0,2.0,16.0,2.0,14.0,2.0,23.0,2.0,264.0,12.0,327.0,20.0
PSZCZYŃSKI,7.0,0.0,3.0,0.0,5.0,0.0,20.0,4.0,35.0,1.0,33.0,1.0,58.0,8.0,690.0,26.0,851.0,40.0
RYBNICKI,11.0,0.0,2.0,0.0,3.0,0.0,32.0,2.0,53.0,4.0,36.0,1.0,62.0,2.0,1294.0,65.0,1493.0,74.0
ŚWIĘTOCHŁOWICKI,14.60610400052354,0.0,2.9212208001047077,0.0,4.868701333507847,0.9737402667015693,21.422285867434525,0.9737402667015693,21.422285867434525,2.9212208001047077,21.422285867434525,0.0,50.634493868481606,5.8424416002094155,553.0844714864913,41.87083146816748,690.3818490914126,52.58197440188474
CHORZÓW,4.732069235381532,0.0,1.2398140741358021,0.016103487424050992,3.4694719023972245,5.058466708146533,24.204166362394627,6.219501582387043,48.025444221021225,0.2720210489839042,24.349097749211083,6.257655798784816,103.98720702222104,6.511835123119706,795.2882895749776,56.73951727423762,1005.2955601417402,81.07510102308368
BORSZCZOWSKI,0.0,0.0,0.0,0.0,0.0,0.0,0.0,0.0,3.9459203181357263,0.0,17.756641431610767,0.0,31.56736254508581,1.9729601590678632,393.6055517340387,2.9594402386017946,446.875476028871,4.9324003976696575
BRODZKI,0.0,0.0,0.0,0.0,0.0,0.0,4.0,0.0,8.35292785484551,0.0504182649779299,23.55460091475723,0.0,39.31087488942618,5.10083652995586,391.18448952554184,16.35292785484551,466.40289318457076,21.5041826497793
BRZEŻAŃSKI,0.0,0.0,0.0,0.0,0.0,0.0,0.0,0.0,6.641236716527795,0.037136326410439235,19.868005659967725,1.8895384204914187,14.255094888109127,0.0,190.2279683419199,9.447692102457093,230.99230560652452,11.374366849358951
BUCZACKI,0.0,0.0,0.0,0.0,0.0,0.0,1.0,0.0,6.0,0.0,26.0,0.0,41.0,0.0,365.0,9.0,439.0,9.0
CZORTKOWSKI,0.0,0.0,0.0,0.0,0.0,0.0,0.004416415183429278,0.004416415183429278,5.09874381807973,0.026998475481738695,8.70233265157879,0.026998475481738695,31.07910091333243,1.0540383164138756,288.1417635355639,14.274213225985832,333.02635733373825,15.386664908546614
KAMIONECKI,0.0,0.0,0.0,0.0,0.9871708753244078,0.0,1.010768183693738,0.0,6.973122282941537,0.9950366447808513,20.183900595838512,0.015731538906508764,13.084926001893649,1.0186339531374256,224.8192716412762,9.026121728122897,267.059159580968,11.055523864947682
PODHAJECKI,0.0,0.0,0.0,0.0,0.0,0.0,0.0,0.0,4.8702436983679736,1.9480974793471895,11.688584876083137,0.9740487396735947,11.688584876083137,0.0,213.31667398851724,4.8702436983679736,241.5640874390515,7.792389917388758
PRZEMYŚLAŃSKI,0.0,0.0,0.0,0.0,0.0,0.0,1.0,0.0,6.0,1.0,22.0,0.0,37.0,4.0,182.0,8.0,248.0,13.0
RADZIECHOWSKI,0.0,0.0,0.0,0.0,0.0,0.0,2.0,0.0,8.0,0.0,32.0,5.0,11.0,1.0,164.0,6.0,217.0,12.0
SKAŁACKI,0.0,0.0,0.0,0.0,0.0,0.0,0.0,0.0,0.0,0.0,19.436482435968916,0.0,23.3237789231627,2.9154723653953374,182.7029348981078,9.718241217984458,225.46319625723942,12.633713583379794
TARNOPOLSKI,0.0,0.0,0.0,0.0,0.0,0.0,2.9536026584168313,0.0,12.266014733165628,0.0,23.999099346357283,1.113563962186078,46.256297166078255,4.922671097361386,505.10556913616176,14.428627786180886,590.5805830401797,20.464862845728348
TREMBOWELSKI,0.0,0.0,0.0,0.0,0.0,0.0,1.0419809263997393,0.9955835848165707,5.264867553701475,0.9955835848165707,18.70571369598096,1.061729496987267,41.178329290175306,1.5122010435606619,194.20026074374084,12.59732312213143,260.3911522099983,17.162420832312502
ZALESZCZYCKI,0.0,0.0,0.0,0.0,0.0,0.0,0.0,0.0,0.9774179397016907,0.9774179397016907,16.616104974928742,0.9774179397016907,20.525776733735505,0.9774179397016907,172.02555738749754,7.819343517613525,210.14485703586348,10.751597336718596
ZBARASKI,0.0,0.0,0.0,0.0,0.0,0.0,0.0,0.0,4.0,0.0,21.0,1.0,30.0,14.0,226.0,0.0,281.0,15.0
ZBOROWSKI,0.0,0.0,0.0,0.0,0.0,0.0,0.0,0.0,6.647072145154491,0.9495817350220701,10.445399085242771,0.0,24.689125110573823,1.8991634700441402,191.81551047445816,6.647072145154491,233.59710681542924,9.495817350220701
ZŁOCZOWSKI,0.0,0.0,0.0,0.0,0.012829124675592152,0.0,2.012829124675592,0.0,5.089803872729145,0.012829124675592152,27.256582493511843,0.0,34.1667786207827,1.012829124675592,277.88655305200825,8.115462122080329,346.4253762883831,9.141120371431514
KOPYCZYNIECKI,0.0,0.0,0.0,0.0,0.0,0.0,0.0,0.0,1.8986397367140528,0.0,16.13843776206945,0.9493198683570264,18.037077498783503,6.645239078499185,130.05682196491261,2.8479596050710794,166.13097696247962,10.442518551927291
BŁOŃSKI,4.0,0.0,0.0,0.0,1.0,0.0,20.0,0.0,17.0,1.0,20.0,3.0,44.0,7.0,604.0,32.0,710.0,43.0
CIECHANOWSKI,3.0,0.0,0.0,0.0,0.0,0.0,5.0,0.0,4.0,0.0,10.0,1.0,20.0,0.0,340.0,28.0,382.0,29.0
GOSTYNIŃSKI,1.0,0.0,0.0,0.0,1.0,0.0,2.0,0.0,19.0,1.0,14.0,2.0,22.0,4.0,335.0,14.0,394.0,21.0
GRÓJECKI,0.0004060909528872578,0.0,0.0,0.0,1.0020304547644363,0.0,11.009746182869295,0.0016243638115490313,14.012588819539506,1.0012182728586618,30.0223350024088,2.0012182728586616,38.03776645861851,1.0032487276230981,526.3537052199648,32.02192891145591,620.4385782291182,36.029238548607886
KUTNOWSKI,3.0,0.0,1.0,0.0,5.0,0.0,8.0,1.0,9.0,0.0,23.0,1.0,39.0,3.0,517.0,12.0,605.0,17.0
ŁOWICKI,1.0,0.0,0.0,0.0,0.0,0.0,6.0,0.0,1.0,2.0,37.0,1.0,26.0,0.0,306.0,14.0,377.0,17.0
MAKOWSKI (MAKÓW MAZOWIECKI),0.0,0.0,0.0,0.0,0.0,0.0,0.0,0.0,2.0,1.0,6.0,0.0,10.0,0.0,219.0,7.0,237.0,8.0
MIŃSKI,0.0,0.0,1.0,0.0,0.0,0.0,1.0,0.0,3.0,1.0,23.0,3.0,29.0,0.0,406.0,18.0,463.0,22.0
MŁAWSKI,0.0,0.0,0.0,0.0,0.0,0.0,4.0,0.0,6.0,1.0,11.0,0.0,21.0,0.0,387.0,24.0,429.0,25.0
PŁOCKI,2.0,0.0,0.0,0.0,1.0,0.0,6.0,0.0,13.0,1.0,23.0,3.0,64.0,7.0,533.0,25.0,642.0,36.0
PŁOŃSKI,0.0,0.0,0.0,0.0,0.0,0.0,1.0,0.0,11.0,0.0,13.0,6.0,40.0,5.0,344.0,21.0,409.0,32.0
PRZASNYCKI,0.0,0.0,0.0,0.0,0.0,0.0,0.0,0.0,2.0,0.0,12.0,2.0,14.0,0.0,188.0,13.0,216.0,15.0
PUŁTUSKI,0.0,0.0,0.0,0.0,1.0,0.0,4.0,0.0,9.0,1.0,13.0,0.0,19.0,0.0,452.0,7.0,498.0,8.0
RADZYMIŃSKI,0.0,0.0,0.0,0.0,3.0,0.0,8.0,0.0,13.0,0.0,10.0,1.0,25.0,3.0,364.0,20.0,423.0,24.0
RAWSKI (RAWA MAZOWIECKA),0.0,0.0,0.0,0.0,0.0,0.0,1.0,0.0,3.0,0.0,23.0,2.0,33.0,2.0,357.0,31.0,417.0,35.0
SIERPECKI,0.011972618189224323,0.0,1.0,0.0,0.0,0.0,2.02394523638495,0.0,2.071835709135346,0.01197261818272289,14.179589272864371,1.950429733128031e-11,31.454959491099505,1.950429733128031e-11,330.45266843908934,32.490877345602165,381.1949707667627,32.5028499638239
SKIERNIEWICKI,0.0,0.0,0.0,0.0,0.0,0.0,3.0,0.0,2.0,0.0,19.0,2.0,45.0,3.0,334.0,31.0,403.0,36.0
SOCHACZEWSKI,0.0,0.0,0.0,0.0,0.0,0.0,3.0,0.0,7.0,0.0,15.0,2.0,23.0,2.0,228.0,13.0,276.0,17.0
WARSZAWSKI,3.0,0.0,2.0,0.0,13.0,0.0,31.0,3.0,29.0,1.0,29.0,4.0,44.0,6.0,876.0,114.0,1027.0,128.0
DZIAŁDOWSKI,0.0,0.0,0.0,0.0,0.0,0.0,1.0,0.0,3.0,1.0,23.0,0.0,23.0,1.0,173.0,10.0,223.0,12.0
DUBIEŃSKI,0.0,0.0,0.0,0.0,0.0,0.0,3.0,1.0,28.0,1.0,51.0,4.0,73.0,12.0,794.0,83.0,949.0,101.0
HOROCHOWSKI,0.0,0.0,0.0,0.0,0.0,0.0,0.0,1.0,2.0,0.0,21.0,2.0,31.0,2.0,359.0,39.0,413.0,44.0
KOWELSKI,0.0,0.0,0.0,0.0,0.0,0.0,6.0,0.0,13.0,2.0,19.0,2.0,71.0,9.0,725.0,67.0,834.0,80.0
KRZEMIENIECKI,0.0,0.0,0.0,0.0,0.0,0.0,2.0,0.0,8.0,1.0,20.0,5.0,101.0,10.0,619.0,92.0,750.0,108.0
LUBOMELSKI,0.0,0.0,0.0,0.0,0.0,0.0,0.0,0.0,3.0,0.0,9.0,1.0,32.0,1.0,320.0,18.0,364.0,20.0
ŁUCKI,0.0,0.0,0.0,0.0,2.0,0.0,12.0,2.0,8.0,0.0,17.0,3.0,73.0,6.0,1014.0,81.0,1126.0,92.0
RÓWIEŃSKI,2.0,0.0,1.0,0.0,4.0,0.0,11.0,2.0,18.0,1.0,24.0,4.0,90.0,9.0,1510.0,190.0,1660.0,206.0
WŁODZIMIERSKI,0.0,0.0,0.0,0.0,0.0,0.0,5.0,1.0,10.0,0.0,16.0,0.0,41.0,5.0,516.0,50.0,588.0,56.0
KOSTOPOLSKI,0.0,0.0,1.0,0.0,2.0,0.0,4.0,2.0,9.0,1.0,9.0,1.0,62.0,5.0,431.0,54.0,518.0,63.0
ZDOŁBUNOWSKI,1.0,0.0,1.0,0.0,1.0,1.0,3.0,0.0,8.0,1.0,28.0,3.0,55.0,6.0,572.0,80.0,669.0,91.0
SARNEŃSKI,0.0,0.0,1.0,0.0,2.0,0.0,9.0,0.0,16.0,0.0,32.0,4.0,56.0,9.0,590.0,43.0,706.0,56.0
BRASŁAWSKI,0.0,0.0,0.0,0.0,0.0,0.0,2.0,0.0,9.0,0.0,25.0,0.0,44.0,1.0,216.0,26.0,296.0,27.0
OSZMIAŃSKI,0.0,0.0,0.0,0.0,0.989121714526024,0.0,0.0,0.0,0.989121714526024,1.978243429052048,12.858582288838313,0.989121714526024,60.33642458608747,2.967365143578072,303.6603663594894,28.684529721254698,378.8336166634672,34.61926000841084
ŚWIĘCIAŃSKI,0.0,0.0,0.0,0.0,0.0,0.0,5.0,0.0,15.0,2.0,25.0,16.0,63.0,10.0,357.0,24.0,465.0,52.0
WILNO (MIASTO),0.0,0.0,0.0,1.0,3.0,0.0,19.0,4.0,54.0,5.0,47.0,1.0,215.0,35.0,2100.0,87.0,2438.0,133.0
DZIŚNIEŃSKI,0.0,0.0,0.0,0.0,0.0,0.0,2.0,0.0,13.0,4.0,32.0,1.0,59.0,3.0,316.0,15.0,422.0,23.0
WILEJSKI,0.0,0.0,0.0,0.0,0.0,0.0,7.0,0.0,12.0,1.0,23.0,2.0,60.0,3.0,344.0,27.0,446.0,33.0
WILEŃSKO-TROCKI,0.0,0.0,1.0,0.0,1.010878285473976,0.0,11.0,1.0,19.010878285473975,3.021756570947952,36.14141771116169,4.010878285473976,85.66357541391253,8.032634856421927,269.3396336405106,29.315470278745302,423.16638333653276,45.38073999158916
POSTAWSKI,0.0,0.0,0.0,0.0,0.0,0.0,6.0,0.0,18.0,4.0,18.0,3.0,56.0,7.0,169.0,10.0,267.0,24.0
MOŁODECZAŃSKI,0.0,0.0,0.0,0.0,0.0,0.0,1.0,0.0,3.0,2.0,20.0,5.0,49.0,8.0,292.0,23.0,365.0,38.0
