District,Total,1. All types of professional purchasing (total),a. Professional purchasing (agricultural products),b. Professional purchasing (livestock),c. Professional purchasing (plant and animal products),2. Food and colonial goods (exclusively),3. Food products along with non-food items (excluding wine and spirits),"4. Meat, fats, and meat products (exclusively)",5. Catering establishments with and without alcohol,"6. Wine, spirits, and beer (possibly with food and colonial goods)",7. Tobacco monopoly products,8. Textiles,"9. Textiles with clothing, haberdashery, garments, and footwear",10. Ready-made clothing and haberdashery,"11. Garments, garment parts, furs, and fur products",12. Footwear,13. Footwear with leather and shoemaking accessories,14. All types of leather and leather products (excluding footwear),"15. Machinery, tools, and technical goods (excluding agricultural)",16. Building materials and fuels,17. Furniture and all wooden products,"18. Iron, ironware, enameled and aluminum goods (possibly with other goods)","19. Kitchenware, porcelain, faience, glassware, window panes, and mirrors","20. Soap, candles, paints, gasoline, kerosene, mineral oils, lubricants (soap shops)","21. Musical, optical, surgical instruments, photographic equipment and accessories","22. Watchmaking, jewelry, and silver-plated products","23. Electrical equipment, radio equipment, and all lighting accessories",24. Pharmacies,"25. Pharmaceutical warehouses, perfumeries, and cosmetic shops","26. Rubber goods, oilcloth, linoleum, galoshes, tarpaulins, tires, inner tubes, etc.","27. Bookstores, stationery, and paper products (possibly with other goods)","28. Agricultural machinery, tools, and goods",29. Agricultural-commercial syndicates and cooperatives,"30. Banks, exchange offices, and other short- and long-term credit institutions","31. Forwarding, transport, and communication enterprises","32. Other service enterprises (reading rooms, clinics, laundries, bathhouses, garages, dance halls, etc.)","33. Hotels, boarding houses, furnished rooms, lodging houses","34. Theaters, cinemas, and other performances",35. Insurance companies,"36. Offices: commission, trade brokerage, advertising, legal advice, agency, technical, etc.",37. Other enterprises not listed above,38. Cards with no industry/branch specified,ZP. Industrial activities
AUGUSTOWSKI,47.0,3.0,2.0,1.0,0.0,5.0,3.0,0.0,12.0,4.0,0.0,6.0,3.0,2.0,0.0,0.0,0.0,1.0,0.0,1.0,0.0,1.0,0.0,1.0,0.0,0.0,1.0,0.0,1.0,0.0,0.0,0.0,0.0,0.0,3.0,0.0,0.0,0.0,0.0,0.0,0.0,0.0,0.0
BIAŁOSTOCKI,8.0,0.0,0.0,0.0,0.0,0.0,1.0,0.0,0.0,4.0,0.0,0.0,0.0,0.0,1.0,0.0,0.0,0.0,0.0,0.0,0.0,0.0,0.0,0.0,0.0,0.0,0.0,0.0,1.0,0.0,0.0,1.0,0.0,0.0,0.0,0.0,0.0,0.0,0.0,0.0,0.0,0.0,0.0
BIELSKI (BIELSK PODLASKI),83.0,2.0,2.0,0.0,0.0,8.0,3.0,0.0,13.0,17.0,7.0,8.0,3.0,1.0,0.0,0.0,0.0,0.0,4.0,0.0,0.0,2.0,2.0,1.0,1.0,2.0,0.0,0.0,2.0,0.0,0.0,2.0,0.0,0.0,5.0,0.0,0.0,0.0,0.0,0.0,0.0,0.0,2.0
GRODZIEŃSKI,202.0,4.0,1.0,0.0,0.0,24.0,6.0,0.0,24.0,24.0,3.0,11.0,2.0,7.0,4.0,6.0,1.0,1.0,7.0,3.0,5.0,5.0,2.0,8.0,0.0,4.0,4.0,4.0,10.0,3.0,6.0,6.0,2.0,1.0,5.0,0.0,1.0,3.0,0.0,2.0,3.0,1.0,3.0
ŁOMŻYŃSKI,111.07799586219993,1.5673747413874957,0.0,0.5673747413874957,0.0,10.0,2.5673747413874954,1.0,13.13474948277499,20.404248448324974,2.5673747413874954,8.567374741387496,3.0,7.0,2.0,0.0,1.0,0.0,4.567374741387495,1.0,2.0,2.0,1.0,6.0,0.0,3.0,3.0,2.0,2.0,0.0,1.0,1.5673747413874957,0.0,0.0,6.0,0.0,0.0,2.0,0.0,1.1347494827749913,0.0,0.0,2.0
OSTROŁĘCKI,31.92200413780007,0.43262525861250434,0.0,0.43262525861250434,0.0,2.0,2.4326252586125046,0.0,4.865250517225009,10.595751551675026,1.4326252586125043,1.4326252586125043,2.0,1.0,1.0,0.0,0.0,0.0,1.4326252586125043,1.0,0.0,0.0,0.0,0.0,0.0,1.0,0.0,0.0,0.0,0.0,0.0,0.43262525861250434,0.0,0.0,0.0,0.0,0.0,0.0,0.0,0.8652505172250087,0.0,0.0,1.0
OSTROWSKI (OSTRÓW MAZOWIECKA),41.0,1.0,0.0,0.0,1.0,6.0,5.0,0.0,6.0,11.0,0.0,2.0,1.0,0.0,0.0,0.0,0.0,0.0,3.0,2.0,0.0,0.0,0.0,0.0,0.0,0.0,1.0,0.0,0.0,0.0,0.0,2.0,0.0,0.0,0.0,0.0,0.0,1.0,0.0,0.0,0.0,0.0,0.0
SOKÓLSKI,26.0,1.0,1.0,0.0,0.0,7.0,0.0,0.0,3.0,10.0,1.0,0.0,0.0,0.0,0.0,0.0,0.0,0.0,0.0,1.0,0.0,2.0,0.0,0.0,0.0,0.0,1.0,0.0,0.0,0.0,0.0,0.0,0.0,0.0,0.0,0.0,0.0,0.0,0.0,0.0,0.0,0.0,0.0
SUWALSKI,81.0,5.0,0.0,2.0,1.0,10.0,2.0,0.0,15.0,12.0,2.0,5.0,0.0,4.0,2.0,0.0,0.0,0.0,3.0,0.0,2.0,1.0,0.0,1.0,1.0,2.0,1.0,2.0,2.0,0.0,0.0,4.0,0.0,0.0,2.0,0.0,0.0,0.0,0.0,0.0,1.0,2.0,0.0
SZCZUCZYŃSKI (WOJ. BIAŁOSTOCKIE),53.0,2.0,2.0,0.0,0.0,5.0,6.0,0.0,3.0,8.0,1.0,3.0,0.0,0.0,1.0,0.0,1.0,0.0,1.0,0.0,1.0,2.0,0.0,0.0,0.0,0.0,1.0,1.0,2.0,0.0,0.0,3.0,0.0,0.0,9.0,0.0,0.0,0.0,0.0,0.0,2.0,1.0,0.0
WOŁKOWYSKI,94.0,0.0,0.0,0.0,0.0,13.0,6.0,0.0,13.0,13.0,1.0,7.0,4.0,1.0,11.0,1.0,1.0,0.0,2.0,0.0,2.0,2.0,2.0,3.0,0.0,1.0,1.0,0.0,5.0,0.0,0.0,0.0,1.0,0.0,2.0,0.0,1.0,0.0,0.0,0.0,0.0,1.0,8.0
WYSOKOMAZOWIECKI,38.0,4.0,4.0,0.0,0.0,2.0,5.0,0.0,8.0,6.0,1.0,5.0,2.0,0.0,0.0,0.0,0.0,0.0,2.0,0.0,0.0,0.0,0.0,0.0,0.0,0.0,0.0,0.0,0.0,0.0,0.0,2.0,0.0,0.0,0.0,0.0,0.0,0.0,0.0,0.0,0.0,1.0,0.0
BIAŁYSTOK (MIASTO),238.0,5.0,0.0,0.0,2.0,25.0,5.0,3.0,10.0,9.0,1.0,26.0,4.0,9.0,10.0,4.0,1.0,8.0,5.0,8.0,5.0,3.0,5.0,16.0,2.0,4.0,3.0,6.0,7.0,8.0,7.0,2.0,0.0,2.0,15.0,0.0,1.0,3.0,5.0,6.0,5.0,0.0,13.0
BĘDZIŃSKI,268.0,4.0,1.0,1.0,2.0,37.0,5.0,0.0,26.0,31.0,3.0,27.0,4.0,8.0,8.0,2.0,0.0,1.0,8.0,15.0,4.0,17.0,4.0,6.0,1.0,2.0,4.0,1.0,8.0,0.0,6.0,6.0,0.0,0.0,3.0,1.0,1.0,5.0,1.0,1.0,9.0,9.0,7.0
CZĘSTOCHOWSKI,14.0,0.0,0.0,0.0,0.0,2.0,0.0,0.0,2.0,7.0,1.0,0.0,0.0,0.0,0.0,0.0,0.0,0.0,0.0,1.0,0.0,0.0,0.0,0.0,0.0,0.0,0.0,0.0,0.0,0.0,0.0,0.0,0.0,0.0,0.0,1.0,0.0,0.0,0.0,0.0,0.0,0.0,0.0
IŁŻECKI,14.781759475270524,0.009833452519126097,0.004916726259563047,0.0,1.413067307316745e-18,2.0590007151147565,0.014750178778689144,0.004916726259563051,9.09833452519126,1.0835843464125718,1.0147501787786892,0.04425053633606743,0.024583631297815236,0.019666905038252195,0.03441708381694133,0.024583631297815246,0.004916726259563047,0.034417083816941335,0.024583631297815243,1.0344170838169413,0.02950035755737828,0.02458363129781524,0.029500357557378287,0.03933381007650438,1.413067307316745e-18,0.0,0.009833452519126094,0.014750178778689145,0.029500357557378287,0.004916726259563049,0.009833452519126094,1.413067307316745e-18,0.0,0.00491672625956305,0.0,1.413067307316745e-18,0.009833452519126096,0.009833452519126097,1.413067307316745e-18,0.009833452519126097,0.019666905038252195,0.004916726259563047,1.0
JĘDRZEJOWSKI,31.026625968181314,2.0011746750668227,1.0011746750668227,1.0,0.0,5.002740908489253,5.003915583556076,0.0,5.005873375334113,1.004698700267291,3.0015662334224302,0.0015662334224303283,0.0003915583556075821,0.0007831167112151642,1.0,0.0,0.0003915583556075821,0.0003915583556075821,2.0,0.0,0.0,2.0003915583556076,1.0,2.0011746750668227,0.0,1.0,0.0,0.0003915583556075821,0.0,0.0,0.0,0.0003915583556075821,0.0,0.0,1.0007831167112151,0.0,0.0,0.0,0.0,0.0,0.0,0.0,0.0
KIELECKI,103.0,2.0,0.0,0.0,1.0,7.0,3.0,3.0,4.0,14.0,4.0,6.0,1.0,4.0,2.0,7.0,0.0,3.0,4.0,4.0,1.0,2.0,4.0,3.0,1.0,0.0,0.0,4.0,4.0,1.0,0.0,1.0,0.0,2.0,0.0,1.0,1.0,2.0,1.0,3.0,4.0,0.0,1.0
KONECKI,68.0369301403998,1.0,0.0,0.0,0.0,9.0,4.009232535099949,0.0,11.00923253509995,13.013848802649925,4.0,1.0,4.0,0.0,1.0,1.0,0.0,0.0,2.0,5.0,1.0,5.0,0.0,2.0,0.0,0.0,2.0,0.0,1.0,0.0,0.0,0.004616267549974778,0.0,0.0,0.0,0.0,0.0,0.0,0.0,1.0,0.0,0.0,1.0
KOZIENICKI,12.0,1.0,0.0,0.0,1.0,1.0,2.0,0.0,3.0,2.0,2.0,0.0,0.0,0.0,0.0,0.0,0.0,0.0,1.0,0.0,0.0,0.0,0.0,0.0,0.0,0.0,0.0,0.0,0.0,0.0,0.0,0.0,0.0,0.0,0.0,0.0,0.0,0.0,0.0,0.0,0.0,0.0,0.0
MIECHOWSKI,67.97337403181868,2.998825324933177,2.998825324933177,0.0,0.0,6.997259091510746,9.996084416443923,0.0,14.994126624665885,11.995301299732708,3.9984337665775693,3.9984337665775693,0.9996084416443923,1.9992168832887847,0.0,0.0,0.9996084416443923,0.9996084416443923,0.0,0.0,0.0,0.9996084416443923,0.0,2.998825324933177,0.0,0.0,0.0,0.9996084416443923,0.0,0.0,0.0,0.9996084416443923,0.0,0.0,1.9992168832887847,0.0,0.0,0.0,0.0,0.0,0.0,0.0,0.0
OLKUSKI,59.0,1.0,0.0,1.0,0.0,5.0,4.0,0.0,22.0,8.0,3.0,3.0,0.0,0.0,0.0,1.0,0.0,0.0,0.0,3.0,2.0,1.0,0.0,1.0,0.0,0.0,0.0,0.0,1.0,0.0,0.0,1.0,1.0,0.0,1.0,0.0,0.0,0.0,0.0,0.0,0.0,1.0,0.0
OPATOWSKI,52.0,1.0,0.0,1.0,0.0,6.0,3.0,0.0,4.0,3.0,3.0,10.0,1.0,0.0,0.0,0.0,0.0,0.0,1.0,3.0,0.0,3.0,3.0,3.0,0.0,0.0,0.0,3.0,2.0,0.0,0.0,0.0,0.0,0.0,1.0,0.0,0.0,1.0,0.0,0.0,1.0,0.0,1.0
OPOCZYŃSKI,7.963069859600202,0.0,0.0,0.0,0.0,0.0,1.9907674649000504,0.0,1.9907674649000504,2.9861511973500754,0.0,0.0,0.0,0.0,0.0,0.0,0.0,0.0,0.0,0.0,0.0,0.0,0.0,0.0,0.0,0.0,0.0,0.0,0.0,0.0,0.0,0.9953837324500252,0.0,0.0,0.0,0.0,0.0,0.0,0.0,0.0,0.0,0.0,0.0
PIŃCZOWSKI,35.0,1.0,0.0,0.0,1.0,1.0,8.0,0.0,4.0,8.0,5.0,3.0,3.0,0.0,0.0,0.0,0.0,0.0,0.0,0.0,0.0,0.0,1.0,0.0,0.0,0.0,0.0,0.0,0.0,0.0,0.0,1.0,0.0,0.0,0.0,0.0,0.0,0.0,0.0,0.0,0.0,0.0,0.0
RADOMSKI,155.3466195755756,1.9540455292525234,0.9770227646262617,0.0,0.0,11.72427317551514,2.931068293878785,0.9770227646262617,19.540455292525234,16.60938699864645,2.931068293878785,8.793204881636356,4.8851138231313085,3.908091058505047,6.839159352383832,4.8851138231313085,0.9770227646262617,6.839159352383832,4.8851138231313085,6.839159352383832,5.86213658775757,4.8851138231313085,5.86213658775757,7.816182117010094,0.0,0.0,1.9540455292525234,2.931068293878785,5.86213658775757,0.9770227646262617,1.9540455292525234,0.0,0.0,0.9770227646262617,0.0,0.0,1.9540455292525234,1.9540455292525234,0.0,1.9540455292525234,3.908091058505047,0.9770227646262617,0.0
SANDOMIERSKI,21.0,1.0,0.0,0.0,1.0,1.0,0.0,0.0,6.0,7.0,3.0,0.0,0.0,0.0,0.0,0.0,0.0,0.0,1.0,0.0,0.0,0.0,0.0,0.0,0.0,0.0,0.0,2.0,0.0,0.0,0.0,0.0,0.0,0.0,0.0,0.0,0.0,0.0,0.0,0.0,0.0,0.0,3.0
STOPNICKI,15.0,0.0,0.0,0.0,0.0,2.0,2.0,0.0,2.0,1.0,3.0,2.0,0.0,0.0,0.0,0.0,0.0,0.0,1.0,2.0,0.0,0.0,0.0,0.0,0.0,0.0,0.0,0.0,0.0,0.0,0.0,0.0,0.0,0.0,0.0,0.0,0.0,0.0,0.0,0.0,0.0,0.0,0.0
WŁOSZCZOWSKI,13.0,0.0,0.0,0.0,0.0,3.0,1.0,0.0,4.0,1.0,2.0,0.0,0.0,0.0,0.0,0.0,0.0,0.0,0.0,1.0,0.0,0.0,0.0,1.0,0.0,0.0,0.0,0.0,0.0,0.0,0.0,0.0,0.0,0.0,0.0,0.0,0.0,0.0,0.0,0.0,0.0,0.0,0.0
ZAWIERCIAŃSKI,67.0,1.0,0.0,0.0,0.0,9.0,2.0,1.0,14.0,17.0,2.0,5.0,2.0,1.0,1.0,0.0,0.0,0.0,1.0,4.0,1.0,0.0,0.0,3.0,0.0,1.0,0.0,0.0,0.0,0.0,0.0,0.0,0.0,0.0,1.0,0.0,0.0,0.0,0.0,1.0,0.0,0.0,1.0
CZĘSTOCHOWA (MIASTO),225.0,8.0,0.0,0.0,5.0,26.0,1.0,4.0,15.0,11.0,3.0,20.0,6.0,15.0,8.0,0.0,1.0,2.0,4.0,12.0,3.0,6.0,8.0,13.0,3.0,3.0,2.0,3.0,11.0,0.0,5.0,2.0,0.0,2.0,7.0,4.0,1.0,2.0,3.0,5.0,2.0,4.0,8.0
SOSNOWIEC,210.0,1.0,1.0,0.0,0.0,22.0,3.0,2.0,8.0,16.0,2.0,19.0,3.0,19.0,15.0,2.0,4.0,2.0,4.0,12.0,6.0,5.0,6.0,4.0,1.0,4.0,3.0,2.0,6.0,1.0,7.0,1.0,0.0,0.0,4.0,1.0,1.0,2.0,2.0,17.0,3.0,0.0,4.0
RADOM (MIASTO),2.8716209491538773,0.036121018228350656,0.018060509114175328,0.0,0.0,0.21672610937010395,0.05418152734252599,0.018060509114175328,0.36121018228350654,0.3070286549409806,0.05418152734252599,0.16254458202757796,0.09030254557087664,0.07224203645670131,0.12642356379922728,0.09030254557087664,0.018060509114175328,0.12642356379922728,0.09030254557087664,0.12642356379922728,0.10836305468505197,0.09030254557087664,0.10836305468505197,0.14448407291340262,0.0,0.0,0.036121018228350656,0.05418152734252599,0.10836305468505197,0.018060509114175328,0.036121018228350656,0.0,0.0,0.018060509114175328,0.0,0.0,0.036121018228350656,0.036121018228350656,0.0,0.036121018228350656,0.07224203645670131,0.018060509114175328,0.0
BIALSKI (BIAŁA KRAKOWSKA),148.09549570636773,6.0,1.0,3.0,0.0,15.899499522929748,1.474874880732437,4.0,54.547747853183864,9.899499522929748,4.424624642197311,9.0,2.0,3.0,2.0,0.0,0.0,0.0,3.949749761464874,2.0,2.0,1.474874880732437,6.0,1.0,1.0,0.0,0.0,1.0,2.474874880732437,0.0,2.0,1.0,0.0,0.0,0.0,0.0,4.0,1.0,0.0,2.949749761464874,1.0,3.0,13.42462464219731
BOCHEŃSKI,43.0,3.0,1.0,0.0,2.0,11.0,2.0,1.0,3.0,4.0,4.0,0.0,2.0,1.0,1.0,0.0,0.0,0.0,2.0,3.0,1.0,1.0,0.0,1.0,0.0,0.0,0.0,1.0,0.0,0.0,0.0,1.0,0.0,0.0,0.0,0.0,0.0,1.0,0.0,0.0,0.0,0.0,1.0
BRZESKI (BRZESKO),22.0,1.0,0.0,0.0,1.0,5.0,0.0,0.0,1.0,3.0,6.0,0.0,0.0,0.0,0.0,0.0,0.0,0.0,0.0,0.0,0.0,2.0,0.0,2.0,0.0,0.0,0.0,1.0,0.0,0.0,0.0,0.0,0.0,0.0,0.0,0.0,0.0,0.0,0.0,1.0,0.0,0.0,0.0
CHRZANOWSKI,52.0,7.0,2.0,2.0,1.0,13.0,0.0,0.0,8.0,6.0,4.0,2.0,0.0,0.0,1.0,0.0,0.0,0.0,3.0,2.0,0.0,1.0,0.0,1.0,0.0,0.0,1.0,1.0,0.0,0.0,0.0,0.0,0.0,0.0,0.0,1.0,0.0,1.0,0.0,0.0,0.0,0.0,19.0
DĄBROWSKI,8.0,2.0,0.0,1.0,1.0,1.0,0.0,0.0,0.0,0.0,4.0,0.0,0.0,0.0,0.0,0.0,0.0,0.0,0.0,0.0,0.0,0.0,0.0,0.0,0.0,0.0,0.0,0.0,0.0,0.0,0.0,0.0,0.0,0.0,0.0,0.0,0.0,0.0,0.0,0.0,0.0,1.0,1.0
GORLICKI,13.455717410051053,1.0,0.0,0.0,1.0,2.435715107908172,1.2871430215816344,0.0,2.435715107908172,0.28714302158163435,5.010001151071441,0.0,0.0,0.0,0.0,0.0,0.0,0.0,0.0,1.0,0.0,0.0,0.0,0.0,0.0,0.0,0.0,0.0,0.0,0.0,0.0,0.0,0.0,0.0,0.0,0.0,0.0,0.0,0.0,0.0,0.0,0.0,0.0
JASIELSKI,19.025500321537727,0.0,0.0,0.0,0.0,1.405100064307545,1.405100064307545,0.0,2.0,1.0,3.81020012861509,2.0,0.0,0.0,0.0,1.0,0.0,0.0,1.0,0.0,0.0,1.0,0.0,0.0,0.0,0.0,1.0,0.0,0.0,0.0,0.0,1.0,0.0,1.0,0.0,0.0,0.40510006430754514,0.0,0.0,0.0,1.0,0.0,0.0
KRAKOWSKI,17.924433417773642,0.0,0.0,0.0,0.0,0.98740556962894,0.98740556962894,0.0,7.98740556962894,1.9874055696289399,3.98740556962894,0.0,0.0,0.0,0.0,0.0,0.0,0.0,0.0,0.0,0.0,0.0,0.0,0.0,0.0,0.0,0.0,0.0,0.0,0.0,0.0,0.98740556962894,0.0,0.0,0.0,1.0,0.0,0.0,0.0,0.0,0.0,0.0,0.98740556962894
KRAKÓW (MIASTO),854.0,9.0,3.0,1.0,2.0,69.0,1.0,14.0,49.0,22.0,7.0,77.0,6.0,74.0,26.0,19.0,7.0,22.0,26.0,31.0,19.0,31.0,13.0,13.0,19.0,23.0,11.0,12.0,20.0,9.0,37.0,12.0,0.0,3.0,20.0,12.0,13.0,6.0,18.0,73.0,20.0,11.0,106.0
LIMANOWSKI,4.0,0.0,0.0,0.0,0.0,0.0,0.0,0.0,0.0,0.0,3.0,0.0,0.0,0.0,0.0,0.0,0.0,0.0,0.0,0.0,0.0,0.0,0.0,1.0,0.0,0.0,0.0,0.0,0.0,0.0,0.0,0.0,0.0,0.0,0.0,0.0,0.0,0.0,0.0,0.0,0.0,0.0,3.0
MIELECKI,5.0,1.0,0.0,1.0,0.0,0.0,0.0,0.0,0.0,0.0,4.0,0.0,0.0,0.0,0.0,0.0,0.0,0.0,0.0,0.0,0.0,0.0,0.0,0.0,0.0,0.0,0.0,0.0,0.0,0.0,0.0,0.0,0.0,0.0,0.0,0.0,0.0,0.0,0.0,0.0,0.0,0.0,1.0
MYŚLENICKI,20.567593863059276,1.0808391126162498,0.0,0.0,0.3602797042054166,1.813992951398143,0.3728741345764766,0.0,8.137349401863142,1.0934335429873097,3.4537132471927268,0.7205594084108332,0.0,0.0,0.0,0.0,0.0,0.0,0.0,0.0,0.0,0.0,0.0,0.0,0.0,0.0,0.0,0.0,0.0,0.0,0.0,0.012594430371060002,0.0,0.0,0.0,0.7205594084108332,1.801398521027083,0.0,0.0,0.3602797042054166,0.0,1.0,1.3728741345764766
NOWOSĄDECKI,105.99876504920958,3.0,0.0,0.0,2.0,18.63125396031831,4.526250792063662,2.0,19.63125396031831,12.526250792063662,8.683755544445635,4.0,0.0,3.0,1.0,0.0,0.0,0.0,1.0,1.0,1.0,3.0,1.0,3.0,0.0,0.0,1.0,2.0,0.0,0.0,0.0,2.0,0.0,0.0,0.0,1.0,9.0,2.0,0.0,0.0,2.0,0.0,7.0
NOWOTARSKI,111.76412836270283,1.4021484904211277,0.0,0.0,0.1340494968070425,11.670247484035212,1.1340494968070425,2.0,18.278841445719724,6.402148490421127,2.53619798722817,3.268098993614085,1.0,5.0,0.0,0.0,0.0,0.0,0.0,1.0,1.0,1.0,1.0,1.0,1.0,1.0,2.0,1.0,0.0,0.0,1.0,3.0,0.0,0.0,0.0,2.268098993614085,36.670247484035215,2.0,0.0,2.1340494968070427,0.0,2.0,6.134049496807043
TARNOWSKI,97.54551754073937,3.0,1.0,0.0,2.0,12.93303093177352,0.18660618635470366,0.0,11.93303093177352,7.1866061863547035,5.306243304482925,7.0,1.0,3.0,4.0,1.0,1.0,0.0,3.0,8.0,0.0,5.0,3.0,5.0,0.0,0.0,2.0,1.0,0.0,0.0,1.0,1.0,0.0,4.0,1.0,0.0,1.0,0.0,1.0,2.0,0.0,2.0,5.0
WADOWICKI,56.333734524929476,0.9369230393928285,0.0,0.0,0.3123076797976095,5.6620388760583,0.8374327990651724,0.0,22.761482703375496,6.037423516463081,3.8246060769931267,0.624615359595219,1.0,0.0,0.0,0.0,0.0,0.0,2.050250238535126,3.0,1.0,1.525125119267563,0.0,0.0,0.0,0.0,0.0,0.0,0.525125119267563,0.0,0.0,1.0,0.0,0.0,0.0,1.6246153595952189,1.5615383989880474,1.0,0.0,1.3625579183327354,0.0,0.0,4.887683037600299
ŻYWIECKI,60.31461412516705,0.580089357569794,0.0,0.0,0.19336311918993132,8.966815595949656,2.1933631191899314,0.0,22.28717302622883,7.580089357569794,3.7734524767597253,0.38672623837986264,0.0,0.0,1.0,0.0,0.0,0.0,1.0,0.0,0.0,2.0,0.0,0.0,0.0,0.0,4.0,0.0,0.0,0.0,3.0,1.0,0.0,0.0,0.0,0.38672623837986264,0.9668155959496566,1.0,0.0,0.19336311918993132,0.0,0.0,3.1933631191899314
DĘBICKI,24.974499678462273,5.0,0.0,1.0,4.0,4.594899935692455,3.594899935692455,2.0,2.0,0.0,6.18979987138491,0.0,0.0,0.0,0.0,0.0,0.0,0.0,0.0,0.0,0.0,0.0,0.0,0.0,0.0,0.0,0.0,0.0,1.0,0.0,0.0,0.0,0.0,0.0,0.0,0.0,0.5948999356924548,0.0,0.0,0.0,0.0,0.0,2.0
BIALSKI (BIAŁA PODLASKA),60.03953627558801,0.999999999992308,0.999999999992308,0.0,0.0,9.051384407173218,1.525692203609685,0.0,14.154153221619652,13.154153221627343,2.051384407227062,4.051384407211678,0.0,0.0,0.0,0.0,0.0,0.0,1.999999999984616,2.9999999999769242,0.999999999992308,0.999999999992308,0.0,3.999999999969232,0.999999999992308,0.999999999992308,0.0,0.0,0.0,0.0,0.0,0.999999999992308,0.525692203617377,0.0,0.525692203617377,0.0,0.0,0.0,0.0,0.0,0.0,0.0,0.0
BIŁGORAJSKI,16.0,1.0,0.0,0.0,1.0,2.0,2.0,0.0,5.0,4.0,1.0,0.0,0.0,0.0,0.0,0.0,0.0,0.0,0.0,0.0,0.0,0.0,0.0,0.0,0.0,0.0,0.0,0.0,0.0,0.0,0.0,0.0,0.0,0.0,1.0,0.0,0.0,0.0,0.0,0.0,0.0,0.0,0.0
CHEŁMSKI,94.0,4.0,3.0,0.0,1.0,5.0,7.0,0.0,12.0,19.0,1.0,7.0,1.0,3.0,7.0,1.0,0.0,0.0,1.0,3.0,1.0,4.0,2.0,4.0,0.0,2.0,2.0,3.0,1.0,1.0,0.0,1.0,0.0,0.0,0.0,0.0,0.0,2.0,0.0,0.0,0.0,0.0,1.0
GARWOLIŃSKI,49.0,0.0,0.0,0.0,0.0,7.0,2.0,0.0,17.0,13.0,1.0,0.0,1.0,1.0,0.0,0.0,0.0,0.0,1.0,2.0,0.0,0.0,0.0,2.0,0.0,0.0,0.0,0.0,0.0,0.0,0.0,0.0,0.0,0.0,0.0,0.0,0.0,0.0,0.0,0.0,0.0,2.0,0.0
HRUBIESZOWSKI,38.0,0.0,0.0,0.0,0.0,3.0,4.0,0.0,3.0,13.0,0.0,3.0,0.0,0.0,6.0,0.0,0.0,0.0,0.0,0.0,0.0,0.0,0.0,0.0,0.0,0.0,0.0,0.0,1.0,0.0,0.0,2.0,0.0,0.0,2.0,0.0,0.0,1.0,0.0,0.0,0.0,0.0,0.0
JANOWSKI,41.0,3.0,1.0,1.0,0.0,4.0,1.0,0.0,10.0,13.0,2.0,2.0,0.0,0.0,0.0,0.0,0.0,0.0,1.0,0.0,0.0,0.0,0.0,1.0,0.0,0.0,0.0,1.0,0.0,0.0,0.0,0.0,1.0,0.0,0.0,0.0,0.0,0.0,0.0,0.0,0.0,2.0,0.0
KRASNOSTAWSKI,40.0,3.0,2.0,0.0,1.0,2.0,3.0,0.0,8.0,8.0,1.0,7.0,0.0,1.0,0.0,0.0,0.0,0.0,0.0,1.0,0.0,0.0,0.0,0.0,0.0,0.0,1.0,1.0,0.0,0.0,1.0,1.0,0.0,0.0,0.0,0.0,0.0,1.0,0.0,0.0,0.0,1.0,0.0
LUBARTOWSKI,6.0,0.0,0.0,0.0,0.0,1.0,3.0,0.0,0.0,1.0,0.0,1.0,0.0,0.0,0.0,0.0,0.0,0.0,0.0,0.0,0.0,0.0,0.0,0.0,0.0,0.0,0.0,0.0,0.0,0.0,0.0,0.0,0.0,0.0,0.0,0.0,0.0,0.0,0.0,0.0,0.0,0.0,1.0
LUBELSKI,7.0,2.0,2.0,0.0,0.0,0.0,0.0,0.0,0.0,0.0,2.0,0.0,0.0,0.0,0.0,1.0,0.0,0.0,0.0,0.0,0.0,0.0,0.0,0.0,0.0,0.0,0.0,0.0,0.0,0.0,0.0,1.0,0.0,0.0,0.0,0.0,0.0,0.0,0.0,0.0,0.0,1.0,0.0
ŁUKOWSKI,31.0,1.0,1.0,0.0,0.0,3.0,2.0,0.0,2.0,5.0,2.0,4.0,0.0,0.0,0.0,0.0,0.0,0.0,2.0,1.0,0.0,1.0,0.0,0.0,0.0,0.0,0.0,1.0,1.0,0.0,1.0,0.0,0.0,1.0,3.0,0.0,0.0,0.0,0.0,0.0,0.0,1.0,0.0
PUŁAWSKI,51.0,2.0,0.0,2.0,0.0,5.0,3.0,0.0,10.0,16.0,1.0,5.0,1.0,0.0,0.0,0.0,0.0,0.0,0.0,2.0,0.0,0.0,0.0,1.0,0.0,0.0,0.0,1.0,0.0,0.0,0.0,0.0,0.0,0.0,2.0,1.0,1.0,0.0,0.0,0.0,0.0,0.0,1.0
RADZYŃSKI,13.0,1.0,1.0,0.0,0.0,0.0,1.0,0.0,0.0,2.0,0.0,3.0,0.0,0.0,1.0,0.0,0.0,0.0,0.0,0.0,1.0,0.0,0.0,0.0,0.0,0.0,0.0,0.0,0.0,1.0,0.0,2.0,0.0,0.0,0.0,0.0,0.0,1.0,0.0,0.0,0.0,0.0,3.0
SIEDLECKI,80.96046372400666,1.0,1.0,0.0,0.0,8.94861559276254,0.4743077963812696,0.0,10.845846778287617,15.845846778287617,1.9486155927625393,1.9486155927625393,3.0,1.0,4.0,0.0,0.0,0.0,2.0,2.0,2.0,2.0,2.0,2.0,0.0,2.0,0.0,4.0,2.0,1.0,1.0,2.0,1.4743077963812696,0.0,3.4743077963812694,0.0,0.0,2.0,0.0,1.0,0.0,0.0,0.0
SOKOŁOWSKI,27.0,1.0,1.0,0.0,0.0,2.0,3.0,0.0,3.0,11.0,1.0,1.0,0.0,0.0,0.0,0.0,0.0,0.0,1.0,0.0,1.0,0.0,0.0,0.0,0.0,0.0,0.0,0.0,0.0,0.0,0.0,2.0,1.0,0.0,0.0,0.0,0.0,0.0,0.0,0.0,0.0,0.0,0.0
TOMASZOWSKI,11.0,0.0,0.0,0.0,0.0,2.0,1.0,0.0,0.0,2.0,1.0,1.0,0.0,0.0,0.0,0.0,0.0,0.0,0.0,0.0,0.0,1.0,0.0,1.0,0.0,0.0,0.0,0.0,0.0,0.0,0.0,1.0,0.0,0.0,1.0,0.0,0.0,0.0,0.0,0.0,0.0,0.0,0.0
WĘGROWSKI,13.0,0.0,0.0,0.0,0.0,0.0,2.0,0.0,3.0,6.0,1.0,0.0,0.0,0.0,0.0,0.0,0.0,0.0,0.0,0.0,1.0,0.0,0.0,0.0,0.0,0.0,0.0,0.0,0.0,0.0,0.0,0.0,0.0,0.0,0.0,0.0,0.0,0.0,0.0,0.0,0.0,0.0,0.0
WŁODAWSKI,38.0,3.0,0.0,2.0,0.0,5.0,3.0,0.0,6.0,5.0,1.0,4.0,1.0,0.0,0.0,0.0,0.0,0.0,1.0,0.0,0.0,0.0,0.0,2.0,0.0,0.0,0.0,2.0,0.0,0.0,0.0,3.0,2.0,0.0,0.0,0.0,0.0,0.0,0.0,0.0,0.0,0.0,1.0
ZAMOJSKI,85.0,2.0,1.0,0.0,1.0,6.0,1.0,0.0,15.0,12.0,1.0,10.0,2.0,3.0,0.0,0.0,0.0,1.0,3.0,2.0,2.0,2.0,3.0,3.0,0.0,2.0,1.0,2.0,2.0,1.0,1.0,3.0,0.0,0.0,1.0,0.0,0.0,2.0,0.0,1.0,0.0,1.0,6.0
LUBLIN (MIASTO),270.0,7.0,4.0,1.0,2.0,16.0,4.0,12.0,13.0,24.0,4.0,34.0,10.0,13.0,8.0,5.0,0.0,6.0,6.0,5.0,5.0,8.0,6.0,9.0,2.0,4.0,7.0,6.0,4.0,4.0,12.0,2.0,2.0,2.0,4.0,2.0,2.0,4.0,3.0,8.0,6.0,1.0,5.0
BÓBRECKI,11.0,1.0,0.0,0.0,1.0,1.0,0.0,0.0,4.0,1.0,3.0,0.0,0.0,0.0,0.0,0.0,0.0,0.0,0.0,0.0,0.0,0.0,0.0,1.0,0.0,0.0,0.0,0.0,0.0,0.0,0.0,0.0,0.0,0.0,0.0,0.0,0.0,0.0,0.0,0.0,0.0,0.0,0.0
BRZOZOWSKI,10.0,0.0,0.0,0.0,0.0,3.0,1.0,0.0,1.0,3.0,1.0,0.0,0.0,0.0,0.0,0.0,0.0,0.0,0.0,0.0,0.0,0.0,0.0,1.0,0.0,0.0,0.0,0.0,0.0,0.0,0.0,0.0,0.0,0.0,0.0,0.0,0.0,0.0,0.0,0.0,0.0,0.0,0.0
DOBROMILSKI,10.52004383950906,2.0,2.1076699580909908e-16,0.0,1.0,2.304008767901812,0.0,0.0,1.0000000000000002,0.0,3.608017535803624,0.0,0.0,0.0,0.0,0.0,0.0,0.0,0.0,0.0,0.0,0.0,0.0,1.304008767901812,0.0,0.0,0.0,0.0,0.0,0.0,0.0,0.30400876790181197,0.0,0.0,0.0,0.0,0.0,0.0,0.0,0.0,0.0,0.0,0.0
DROHOBYCKI,77.31519107173524,2.090054591924355,0.09005459192435539,0.0,0.0,10.045027295962178,1.0,0.0,12.090054591924355,4.0,7.045027295962178,3.0,0.0,2.0,2.0,3.0,0.0,0.0,4.0,2.0,0.0,2.0,0.0,5.045027295962178,0.0,0.0,0.0,5.0,2.0,0.0,0.0,0.0,0.0,1.0,2.0,3.0,2.0,1.0,0.0,1.0,1.0,0.0,4.0
GRÓDECKI,7.0,1.0,0.0,0.0,1.0,1.0,0.0,0.0,0.0,1.0,3.0,0.0,0.0,0.0,0.0,0.0,0.0,0.0,0.0,0.0,0.0,0.0,0.0,1.0,0.0,0.0,0.0,0.0,0.0,0.0,0.0,0.0,0.0,0.0,0.0,0.0,0.0,0.0,0.0,0.0,0.0,0.0,0.0
JAROSŁAWSKI,36.0,4.0,0.0,1.0,3.0,5.0,0.0,1.0,4.0,1.0,6.0,1.0,0.0,3.0,1.0,1.0,0.0,0.0,2.0,0.0,1.0,0.0,0.0,1.0,0.0,0.0,0.0,1.0,1.0,0.0,0.0,0.0,0.0,2.0,0.0,0.0,0.0,0.0,0.0,0.0,0.0,1.0,1.0
JAWOROWSKI,11.60058899381707,0.966648978957405,0.0,0.0,0.966648978957405,3.8667191844954982,1.93329795791481,0.0,1.9333595922477491,6.163433293919653e-05,1.9334212265806883,0.0,0.0,0.0,0.0,0.0,0.0,0.0,0.0,0.00012326866587839306,0.0,0.0,0.0,0.00012326866587839306,0.0,0.0,0.0,0.0,0.0,0.0,0.0,0.0,0.0,6.163433293919653e-05,0.966648978957405,0.0,0.0,0.0,0.0,0.0,0.0,0.00012326866587839306,0.0
KOLBUSZOWSKI,8.0,1.0,0.0,1.0,0.0,1.0,1.0,0.0,1.0,1.0,3.0,0.0,0.0,0.0,0.0,0.0,0.0,0.0,0.0,0.0,0.0,0.0,0.0,0.0,0.0,0.0,0.0,0.0,0.0,0.0,0.0,0.0,0.0,0.0,0.0,0.0,0.0,0.0,0.0,0.0,0.0,0.0,0.0
KROŚNIEŃSKI,34.87474497429116,0.821355706940331,0.0,0.4106778534701655,0.4106778534701655,5.0,0.0,0.0,5.821355706940331,4.0,3.8213557069403308,0.0,1.0,0.0,0.0,0.0,0.0,0.0,2.0,1.0,0.0,1.0,1.0,3.0,0.0,0.0,0.0,1.0,0.0,0.0,0.0,0.4106778534701655,0.0,0.0,0.0,1.0,1.0,0.0,0.0,2.0,0.0,1.0,0.4106778534701655
LESKI,28.0,5.0,0.0,0.0,5.0,11.0,0.0,0.0,1.0,2.0,4.0,0.0,1.0,0.0,0.0,0.0,0.0,0.0,0.0,0.0,0.0,2.0,0.0,1.0,0.0,0.0,0.0,0.0,0.0,0.0,0.0,0.0,0.0,0.0,0.0,0.0,1.0,0.0,0.0,0.0,0.0,0.0,0.0
LWOWSKI,19.0,1.0,0.0,0.0,1.0,0.0,0.0,0.0,7.0,5.0,3.0,0.0,0.0,0.0,0.0,0.0,0.0,0.0,0.0,0.0,0.0,0.0,0.0,0.0,0.0,0.0,0.0,1.0,0.0,0.0,0.0,0.0,0.0,0.0,2.0,0.0,0.0,0.0,0.0,0.0,0.0,0.0,0.0
LWÓW (MIASTO),889.0,10.0,1.0,0.0,2.0,69.0,6.0,12.0,136.0,17.0,3.0,86.0,13.0,52.0,29.0,14.0,2.0,9.0,33.0,27.0,16.0,24.0,16.0,21.0,24.0,15.0,13.0,25.0,16.0,4.0,24.0,21.0,0.0,9.0,11.0,10.0,10.0,10.0,19.0,52.0,17.0,14.0,69.0
ŁAŃCUCKI,16.0,4.0,0.0,6.9346951003831995e-18,4.0,3.0,0.0,6.9346951003831995e-18,5.0,1.3869390200766399e-17,4.0,7.628164610421519e-17,0.0,3.4673475501916e-17,2.08040853011496e-17,2.08040853011496e-17,6.9346951003831995e-18,2.7738780401532798e-17,1.3869390200766399e-17,1.3869390200766399e-17,1.3869390200766399e-17,2.08040853011496e-17,2.08040853011496e-17,3.4673475501916e-17,0.0,2.08040853011496e-17,6.9346951003831995e-18,2.7738780401532798e-17,6.9346951003831995e-18,0.0,1.3869390200766399e-17,0.0,0.0,1.3869390200766399e-17,0.0,6.9346951003831995e-18,0.0,1.3869390200766399e-17,6.9346951003831995e-18,1.3869390200766399e-17,0.0,6.9346951003831995e-18,3.4673475501916e-17
MOŚCISKI,9.0,4.0,1.0,0.0,3.0,1.0,0.0,0.0,0.0,0.0,3.0,0.0,0.0,0.0,0.0,0.0,0.0,0.0,0.0,0.0,0.0,0.0,0.0,0.0,0.0,0.0,0.0,1.0,0.0,0.0,0.0,0.0,0.0,0.0,0.0,0.0,0.0,0.0,0.0,0.0,0.0,0.0,0.0
NIŻAŃSKI,4.0,0.0,0.0,0.0,0.0,2.0,0.0,0.0,0.0,0.0,2.0,0.0,0.0,0.0,0.0,0.0,0.0,0.0,0.0,0.0,0.0,0.0,0.0,0.0,0.0,0.0,0.0,0.0,0.0,0.0,0.0,0.0,0.0,0.0,0.0,0.0,0.0,0.0,0.0,0.0,0.0,0.0,0.0
PRZEMYSKI,116.0,4.0,0.0,0.0,2.0,14.0,0.0,2.0,9.0,5.0,5.0,9.0,2.0,7.0,1.0,1.0,0.0,6.0,7.0,3.0,1.0,7.0,4.0,6.0,1.0,1.0,0.0,2.0,3.0,0.0,5.0,1.0,0.0,0.0,1.0,0.0,1.0,3.0,1.0,2.0,0.0,2.0,6.0
PRZEWORSKI,13.0,4.0,0.0,0.0,4.0,3.0,0.0,0.0,0.0,1.0,3.0,1.0,0.0,0.0,0.0,0.0,0.0,0.0,0.0,0.0,0.0,0.0,0.0,1.0,0.0,0.0,0.0,0.0,0.0,0.0,0.0,0.0,0.0,0.0,0.0,0.0,0.0,0.0,0.0,0.0,0.0,0.0,1.0
RAWSKI (RAWA RUSKA),17.0,3.0,0.0,1.0,2.0,1.0,0.0,0.0,1.0,0.0,6.0,0.0,0.0,0.0,0.0,0.0,0.0,0.0,1.0,0.0,0.0,1.0,0.0,3.0,0.0,0.0,0.0,1.0,0.0,0.0,0.0,0.0,0.0,0.0,0.0,0.0,0.0,0.0,0.0,0.0,0.0,0.0,2.0
RUDECKI,8.0,2.0,0.0,0.0,2.0,2.0,0.0,0.0,1.0,1.0,2.0,0.0,0.0,0.0,0.0,0.0,0.0,0.0,0.0,0.0,0.0,0.0,0.0,0.0,0.0,0.0,0.0,0.0,0.0,0.0,0.0,0.0,0.0,0.0,0.0,0.0,0.0,0.0,0.0,0.0,0.0,0.0,0.0
RZESZOWSKI,103.12525502570884,2.1786442930596692,0.0,1.5893221465298346,0.5893221465298345,15.0,0.0,1.0,11.17864429305967,2.0,7.178644293059669,11.0,0.0,5.0,3.0,3.0,1.0,4.0,2.0,2.0,2.0,3.0,3.0,5.0,0.0,3.0,1.0,4.0,1.0,0.0,2.0,0.5893221465298345,0.0,2.0,0.0,1.0,0.0,2.0,1.0,2.0,0.0,1.0,5.589322146529835
SAMBORSKI,10.164765088755695,1.9099454080756444,1.9099454080756444,0.0,0.0,1.6509639361360102,0.0,0.0,1.9099454080756444,0.0,2.3469551682341985,0.0,0.0,0.0,0.0,0.0,0.0,0.0,0.0,0.0,0.0,0.0,0.0,1.6509639361360102,0.0,0.0,0.0,0.0,0.0,0.0,0.0,0.695991232098188,0.0,0.0,0.0,0.0,0.0,0.0,0.0,0.0,0.0,0.0,0.0
SANOCKI,37.0,4.0,0.0,2.0,2.0,9.0,0.0,0.0,2.0,1.0,3.0,3.0,0.0,3.0,0.0,0.0,0.0,1.0,2.0,1.0,1.0,0.0,1.0,1.0,0.0,0.0,0.0,1.0,1.0,0.0,0.0,1.0,0.0,1.0,0.0,0.0,0.0,0.0,0.0,1.0,0.0,0.0,0.0
SOKALSKI,29.76402691649804,5.952805383299608,0.0,1.9842684610998693,2.976402691649804,4.960671152749673,1.9842684610998693,0.0,1.9842684610998693,0.0,5.952805383299608,0.0,0.0,0.9921342305499347,0.0,0.0,0.0,0.9921342305499347,0.9921342305499347,0.0,0.0,0.0,0.0,0.9921342305499347,0.0,0.0,0.0,0.9921342305499347,0.0,0.0,0.0,1.9842684610998693,0.0,0.0,0.0,0.0,0.0,0.9921342305499347,0.9921342305499347,0.0,0.0,0.0,0.9921342305499347
TARNOBRZESKI,16.0,1.0,0.0,0.0,0.0,5.0,2.0,0.0,1.0,0.0,4.0,0.0,0.0,0.0,0.0,0.0,0.0,0.0,0.0,1.0,0.0,0.0,0.0,2.0,0.0,0.0,0.0,0.0,0.0,0.0,0.0,0.0,0.0,0.0,0.0,0.0,0.0,0.0,0.0,0.0,0.0,0.0,3.0
ŻÓŁKIEWSKI,17.0,4.0,1.0,0.0,3.0,1.0,0.0,0.0,6.0,1.0,3.0,1.0,1.0,0.0,0.0,0.0,0.0,0.0,0.0,0.0,0.0,0.0,0.0,0.0,0.0,0.0,0.0,0.0,0.0,0.0,0.0,0.0,0.0,0.0,0.0,0.0,0.0,0.0,0.0,0.0,0.0,0.0,0.0
LUBACZOWSKI,13.39941100618293,0.03335102104259502,0.0,0.0,0.03335102104259502,2.1332808155045013,0.06670204208519004,0.0,1.0666404077522507,0.9999383656670607,2.0665787734193115,0.0,0.0,0.0,0.0,0.0,0.0,0.0,0.0,1.9998767313341215,0.0,0.0,0.0,1.9998767313341215,0.0,0.0,0.0,0.0,0.0,0.0,0.0,0.0,0.0,0.9999383656670607,0.03335102104259502,0.0,0.0,0.0,0.0,0.0,0.0,1.9998767313341215,0.0
TURCZAŃSKI,11.0,0.0,0.0,0.0,0.0,6.0,0.0,0.0,2.0,0.0,2.0,0.0,0.0,0.0,0.0,0.0,0.0,0.0,0.0,1.0,0.0,0.0,0.0,0.0,0.0,0.0,0.0,0.0,0.0,0.0,0.0,0.0,0.0,0.0,0.0,0.0,0.0,0.0,0.0,0.0,0.0,0.0,1.0
BRZEZIŃSKI,84.0,2.0,0.0,0.0,2.0,10.0,2.0,0.0,16.0,26.0,0.0,4.0,0.0,2.0,7.0,0.0,0.0,0.0,2.0,4.0,0.0,0.0,0.0,1.0,0.0,0.0,1.0,1.0,0.0,0.0,0.0,1.0,1.0,0.0,1.0,0.0,0.0,2.0,0.0,0.0,0.0,1.0,1.0
ŁASKI,77.0,2.0,1.0,0.0,1.0,7.0,1.0,0.0,16.0,21.0,3.0,6.0,0.0,0.0,1.0,0.0,0.0,0.0,0.0,7.0,1.0,2.0,0.0,2.0,0.0,0.0,1.0,0.0,2.0,0.0,0.0,2.0,0.0,0.0,1.0,0.0,0.0,2.0,0.0,0.0,0.0,0.0,0.0
ŁĘCZYCKI,65.0,0.0,0.0,0.0,0.0,6.0,3.0,0.0,19.0,23.0,0.0,2.0,0.0,1.0,2.0,0.0,0.0,0.0,0.0,3.0,0.0,1.0,0.0,0.0,0.0,0.0,1.0,2.0,0.0,0.0,0.0,1.0,0.0,0.0,1.0,0.0,0.0,0.0,0.0,0.0,0.0,0.0,1.0
ŁÓDZKI,61.0,0.0,0.0,0.0,0.0,0.0,3.0,0.0,13.0,26.0,1.0,4.0,1.0,1.0,0.0,0.0,0.0,0.0,2.0,8.0,0.0,0.0,0.0,0.0,0.0,0.0,0.0,0.0,0.0,0.0,0.0,0.0,0.0,0.0,1.0,0.0,0.0,1.0,0.0,0.0,0.0,0.0,0.0
ŁÓDŹ (MIASTO),1329.0,2.0,0.0,1.0,0.0,78.0,6.0,41.0,65.0,137.0,7.0,300.0,22.0,73.0,37.0,10.0,1.0,9.0,48.0,38.0,11.0,24.0,27.0,37.0,18.0,18.0,32.0,25.0,18.0,15.0,27.0,1.0,0.0,2.0,40.0,12.0,7.0,21.0,19.0,76.0,18.0,7.0,55.0
PIOTRKOWSKI,107.0,1.0,1.0,0.0,0.0,8.0,2.0,0.0,26.0,36.0,2.0,3.0,0.0,3.0,1.0,0.0,0.0,0.0,3.0,2.0,1.0,3.0,2.0,1.0,0.0,0.0,1.0,4.0,1.0,0.0,0.0,3.0,0.0,1.0,1.0,0.0,0.0,1.0,0.0,1.0,0.0,0.0,0.0
RADOMSZCZAŃSKI,90.0,2.0,1.0,0.0,0.0,16.0,4.0,0.0,10.0,21.0,2.0,4.0,0.0,1.0,0.0,0.0,5.0,0.0,1.0,2.0,1.0,4.0,1.0,5.0,0.0,0.0,1.0,2.0,1.0,0.0,2.0,3.0,0.0,0.0,0.0,0.0,1.0,0.0,0.0,0.0,1.0,0.0,1.0
SIERADZKI,50.92675231579714,0.024814231866261305,0.014888539119756782,0.0,0.009925692746504521,6.037899166437201,1.0352154932011808,0.0,8.076148108986908,14.219879629538546,2.014074180873475,3.0598548370111884,0.009925692746504521,0.05955415647902713,0.04466561735927035,0.009925692746504521,0.009925692746504521,0.009925692746504521,1.032171057398013,3.041282391898236,0.004962846373252261,1.0222453646515084,2.009750804690251,3.061773247581273,0.009925692746504521,0.009925692746504521,0.024814231866261305,0.004962846373252261,0.004962846373252261,0.0,0.0,0.03473992461276582,0.0,0.004323376183224135,2.014713651063503,0.004962846373252261,0.004962846373252261,1.0073568255317515,0.0,1.0023939791584993,2.0047879583169985,0.009925692746504521,4.093304834789258
WIELUŃSKI,65.0,5.0,0.0,4.0,1.0,8.0,3.0,0.0,13.0,18.0,2.0,2.0,1.0,0.0,1.0,0.0,0.0,0.0,1.0,1.0,0.0,1.0,0.0,1.0,0.0,0.0,0.0,0.0,0.0,0.0,1.0,1.0,0.0,1.0,1.0,0.0,0.0,0.0,0.0,0.0,0.0,4.0,0.0
POŁUDNIOWO-WARSZAWSKI,0.0,0.0,0.0,0.0,0.0,0.0,0.0,0.0,0.0,0.0,0.0,0.0,0.0,0.0,0.0,0.0,0.0,0.0,0.0,0.0,0.0,0.0,0.0,0.0,0.0,0.0,0.0,0.0,0.0,0.0,0.0,0.0,0.0,0.0,0.0,0.0,0.0,0.0,0.0,0.0,0.0,0.0,0.0
PÓŁNOCNO-WARSZAWSKI,0.0,0.0,0.0,0.0,0.0,0.0,0.0,0.0,0.0,0.0,0.0,0.0,0.0,0.0,0.0,0.0,0.0,0.0,0.0,0.0,0.0,0.0,0.0,0.0,0.0,0.0,0.0,0.0,0.0,0.0,0.0,0.0,0.0,0.0,0.0,0.0,0.0,0.0,0.0,0.0,0.0,0.0,0.0
PRASKO-WARSZAWSKI,0.0,0.0,0.0,0.0,0.0,0.0,0.0,0.0,0.0,0.0,0.0,0.0,0.0,0.0,0.0,0.0,0.0,0.0,0.0,0.0,0.0,0.0,0.0,0.0,0.0,0.0,0.0,0.0,0.0,0.0,0.0,0.0,0.0,0.0,0.0,0.0,0.0,0.0,0.0,0.0,0.0,0.0,0.0
ŚRÓDMIEJSKO-WARSZAWSKI,3286.0,38.0,5.0,11.0,6.0,227.0,9.0,99.0,280.0,233.0,18.0,230.0,45.0,204.0,145.0,54.0,8.0,46.0,55.0,70.0,51.0,102.0,67.0,75.0,88.0,113.0,68.0,60.0,131.0,33.0,129.0,25.0,2.0,22.0,90.0,50.0,32.0,18.0,17.0,257.0,83.0,12.0,204.0
BARANOWICKI,112.0,6.0,2.0,1.0,3.0,11.0,3.0,1.0,12.0,17.0,1.0,10.0,1.0,5.0,4.0,3.0,1.0,1.0,5.0,3.0,2.0,2.0,2.0,6.0,0.0,2.0,1.0,2.0,1.0,1.0,1.0,2.0,0.0,0.0,2.0,0.0,0.0,2.0,0.0,0.0,1.0,1.0,3.0
BRASŁAWSKI,40.0,1.0,0.0,0.0,1.0,6.0,4.0,0.0,5.0,13.0,1.0,3.0,2.0,0.0,0.0,0.0,0.0,0.0,0.0,0.0,0.0,1.0,0.0,0.0,0.0,0.0,0.0,1.0,0.0,0.0,0.0,1.0,0.0,0.0,0.0,0.0,0.0,0.0,0.0,0.0,0.0,2.0,3.0
LIDZKI,77.0,0.0,0.0,0.0,0.0,17.0,5.0,0.0,7.0,17.0,1.0,3.0,1.0,1.0,0.0,3.0,0.0,0.0,3.0,4.0,1.0,0.0,1.0,2.0,0.0,0.0,2.0,1.0,1.0,0.0,1.0,2.0,0.0,1.0,1.0,0.0,0.0,2.0,0.0,0.0,0.0,0.0,0.0
NIEŚWIESKI,70.0,2.0,1.0,1.0,0.0,8.0,8.0,0.0,8.0,17.0,0.0,6.0,4.0,0.0,5.0,0.0,1.0,0.0,1.0,0.0,1.0,0.0,0.0,5.0,0.0,0.0,1.0,0.0,0.0,0.0,0.0,2.0,0.0,0.0,0.0,0.0,0.0,0.0,0.0,0.0,0.0,1.0,5.0
NOWOGRÓDZKI,18.28961516616126,0.0,0.0,0.0,0.0,3.016549438066358,0.008274719033178845,0.0,7.066197752265431,0.11584606646450382,0.008274719033178845,0.024824157099536535,1.0,0.0,0.01654943806635769,0.0,0.0,0.0,0.0,0.0,0.0,0.0,0.0,1.0,0.0,0.0,0.0,2.0,0.0,0.0,0.0,2.0,0.0,0.008274719033178845,2.0,0.0,0.0,0.0,0.0,0.008274719033178845,0.0,0.01654943806635769,0.008274719033178845
SŁONIMSKI,58.0,1.0,0.0,0.0,0.0,12.0,2.0,0.0,9.0,9.0,1.0,3.0,3.0,4.0,1.0,2.0,0.0,0.0,1.0,0.0,1.0,1.0,1.0,1.0,0.0,2.0,1.0,1.0,1.0,0.0,0.0,0.0,0.0,0.0,0.0,0.0,0.0,0.0,0.0,0.0,0.0,1.0,0.0
STOŁPECKI,34.710384833838745,0.0,0.0,0.0,0.0,1.9834505619336424,0.9917252809668212,0.0,7.93380224773457,13.884153933535497,0.9917252809668212,2.9751758429004638,0.0,0.0,1.9834505619336424,0.0,0.0,0.0,0.0,0.0,0.0,0.0,0.0,0.0,0.0,0.0,0.0,0.0,0.0,0.0,0.0,0.0,0.0,0.9917252809668212,0.0,0.0,0.0,0.0,0.0,0.9917252809668212,0.0,1.9834505619336424,0.9917252809668212
WOŁOŻYŃSKI,16.0,0.0,0.0,0.0,0.0,2.0,3.0,0.0,2.0,5.0,1.0,0.0,0.0,0.0,0.0,0.0,0.0,0.0,1.0,0.0,0.0,0.0,0.0,1.0,0.0,0.0,0.0,0.0,0.0,0.0,0.0,1.0,0.0,0.0,0.0,0.0,0.0,0.0,0.0,0.0,0.0,0.0,3.0
SZCZUCZYŃSKI (WOJ. NOWOGRÓDZKIE),14.0,0.0,0.0,0.0,0.0,3.0,1.0,0.0,2.0,4.0,0.0,3.0,0.0,0.0,0.0,0.0,0.0,0.0,0.0,1.0,0.0,0.0,0.0,0.0,0.0,0.0,0.0,0.0,0.0,0.0,0.0,0.0,0.0,0.0,0.0,0.0,0.0,0.0,0.0,0.0,0.0,0.0,0.0
BRZESKI (BRZEŚĆ N.BUG.),192.00000000040532,1.000000000007692,1.000000000007692,0.0,0.0,20.000000000064244,9.000000000009045,3.0,10.000000000092733,24.00000000008504,4.000000000010399,20.000000000025782,3.0,10.0,10.0,4.0,0.0,3.0,6.000000000015384,5.000000000023076,7.000000000007692,6.000000000007692,2.0,9.000000000030768,2.000000000007692,4.000000000007692,2.0,4.0,2.0,3.0,4.0,1.000000000007692,1.3534802736861023e-12,1.0,3.0000000000013536,1.0,0.0,4.0,1.0,1.0,3.0,0.0,7.0
DROHICKI,13.0,0.0,0.0,0.0,0.0,2.0,1.0,0.0,3.0,5.0,0.0,0.0,1.0,0.0,0.0,0.0,0.0,0.0,0.0,0.0,0.0,1.0,0.0,0.0,0.0,0.0,0.0,0.0,0.0,0.0,0.0,0.0,0.0,0.0,0.0,0.0,0.0,0.0,0.0,0.0,0.0,0.0,0.0
KOBRYŃSKI,30.0,0.0,0.0,0.0,0.0,7.0,1.0,0.0,3.0,4.0,0.0,2.0,3.0,1.0,1.0,0.0,0.0,0.0,1.0,0.0,0.0,0.0,0.0,4.0,1.0,0.0,0.0,0.0,0.0,0.0,0.0,0.0,0.0,0.0,0.0,0.0,0.0,1.0,0.0,0.0,0.0,1.0,1.0
KOSZYRSKI,8.0,0.0,0.0,0.0,0.0,4.0,1.0,0.0,1.0,2.0,0.0,0.0,0.0,0.0,0.0,0.0,0.0,0.0,0.0,0.0,0.0,0.0,0.0,0.0,0.0,0.0,0.0,0.0,0.0,0.0,0.0,0.0,0.0,0.0,0.0,0.0,0.0,0.0,0.0,0.0,0.0,0.0,0.0
ŁUNINIECKI,35.71300544110239,0.01114071001722485,0.0,0.0,0.0,8.111407100172249,2.0111407100172247,0.0,4.022281420034449,8.055703550086124,0.01114071001722485,1.077984970120574,2.02228142003445,0.01114071001722485,0.05570355008612425,0.0,0.0,0.0,0.01114071001722485,0.03342213005167455,1.011140710017225,0.01114071001722485,0.0222814200344497,3.055703550086124,0.0,1.0334221300516746,0.0445628400688994,0.0,1.0334221300516746,0.0,0.01114071001722485,0.01114071001722485,0.0,0.0,4.022281420034449,0.0222814200344497,0.0,0.0,0.0,0.0,0.0,0.0,1.0445628400688993
PIŃSKI,63.28699455889761,0.9888592899827752,0.0,0.0,0.0,9.888592899827751,0.9888592899827752,0.0,1.9777185799655503,4.9442964499138755,0.9888592899827752,6.922015029879426,1.9777185799655503,0.9888592899827752,4.9442964499138755,0.0,0.0,0.0,0.9888592899827752,2.9665778699483254,0.9888592899827752,0.9888592899827752,1.9777185799655503,4.9442964499138755,0.0,2.9665778699483254,3.9554371599311007,0.0,2.9665778699483254,0.0,0.9888592899827752,0.9888592899827752,0.0,0.0,1.9777185799655503,1.9777185799655503,0.0,0.0,0.0,0.0,0.0,0.0,3.9554371599311007
PRUŻAŃSKI,45.0,0.0,0.0,0.0,0.0,2.0,4.0,0.0,5.0,14.0,1.0,6.0,0.0,2.0,2.0,1.0,0.0,0.0,2.0,0.0,0.0,1.0,0.0,1.0,0.0,0.0,0.0,0.0,0.0,0.0,1.0,0.0,0.0,0.0,1.0,0.0,0.0,1.0,0.0,0.0,0.0,1.0,0.0
STOLIŃSKI,23.0,0.0,0.0,0.0,0.0,6.0,1.0,0.0,4.0,5.0,1.0,2.0,0.0,1.0,0.0,0.0,1.0,0.0,0.0,0.0,0.0,0.0,0.0,1.0,0.0,0.0,0.0,0.0,0.0,0.0,0.0,0.0,0.0,0.0,0.0,0.0,0.0,1.0,0.0,0.0,0.0,0.0,2.0
IWACEWICKI,14.0,0.0,0.0,0.0,0.0,6.0,0.0,0.0,1.0,2.0,1.0,0.0,2.0,0.0,0.0,0.0,0.0,0.0,0.0,1.0,0.0,1.0,0.0,0.0,0.0,0.0,0.0,0.0,0.0,0.0,0.0,0.0,0.0,0.0,0.0,0.0,0.0,0.0,0.0,0.0,0.0,0.0,2.0
BRODNICKI,53.844286925614696,4.048952733623047,4.0,0.048952733623046966,0.0,2.2937164017382816,5.010570489998429,1.0,13.888948637953044,5.287045628108952,2.048952733623047,0.2063814244906172,4.31485738173514,2.0,0.048952733623046966,0.0,1.0,0.0,1.0489527336230469,1.097905467246094,0.048952733623046966,1.097905467246094,0.0,2.0,0.0,0.0,1.0,1.0489527336230469,1.1574286908675702,0.0,1.0,2.048952733623047,0.0,0.0,1.0489527336230469,0.0,0.0,0.0,0.09790546724609393,0.0,0.0,0.0,4.070093713619905
CHEŁMIŃSKI,40.807967748813965,2.9152123758198956,0.9873299093476328,1.927882466472263,0.0,1.998048494806767,1.010718585459134,0.0,10.977572383381467,5.877202103862794,0.9639412332361315,0.023388676111501333,6.934698041544931,0.9639412332361315,0.0,0.046777352223002666,0.0,0.0,0.9873299093476328,0.070166028334504,0.9873299093476328,1.010718585459134,0.9639412332361315,0.0,0.0,0.046777352223002666,0.0,0.023388676111501333,0.9873299093476328,0.0,0.0,2.938601051931397,0.0,0.0,0.0,0.0,0.0,0.0,0.0,0.9639412332361315,0.0,0.11694338055750667,1.010718585459134
CHOJNICKI,75.6650162580304,1.9953441599291633,0.020870369162698688,0.98742688324258,0.9870469075238846,3.0170483574846467,2.0363249468171696,1.9742838029071168,19.936994848391866,7.931222538082024,1.9742838029071168,0.007083448293798028,6.986106356742884,1.99477419635112,0.9870469075238846,0.993940367958335,1.0008338283927853,1.0008338283927853,2.9753076191592496,1.9742838029071168,0.9872368953832322,1.98788073591667,2.9682241708654518,1.9744737907664645,0.0,1.0008338283927853,0.0,1.98788073591667,2.9749276434405543,0.0,0.006893460434450329,3.961974550964439,0.0,0.0,0.9941303558176826,0.006893460434450329,0.020680381303350988,0.0,0.0,0.006893460434450329,0.0,0.000379975718695397,3.961974550964439
GRUDZIĄDZ (MIASTO),174.0,4.0,2.0,1.0,0.0,12.0,2.0,3.0,32.0,9.0,2.0,2.0,8.0,8.0,2.0,2.0,4.0,0.0,8.0,2.0,7.0,3.0,6.0,8.0,2.0,5.0,2.0,6.0,11.0,0.0,3.0,4.0,0.0,1.0,2.0,1.0,1.0,3.0,4.0,3.0,2.0,0.0,1.0
GRUDZIĄDZKI,18.799160690029844,0.0,0.0,0.0,0.0,0.0,0.9894295100015706,0.0,9.894295100015707,3.9577180400062826,0.0,0.9894295100015706,1.9788590200031413,0.0,0.0,0.0,0.0,0.0,0.0,0.0,0.0,0.0,0.0,0.0,0.0,0.0,0.0,0.0,0.9894295100015706,0.0,0.0,0.0,0.0,0.0,0.0,0.0,0.0,0.0,0.0,0.0,0.0,0.0,1.9788590200031413
KARTUSKI,52.81359170266918,0.0,0.0,0.0,0.0,2.9340884279260653,4.890147379876776,0.0,28.3628548032853,2.9340884279260653,0.9780294759753552,1.9560589519507103,2.9340884279260653,0.0,0.0,0.9780294759753552,0.0,0.0,0.0,0.0,0.0,0.0,0.0,0.0,0.0,0.0,0.9780294759753552,0.9780294759753552,0.9780294759753552,0.0,0.0,1.9560589519507103,0.0,0.0,0.9780294759753552,0.0,0.0,0.0,0.0,0.0,0.0,0.9780294759753552,0.0
KOŚCIERSKI,43.51403346072896,2.885968627015351,0.9619883237597884,1.9239784753875695,1.827867992750983e-06,3.9138703507170667,1.0718445996189985,0.9619919794957739,16.02899493423117,1.9899028425374534,0.9839625035204188,1.0059293718090783,4.875865985948826,3.655735985501966e-06,1.827867992750983e-06,0.021972351892637656,1.827867992750983e-06,1.827867992750983e-06,1.923982131123555,0.9619919794957739,0.9619901516277811,3.655735985501966e-06,0.9619938073637666,1.9239803032555622,0.0,1.827867992750983e-06,0.021970524024644906,0.02197417976063041,0.02197600762862316,0.0,0.0,0.04394835952126082,0.0,0.0,0.9839606756524261,0.0,0.0,0.0,0.0,0.0,0.0,1.9459471715442216,7.311471971003932e-06
LUBAWSKI,44.0,3.0,2.0,1.0,0.0,6.0,1.0,0.0,14.0,5.0,1.0,1.0,3.0,0.0,0.0,0.0,0.0,0.0,1.0,0.0,0.0,2.0,1.0,0.0,0.0,0.0,0.0,0.0,1.0,0.0,1.0,4.0,0.0,0.0,0.0,0.0,0.0,0.0,0.0,0.0,0.0,0.0,0.0
SĘPOLEŃSKI,46.0,2.0,0.0,1.0,1.0,5.0,5.0,0.0,8.0,1.0,1.0,2.0,8.0,0.0,0.0,5.0,0.0,0.0,0.0,2.0,0.0,1.0,0.0,1.0,0.0,0.0,0.0,0.0,0.0,0.0,0.0,1.0,0.0,0.0,0.0,0.0,0.0,0.0,4.0,0.0,0.0,0.0,2.0
STAROGARDZKI,100.64495561221376,3.1094764956866134,3.0171413070775133,0.07564337676172789,0.016691811847372433,8.326782531815065,8.975780544470812,0.2517733383007023,30.949208201368535,5.947058109810948,0.05451350022823638,1.047620039793786,12.480449335881259,2.9793196186966493,0.0,0.9931065395655497,2.200164729050938,1.9862130791310995,2.489759755732504,0.037821688380863944,0.2517733383007023,2.002904890978472,1.0309282279464136,0.07564337676172789,0.0,1.9862130791310995,0.21395164991983837,1.9862130791310995,2.21685654089831,0.0,0.9931065395655497,1.9862130791310995,0.0,0.0,1.0309282279464136,0.9931065395655497,2.9793196186966493,0.0,0.0,0.9931065395655497,0.0,0.07564337676172789,2.002904890978472
ŚWIECKI,96.26209697282118,1.9842631772603994,1.9576826191940284,0.0,0.026580558066370996,6.0233008266499235,3.915365238388057,1.1025137205984819,39.827593734029776,9.384003104578111,1.9842631772603994,1.0054218676633853,8.705667733116774,0.9788413095970142,0.0,0.0,1.1025137205984819,0.0,2.2050274411969637,3.915365238388057,3.06019633979251,2.9631044868574135,0.9788413095970142,1.9576826191940284,0.9788413095970142,0.9788413095970142,0.12367241100146766,0.9788413095970142,1.129094278664853,0.0,0.0,0.0,0.0,0.0,0.9788413095970142,0.0,0.0,0.0,0.0,0.0,0.0,0.0,1.0054218676633853
TCZEWSKI,119.20890223328212,1.0,1.0,0.0,0.0,8.662375939078695,3.0,0.662375939078694,35.28613532986563,7.649503756314775,1.0,0.0,15.974255634472165,2.0,0.0,1.0,3.662375939078694,0.0,6.324751878157388,2.0,1.6623759390786939,3.0,2.0,1.0,0.0,1.0,3.662375939078694,2.0,2.662375939078694,0.0,1.0,4.0,0.0,0.0,3.0,1.0,0.0,1.0,2.0,0.0,0.0,2.0,2.0
TORUŃ (MIASTO),196.12369262924187,9.020430775077125,2.0204307750771253,5.0,1.0,15.061292325231376,0.04086155015425032,11.0,35.326892401234005,8.081723100308501,2.0,6.020430775077125,13.163446200617,9.0,1.0,4.040861550154251,2.0,4.0,10.020430775077125,3.0612923252313755,2.0204307750771253,7.040861550154251,4.0,3.0,2.0,2.04086155015425,3.0,3.0204307750771253,11.020430775077125,1.0,3.0,10.04086155015425,0.0,1.0,4.0,0.0,3.0,1.0,1.0,0.0,2.0,0.10215387538562579,3.04086155015425
TORUŃSKI,54.068339621944155,1.0643568491029791,0.992239315575242,0.07211753352773705,0.0,2.9406591799618576,1.9484198643866155,0.0,15.69553521538453,4.041074795828705,0.03605876676386852,0.9561805488113735,7.901855757838067,0.03605876676386852,0.0,1.912361097622747,0.0,0.0,0.992239315575242,2.8685416464341205,0.992239315575242,1.9484198643866155,0.03605876676386852,0.0,0.0,1.912361097622747,0.0,0.9561805488113735,0.992239315575242,0.0,0.0,2.0205373979143526,0.0,0.0,0.0,0.0,0.0,0.0,0.0,0.03605876676386852,0.0,4.780902744056867,1.9484198643866155
TUCHOLSKI,26.891403760254413,1.0249475401084738,0.04231738080597169,0.012951264608122699,0.9696788946943793,1.1225335663285396,0.11053729082818878,0.04706121961923124,11.608218148827724,3.1642212207506235,1.0249475401084738,0.9778863204892424,5.043566525912029,0.04706121961923124,0.012951264608122699,0.012951264608122699,0.03410995501110854,0.012951264608122699,0.08117117463033979,0.11053729082818878,0.07642733581708022,1.0461062305114595,0.060012484227353946,0.06821991002221708,0.021158690402985843,0.03410995501110854,0.0,0.04706121961923124,1.0167401143136106,0.0,0.0,0.051805058432490794,0.0,0.0,0.03410995501110854,0.0,0.0,0.0,0.0,0.0,0.0,0.0,1.0296913789217332
WĄBRZESKI,51.35655238435546,0.951047266376953,0.0,0.951047266376953,0.0,5.706283598261718,0.0,0.0,15.216756262031248,4.755236331884765,0.951047266376953,3.804189065507812,5.706283598261718,0.0,0.951047266376953,0.0,0.0,0.0,0.951047266376953,1.902094532753906,0.951047266376953,1.902094532753906,0.0,0.0,0.0,0.0,0.0,0.951047266376953,2.853141799130859,0.0,0.0,0.951047266376953,0.0,0.0,0.951047266376953,0.0,0.0,0.0,1.902094532753906,0.0,0.0,0.0,0.951047266376953
MORSKI,31.0,0.0,0.0,0.0,0.0,2.0,1.0,1.0,18.0,2.0,0.0,0.0,3.0,0.0,0.0,0.0,0.0,0.0,0.0,0.0,0.0,1.0,0.0,0.0,0.0,0.0,0.0,0.0,0.0,0.0,0.0,0.0,0.0,0.0,0.0,0.0,0.0,0.0,0.0,2.0,0.0,1.0,3.0
GDYNIA (MIASTO),174.0,1.0,1.0,0.0,0.0,14.0,3.0,4.0,18.0,15.0,0.0,1.0,3.0,2.0,0.0,1.0,0.0,0.0,6.0,17.0,4.0,5.0,1.0,4.0,0.0,3.0,6.0,2.0,1.0,0.0,2.0,0.0,0.0,0.0,27.0,13.0,2.0,1.0,5.0,11.0,2.0,0.0,0.0
BYDGOSKI,26.988333097324364,0.0,0.0,0.0,0.0,0.999567892493495,0.999567892493495,0.0,12.994382602415435,0.999567892493495,0.0,0.999567892493495,2.998703677480485,0.999567892493495,0.0,0.0,0.0,0.0,0.0,0.999567892493495,0.0,0.0,0.0,0.999567892493495,0.999567892493495,0.0,0.0,0.0,0.999567892493495,0.0,0.0,0.999567892493495,0.0,0.0,0.999567892493495,0.0,0.0,0.0,0.0,0.0,0.0,0.0,0.999567892493495
BYDGOSZCZ (MIASTO),473.01166690267564,5.0,1.0,1.0,2.0,43.000432107506505,1.000432107506505,36.0,72.00561739758457,16.000432107506505,9.0,17.000432107506505,16.001296322519515,24.000432107506505,11.0,7.0,4.0,6.0,14.0,23.000432107506505,10.0,8.0,7.0,6.000432107506505,7.000432107506505,6.0,10.0,6.0,26.000432107506505,4.0,9.0,20.000432107506505,0.0,1.0,4.000432107506505,2.0,3.0,4.0,6.0,10.0,16.0,4.0,15.000432107506505
INOWROCŁAWSKI,32.0,3.0,3.0,0.0,0.0,1.0,1.0,0.0,16.0,1.0,0.0,0.0,2.0,0.0,0.0,0.0,0.0,0.0,1.0,4.0,0.0,1.0,0.0,0.0,0.0,0.0,0.0,0.0,0.0,0.0,0.0,1.0,0.0,0.0,0.0,0.0,0.0,1.0,0.0,0.0,0.0,0.0,0.0
INOWROCŁAW (MIASTO),102.0,4.0,4.0,0.0,0.0,5.0,1.0,0.0,21.0,6.0,3.0,5.0,10.0,4.0,2.0,2.0,1.0,3.0,3.0,2.0,1.0,3.0,2.0,1.0,1.0,2.0,1.0,2.0,5.0,0.0,1.0,5.0,0.0,0.0,2.0,1.0,1.0,0.0,0.0,1.0,1.0,0.0,1.0
SZUBIŃSKI,23.0,2.0,1.0,1.0,0.0,4.0,2.0,0.0,8.0,1.0,2.0,0.0,1.0,0.0,0.0,0.0,0.0,0.0,0.0,1.0,0.0,0.0,0.0,1.0,0.0,0.0,0.0,0.0,0.0,0.0,0.0,0.0,0.0,1.0,0.0,0.0,0.0,0.0,0.0,0.0,0.0,0.0,2.0
WYRZYSKI,95.0,1.0,1.0,0.0,0.0,5.0,8.0,1.0,35.0,4.0,3.0,1.0,11.0,0.0,0.0,0.0,0.0,0.0,3.0,0.0,0.0,6.0,1.0,0.0,0.0,1.0,3.0,1.0,2.0,0.0,0.0,4.0,0.0,0.0,2.0,0.0,1.0,0.0,0.0,0.0,0.0,2.0,7.0
LIPNOWSKI,33.0,0.0,0.0,0.0,0.0,2.0,3.0,0.0,7.0,13.0,2.0,1.0,0.0,0.0,0.0,0.0,0.0,0.0,0.0,1.0,0.0,0.0,0.0,0.0,0.0,0.0,0.0,0.0,1.0,0.0,0.0,1.0,0.0,1.0,1.0,0.0,0.0,0.0,0.0,0.0,0.0,0.0,1.0
NIESZAWSKI,52.0,2.0,2.0,0.0,0.0,6.0,3.0,0.0,9.0,17.0,2.0,0.0,2.0,0.0,0.0,0.0,0.0,2.0,1.0,3.0,0.0,1.0,0.0,1.0,0.0,0.0,1.0,0.0,0.0,0.0,0.0,1.0,0.0,0.0,0.0,0.0,0.0,0.0,0.0,1.0,0.0,0.0,1.0
RYPIŃSKI,50.389396472681135,1.9760547636345542,1.9760547636345542,0.0,0.0,3.9521095272691085,0.9880273818172771,0.0,5.928164290903663,10.868301199990048,0.9880273818172771,6.91619167272094,3.9521095272691085,2.9640821454518314,1.9760547636345542,0.0,0.0,0.0,0.9880273818172771,0.0,0.0,0.0,0.0,0.0,0.0,0.0,0.0,0.9880273818172771,0.9880273818172771,0.0,0.0,1.9760547636345542,0.0,0.0,2.9640821454518314,0.0,0.0,0.9880273818172771,0.0,0.0,0.0,0.9880273818172771,0.9880273818172771
WŁOCŁAWSKI,125.0,6.0,5.0,0.0,1.0,15.0,6.0,1.0,13.0,16.0,2.0,10.0,2.0,3.0,4.0,2.0,0.0,0.0,2.0,3.0,0.0,7.0,5.0,5.0,0.0,2.0,1.0,1.0,6.0,0.0,5.0,2.0,0.0,2.0,1.0,0.0,0.0,0.0,0.0,2.0,1.0,0.0,3.0
CHODZIESKI,34.0,2.0,1.0,1.0,0.0,5.0,1.0,0.0,5.0,1.0,3.0,2.0,9.0,0.0,0.0,0.0,0.0,0.0,1.0,1.0,0.0,0.0,0.0,1.0,0.0,0.0,1.0,0.0,0.0,0.0,0.0,0.0,0.0,0.0,0.0,0.0,0.0,0.0,0.0,2.0,0.0,0.0,1.0
CZARNKOWSKI,19.0,9.634712441931313e-17,6.423141627954209e-17,3.2115708139771045e-17,0.0,5.0,0.0,0.0,5.000000000000001,3.2115708139771045e-17,9.634712441931313e-17,6.423141627954209e-17,5.0,1.0,0.0,0.0,0.0,0.0,0.0,3.2115708139771045e-17,6.423141627954209e-17,6.423141627954209e-17,1.0,1.0,0.0,0.0,0.0,0.0,3.2115708139771045e-17,0.0,0.0,6.423141627954209e-17,0.0,0.0,0.0,3.2115708139771045e-17,1.0,0.0,0.0,0.0,0.0,0.0,6.423141627954209e-17
GNIEŹNIEŃSKI,33.649033047904844,0.02931350992259095,0.024511917415129966,0.004801592507460982,0.0,2.038523563264981,0.029817464800416006,1.9994556693852938,15.22324159783029,1.019438159600316,2.0141628447920246,0.009603185014921963,2.0143140437341986,0.0,0.0,0.0001511989421738878,0.0,0.0001511989421738878,0.0003023978843477756,0.10976751507761257,0.039420649815337966,0.039420649815337966,0.0,0.019710324907668983,0.0,0.0,0.0,0.0,0.004801592507460982,0.0,0.0,6.053301186140123,0.0,1.9994556693852938,0.0,0.004801592507460982,0.0,0.0,0.0,0.0,0.9997278346926469,0.0001511989421738878,0.010056781841443627
GOSTYŃSKI,20.021266827291704,1.1670000599791122,1.164717332881376,0.002282727097736126,0.0,2.049404413668888,2.3647123529956513,0.0,5.470220284404821,0.14375427614190212,2.326467226534646,0.04013783683796997,1.1685980749464788,0.9968577259759095,0.025366745400412873,0.0,0.025366745400412873,0.0,0.035572382642497714,1.0271799422925656,0.0,1.083553616140004,0.0,0.9832946327849482,0.0,0.002282727097736126,0.0,0.0,0.054090946749702204,0.002282727097736126,0.9855773598826844,0.046462732014951956,0.0,0.0,0.0,0.0,0.023084018302676746,0.0,0.0,0.0,0.0,0.0,0.025366745400412873
JAROCIŃSKI,67.72461554235511,5.319305231271626,4.48947892345372,0.0,0.8298263078179066,2.8298263078179065,2.0,0.0,23.14913153908953,2.659652615635813,4.319305231271626,0.0,6.48947892345372,0.0,2.0,0.8298263078179066,0.0,0.0,0.8298263078179066,4.0,0.0,0.8298263078179066,0.0,1.8298263078179065,0.0,0.0,0.8298263078179066,2.8298263078179065,0.8298263078179066,0.0,0.8298263078179066,3.48947892345372,0.0,0.0,0.8298263078179066,0.0,0.0,0.0,0.0,1.0,0.0,0.0,1.0
KĘPIŃSKI,70.0,4.0,1.0,0.0,2.0,5.0,7.0,0.0,23.0,7.0,3.0,0.0,5.0,1.0,0.0,0.0,0.0,0.0,2.0,0.0,1.0,1.0,0.0,1.0,0.0,0.0,0.9999999999999999,0.0,2.0,0.0,1.0,4.0,0.0,0.0,0.0,0.0,0.0,0.0,0.0,0.0,0.0,1.9999999999999998,0.0
KOŚCIAŃSKI,45.07375773805295,1.0127707506628447,1.0127707506628447,0.0,0.0,3.7984362483413046,5.7984362483413046,0.0,6.792264139844219,6.662641441606302,1.9427448888515362,0.9342310550763063,1.9299741381886915,0.008513833775229745,0.9299741381886915,0.0,1.9299741381886915,0.0,2.9342310550763067,1.859948276377383,0.0,3.724153469642381,0.0,0.0,0.0,0.0,0.0,0.0,2.864205193264998,0.0,0.0,1.0212845844380745,0.0,0.0,0.0,0.0,0.9299741381886915,0.0,0.0,0.0,0.0,0.0,1.9299741381886915
KROTOSZYŃSKI,45.2566739964743,1.9070842495592877,0.9070842495592876,1.0,0.0,4.064738219222669,1.749430279895906,0.0,10.749430279895906,2.064738219222669,4.749430279895906,2.0,0.9070842495592876,2.0,1.0,0.0,1.0,0.0,0.0,0.06473821922266905,0.0,3.0,0.0,1.0,0.0,0.0,0.0,1.0,3.0,0.0,0.0,4.0,0.0,0.0,0.0,0.0,0.0,0.0,0.0,1.0,0.0,0.0,1.064738219222669
LESZCZYŃSKI,90.58125083702525,4.0,0.0,0.0,4.0,4.058125083702526,3.058125083702526,2.0,18.077500111603367,4.09687513950421,2.019375027900842,5.019375027900842,4.019375027900842,11.0,1.019375027900842,1.0,1.019375027900842,0.0,2.019375027900842,2.038750055801684,0.0,2.077500111603368,3.0,0.0,0.0,2.0,1.0,0.0,3.038750055801684,0.0,1.0,5.0,0.0,0.0,6.0,0.0,0.019375027900841946,1.0,0.0,0.0,1.0,1.0,3.019375027900842
MIĘDZYCHODZKI,20.0,0.0,0.0,0.0,0.0,1.0,1.0,0.0,7.0,0.0,2.0,0.0,3.0,1.0,0.0,0.0,0.0,0.0,0.0,2.0,0.0,0.0,0.0,0.0,0.0,0.0,0.0,0.0,1.0,0.0,0.0,0.0,0.0,0.0,1.0,1.0,0.0,0.0,0.0,0.0,0.0,0.0,0.0
MOGILEŃSKI,76.0,5.0,5.0,0.0,0.0,6.0,7.0,0.0,15.0,3.0,3.0,0.0,10.0,1.0,1.0,0.0,1.0,0.0,2.0,5.0,0.0,4.0,0.0,2.0,0.0,0.0,0.0,0.0,3.0,0.0,0.0,6.0,0.0,0.0,0.0,0.0,0.0,1.0,0.0,0.0,1.0,0.0,1.0
NOWOTOMYSKI,78.0,7.0,3.0,1.0,3.0,5.0,6.0,0.0,21.0,3.0,5.0,0.0,5.0,1.0,0.0,0.0,0.0,0.0,4.0,1.0,0.0,5.0,0.0,1.0,0.0,0.0,0.0,1.0,1.0,0.0,0.0,2.0,0.0,0.0,8.0,0.0,0.0,0.0,0.0,1.0,0.0,1.0,4.0
OBORNICKI,49.47838234919674,3.01083115067922,2.015834297255751,0.9949968534234688,0.0,5.000824857526157,0.051681180817626876,0.0,22.09665549858682,1.0208374438322823,2.9849905602704063,1.9899937068469375,2.9849905602704063,0.0,0.0,0.0,0.0,0.0,0.0,1.175880986285163,2.0416748876645645,2.0416748876645645,0.0,1.0208374438322823,0.0,0.0,0.0,0.0,0.9949968534234688,0.0,0.0,2.067515478073378,0.0,0.0,0.0,0.9949968534234688,0.0,0.0,0.0,0.0,0.0,0.0,1.9899937068469375
OSTROWSKI (OSTRÓW WIELKOPOLSKI),102.75747870386354,4.615956549505705,4.445782857323612,0.0,0.17017369218209344,6.1054354729594245,1.9352617807773311,0.0,31.786130241687797,11.275609165141518,6.6159565495057056,6.0,3.445782857323611,5.0,0.0,1.1701736921820935,1.0,0.0,6.170173692182093,2.935261780777331,0.0,5.170173692182093,1.0,0.17017369218209344,0.0,0.0,0.17017369218209355,0.17017369218209344,3.1701736921820935,0.0,0.17017369218209344,0.5105210765462804,0.0,0.0,2.1701736921820935,0.0,0.0,2.0,0.0,0.0,0.0,2.196396768770426e-16,3.935261780777331
POZNAŃ (MIASTO),939.0,17.0,6.0,5.0,3.0,79.0,6.0,33.0,117.0,41.0,21.0,40.0,17.0,69.0,27.0,12.0,8.0,10.0,45.0,22.0,15.0,27.0,25.0,13.0,12.0,15.0,19.0,12.0,26.0,10.0,33.0,29.0,0.0,2.0,5.0,6.0,6.0,4.0,26.0,56.0,20.0,14.0,25.0
RAWICKI,37.25732479501394,2.0144226401173158,1.016705367215052,0.997717272902264,0.0,1.0356934615278397,1.0356934615278397,0.0,10.072113200586578,1.995434545804528,1.0356934615278397,3.990869091609056,3.01213991301958,0.01898809431278783,0.997717272902264,0.0,0.997717272902264,0.0,1.995434545804528,0.01898809431278783,0.0,1.016705367215052,0.0,1.016705367215052,0.0,0.997717272902264,0.0,0.0,0.0,0.997717272902264,2.0144226401173158,2.993151818706792,0.0,0.0,0.0,0.0,0.0,0.0,0.0,0.0,0.0,0.0,0.997717272902264
SZAMOTULSKI,56.0,2.0,1.0,1.0,0.0,6.0,2.0,0.0,12.0,2.0,3.0,1.0,8.0,1.0,0.0,0.0,0.0,0.0,1.0,4.0,0.0,2.0,0.0,2.0,0.0,0.0,0.0,0.0,3.0,0.0,0.0,7.0,0.0,0.0,0.0,0.0,0.0,0.0,0.0,0.0,0.0,0.0,0.0
ŚREDZKI,35.0,3.0,2.0,0.0,1.0,4.0,0.0,0.0,14.0,3.0,2.0,0.0,2.0,0.0,0.0,0.0,0.0,0.0,0.0,1.0,0.0,2.0,0.0,1.0,0.0,0.0,0.0,0.0,2.0,0.0,0.0,1.0,0.0,0.0,0.0,0.0,0.0,0.0,0.0,0.0,0.0,0.0,1.0
ŚREMSKI,41.32763155992319,2.9634605189041094,2.9634605189041094,0.0,0.0,2.0583407927594424,2.0583407927594424,0.0,16.903210202887777,3.1012945969430588,2.9910273345118994,1.0153869885758264,0.02756681560778987,1.975640345936073,0.02756681560778987,0.0,0.02756681560778987,0.0,1.0153869885758264,0.05513363121557974,0.0,1.0980874353991958,0.0,0.0,0.0,0.0,0.0,0.0,1.0429538041836162,0.0,0.0,4.939100864840182,0.0,0.0,0.0,0.0,0.02756681560778987,0.0,0.0,0.0,0.0,0.0,0.02756681560778987
WĄGROWIECKI,35.00458418640835,0.0006046622072106884,0.000403108138140459,0.0002015540690702295,0.0,1.0008565714031772,0.0,0.0,16.002015006444765,0.0002015540690702295,2.000302264322863,0.000403108138140459,3.000151065380689,0.0,0.0,0.9998488010578261,0.0,0.9998488010578261,1.9996976021156523,3.999596758300375,0.000403108138140459,0.000403108138140459,0.0,0.0002015540690702295,0.0,0.0,0.0,0.0,0.0002015540690702295,0.0,0.0,3.999798312369445,0.0,0.0,0.0,0.0002015540690702295,0.0,0.0,0.0,0.0,0.0,0.9998488010578261,2.999949511311619
WOLSZTYŃSKI,38.0,1.0,1.0,0.0,0.0,7.0,2.0,0.0,7.0,2.0,2.0,1.0,7.0,0.0,0.0,0.0,1.0,0.0,0.0,0.0,0.0,2.0,0.0,1.0,0.0,0.0,1.0,0.0,0.0,0.0,0.0,3.0,0.0,0.0,1.0,0.0,0.0,0.0,0.0,0.0,0.0,0.0,0.0
WRZESIŃSKI,22.0,1.0,1.0,0.0,0.0,3.0,1.0,0.0,3.0,1.0,1.0,0.0,1.0,2.0,0.0,0.0,0.0,0.0,0.0,3.0,0.0,0.0,0.0,2.0,0.0,0.0,0.0,0.0,0.0,0.0,0.0,4.0,0.0,0.0,0.0,0.0,0.0,0.0,0.0,0.0,0.0,0.0,1.0
ŻNIŃSKI,37.0,2.0,1.0,1.0,0.0,2.0,4.0,0.0,10.0,2.0,3.0,1.0,4.0,0.0,0.0,0.0,0.0,0.0,1.0,1.0,0.0,1.0,0.0,2.0,0.0,1.0,0.0,1.0,0.0,0.0,0.0,2.0,0.0,0.0,0.0,0.0,0.0,0.0,0.0,0.0,0.0,0.0,0.0
POZNAŃSKI,26.8590189613474,0.9592506771909786,0.9592506771909786,0.0,0.0,0.9592506771909786,1.9185013543819571,0.0,7.6740054175278285,0.9592506771909786,0.0,0.0,0.0,0.0,0.0,0.0,0.0,0.0,0.0,6.71475474033685,1.9185013543819571,1.9185013543819571,0.0,0.9592506771909786,0.0,0.0,0.0,0.0,0.0,0.0,0.0,2.8777520315729355,0.0,0.0,0.0,0.0,0.0,0.0,0.0,0.0,0.0,0.0,0.0
GNIEZNO (MIASTO),109.00898145514266,4.0,2.0,0.0,2.0,8.000544330614707,0.0,1.0005443306147064,29.004082479610297,3.000272165307353,4.000544330614706,1.0,12.000544330614707,5.0,0.0,2.0,2.0,0.0,5.0,1.0,0.0,4.0,3.0,1.0,0.0,3.0,2.0,3.0,5.0,0.0,1.0,2.0016329918441187,0.0,0.0005443306147062996,2.0,0.0,0.0,1.0,1.0,1.0,2.000272165307353,1.0,2.0
KALISKI,180.75097552575,4.925111941457568,2.9550671648745412,0.0,1.9700447765830273,8.901993233657162,4.959748612289854,0.0,15.823666221872285,34.71484382078723,2.970894167176558,10.875020676468441,1.9700447765830273,11.820268659498165,8.865201494623623,1.9700447765830273,1.9700447765830273,1.9700447765830273,6.8977255852553485,8.883597364140392,0.9850223882915137,4.927680808672321,2.960204899304047,13.79802003772545,1.9700447765830273,1.9700447765830273,4.925111941457568,0.9850223882915137,0.9850223882915137,0.0,0.0,6.895156718040596,0.0,0.010689267872511123,3.9452272875955603,0.9850223882915137,0.9850223882915137,1.9726136437977801,0.0,0.9875912555062666,1.9751825110125332,1.9700447765830273,19.721412502561794
KOLSKI,72.0,6.0,1.0,0.0,3.0,8.0,5.0,0.0,6.0,15.0,1.0,4.0,3.0,5.0,0.0,2.0,0.0,1.0,2.0,4.0,0.0,1.0,0.0,3.0,0.0,1.0,0.0,0.0,0.0,1.0,1.0,1.0,0.0,0.0,2.0,0.0,0.0,0.0,0.0,0.0,0.0,0.0,6.0
KONIŃSKI,111.0,7.0,4.0,2.0,1.0,10.0,6.0,0.0,13.0,33.0,1.0,5.0,9.0,2.0,0.0,1.0,0.0,0.0,2.0,6.0,0.0,3.0,1.0,0.0,0.0,1.0,1.0,0.0,1.0,0.0,3.0,0.0,0.0,1.0,2.0,0.0,1.0,0.0,0.0,0.0,0.0,2.0,4.0
TURECKI,35.322272158452854,0.050073826676170746,0.03004429600570245,0.0,0.0200295306704683,2.060107599905637,3.0050358945089655,0.0,4.100185669140806,19.065276549674227,1.0150316519499671,3.06512448652037,0.0200295306704683,0.1201771840228098,0.09013288801710735,0.0200295306704683,0.0200295306704683,0.0200295306704683,0.07010335734663904,1.075120243961372,0.01001476533523415,0.050073826676170746,0.03004429600570245,0.14020671469327808,0.0200295306704683,0.0200295306704683,0.050073826676170746,0.01001476533523415,0.01001476533523415,0.0,0.0,0.07010335734663904,0.0,0.9849873559442648,0.0400590613409366,0.01001476533523415,0.01001476533523415,0.0200295306704683,0.0,0.01001476533523415,0.0200295306704683,0.0200295306704683,1.1852826626489477
DOLIŃSKI,18.330223580265418,0.0,0.0,0.0,0.0,1.929497218975307,0.0,0.0,4.823743047438268,0.9647486094876535,2.8942458284629606,0.9647486094876535,0.0,0.0,0.0,0.0,0.9647486094876535,0.0,0.0,0.0,0.0,0.9647486094876535,0.0,0.9647486094876535,0.0,0.0,0.0,0.0,0.0,0.0,0.0,0.0,0.0,0.0,2.8942458284629606,0.0,0.9647486094876535,0.0,0.0,0.0,0.0,0.0,0.9647486094876535
HORODEŃSKI,21.0,4.0,0.0,1.0,3.0,6.0,1.0,0.0,3.0,1.0,5.0,0.0,0.0,0.0,0.0,0.0,0.0,0.0,0.0,0.0,0.0,1.0,0.0,0.0,0.0,0.0,0.0,0.0,0.0,0.0,0.0,0.0,0.0,0.0,0.0,0.0,0.0,0.0,0.0,0.0,0.0,0.0,0.0
KAŁUSKI,3.959309184888356,1.979654592444178,0.0,0.0,1.979654592444178,0.0,0.0,0.0,0.989827296222089,0.989827296222089,0.0,0.0,0.0,0.0,0.0,0.0,0.0,0.0,0.0,0.0,0.0,0.0,0.0,0.0,0.0,0.0,0.0,0.0,0.0,0.0,0.0,0.0,0.0,0.0,0.0,0.0,0.0,0.0,0.0,0.0,0.0,0.0,0.989827296222089
KOŁOMYJSKI,64.42909920935905,5.010216647841882,2.0,0.0,3.0,14.081733182735057,0.02043329568376443,0.0,8.143033069786352,3.0612998870512933,1.0204332956837645,6.0,1.0,2.0,1.0,2.0,0.0,2.0,3.0204332956837643,2.0,0.0,3.0,1.0,1.0102166478418821,0.0,0.0,0.0,2.0,1.0,0.0,0.0,1.0,0.0,0.0,0.02043329568376443,0.0,0.030649943525646647,0.0,0.0,4.0,0.0,1.0102166478418821,3.0204332956837643
KOSOWSKI (KOSÓW HUCULSKI),19.0,0.0,0.0,0.0,0.0,3.0,2.0,0.0,2.0,4.0,2.0,4.0,0.0,0.0,0.0,0.0,0.0,0.0,0.0,0.0,0.0,0.0,0.0,0.0,0.0,0.0,0.0,1.0,0.0,0.0,0.0,0.0,0.0,0.0,0.0,1.0,0.0,0.0,0.0,0.0,0.0,0.0,1.0
NADWÓRNIAŃSKI,46.847970840893176,0.9897833521581179,0.0,0.0,0.0,8.504607933959635,1.9795667043162357,0.0,16.202331396992417,6.525041229643399,2.5659078210109274,0.0,0.0,0.0,0.0,0.0,0.0,0.0,1.9795667043162357,0.0,0.0,0.0,0.0,2.1624655855475012,0.0,0.0,0.0,0.0,0.0,0.0,0.0,0.0,0.0,0.0,1.9795667043162357,0.0,2.9693500564743536,0.0,0.0,0.0,0.0,0.9897833521581179,1.9795667043162357
ROHATYŃSKI,13.0,7.0,1.0,2.0,4.0,0.0,0.0,0.0,2.0,0.0,4.0,0.0,0.0,0.0,0.0,0.0,0.0,0.0,0.0,0.0,0.0,0.0,0.0,0.0,0.0,0.0,0.0,0.0,0.0,0.0,0.0,0.0,0.0,0.0,0.0,0.0,0.0,0.0,0.0,0.0,0.0,0.0,0.0
STANISŁAWOWSKI,144.03858738527808,6.045472199884049,3.0,0.0,3.045472199884049,26.499399858375845,3.0177436952070416,2.0,15.707678724534412,5.459318977497302,4.4565293708405775,12.0,2.0,12.017743695207042,4.0,5.0,0.0,2.0,3.0,2.0,2.0,10.0,2.0,4.834700863731802,4.0,1.0,1.0,3.0,0.0,1.0,0.0,1.0,0.0,1.0,0.0,1.0,2.0,2.0,0.0,1.0,0.0,2.0,15.05304319131318
STRYJSKI,55.55332356669595,2.0,1.0,0.0,1.0,8.322944823013655,2.0,0.0,12.554920015545175,5.035251390512347,4.358196213526002,4.035251390512347,2.0,1.0,2.0,0.0,0.035251390512346464,0.0,2.0,0.0,0.0,1.0352513905123464,0.0,4.035251390512347,0.0,1.0,1.0,0.0,0.0,0.0,0.0,1.0,0.0,0.0,0.1057541715370394,0.0,0.035251390512346464,0.0,0.0,1.0,0.0,1.0,3.098361901009587
ŚNIATYŃSKI,28.0,2.0,0.0,2.0,0.0,6.0,1.0,0.0,2.0,2.0,2.0,0.0,0.0,0.0,0.0,1.0,1.0,1.0,0.0,1.0,0.0,0.0,0.0,2.0,0.0,0.0,0.0,0.0,0.0,0.0,0.0,0.0,0.0,0.0,4.0,0.0,0.0,0.0,0.0,3.0,0.0,0.0,3.0
TŁUMACKI,12.769331962308463,0.9822563047929587,0.0,0.0,0.9822563047929587,3.9290252191718347,0.9822563047929587,0.0,1.9645126095859173,1.9645126095859173,1.9645126095859173,0.0,0.0,0.9822563047929587,0.0,0.0,0.0,0.0,0.0,0.0,0.0,0.0,0.0,0.0,0.0,0.0,0.0,0.0,0.0,0.0,0.0,0.0,0.0,0.0,0.0,0.0,0.0,0.0,0.0,0.0,0.0,0.0,1.9645126095859173
ŻYDACZOWSKI,13.116452853038634,0.0,0.0,0.0,0.0,3.747557958011038,0.0,0.0,5.621336937016557,0.0,3.747557958011038,0.0,0.0,0.0,0.0,0.0,0.0,0.0,0.0,0.0,0.0,0.0,0.0,0.0,0.0,0.0,0.0,0.0,0.0,0.0,0.0,0.0,0.0,0.0,0.0,0.0,0.0,0.0,0.0,0.0,0.0,0.0,0.9368894895027595
BIELSKI (BIELSKO),163.0,1.0,0.0,0.0,0.0,7.0,0.0,0.0,95.0,38.0,1.0,5.0,1.0,0.0,0.0,0.0,1.0,0.0,1.0,0.0,0.0,0.0,0.0,2.0,1.0,0.0,0.0,0.0,3.0,0.0,0.0,2.0,0.0,0.0,0.0,1.0,1.0,1.0,0.0,0.0,0.0,2.0,3.0
BIELSKO (MIASTO),283.0,6.0,1.0,0.0,1.0,27.0,0.0,6.0,44.0,19.0,2.0,30.0,8.0,16.0,3.0,2.0,4.0,3.0,15.0,6.0,3.0,7.0,1.0,7.0,4.0,5.0,3.0,3.0,5.0,0.0,5.0,0.0,0.0,2.0,4.0,2.0,4.0,3.0,5.0,25.0,3.0,1.0,34.0
CIESZYŃSKI,227.0,1.0,0.0,0.0,0.0,23.0,13.0,4.0,75.0,19.0,4.0,9.0,5.0,5.0,4.0,0.0,5.0,0.0,8.0,10.0,1.0,2.0,2.0,2.0,2.0,5.0,1.0,2.0,2.0,0.0,1.0,0.0,0.0,1.0,7.0,1.0,2.0,1.0,3.0,1.0,1.0,5.0,21.0
TARNOGÓRSKI,149.0,0.0,0.0,0.0,0.0,16.0,4.0,5.0,62.0,10.0,1.0,1.0,5.0,0.0,0.0,6.0,3.0,0.0,2.0,2.0,7.0,2.0,3.0,2.0,0.0,1.0,0.0,3.0,2.0,0.0,1.0,0.0,0.0,2.0,4.0,0.0,0.0,2.0,0.0,1.0,1.0,1.0,0.0
KATOWICE (MIASTO),773.0,10.0,3.0,1.0,2.0,75.0,2.0,45.0,82.0,29.0,3.0,23.0,15.0,38.0,15.0,10.0,4.0,8.0,60.0,23.0,14.0,20.0,11.0,13.0,14.0,13.0,29.0,6.0,27.0,5.0,27.0,6.0,0.0,6.0,23.0,3.0,7.0,7.0,22.0,61.0,17.0,0.0,27.0
KATOWICKI,332.55702125067074,7.871172100607592,0.0,5.903379075455694,0.0,23.613516301822777,7.871172100607592,10.82286163833544,140.6972012983607,35.42027445273416,3.935586050303796,7.871172100607592,3.935586050303796,7.871172100607592,3.935586050303796,4.919482562879745,0.983896512575949,0.0,3.935586050303796,7.871172100607592,9.83896512575949,4.919482562879745,0.0,0.983896512575949,0.0,2.951689537727847,0.0,3.935586050303796,10.82286163833544,0.0,0.983896512575949,0.0,0.0,0.0,0.983896512575949,0.0,3.935586050303796,8.85506861318354,0.0,9.83896512575949,1.967793025151898,0.983896512575949,0.983896512575949
LUBLINIECKI,63.0,0.0,0.0,0.0,0.0,2.0,4.0,2.0,29.0,7.0,1.0,1.0,0.0,1.0,0.0,1.0,0.0,0.0,1.0,1.0,0.0,2.0,1.0,0.0,0.0,1.0,1.0,0.0,1.0,0.0,0.0,2.0,0.0,0.0,0.0,0.0,1.0,0.0,0.0,0.0,0.0,4.0,3.0
PSZCZYŃSKI,284.0,4.0,3.0,0.0,0.0,15.0,7.0,3.0,167.0,29.0,3.0,7.0,6.0,6.0,0.0,2.0,3.0,1.0,5.0,4.0,3.0,4.0,1.0,0.0,0.0,1.0,0.0,1.0,3.0,0.0,2.0,0.0,0.0,0.0,0.0,1.0,0.0,1.0,1.0,1.0,0.0,3.0,2.0
RYBNICKI,265.0,3.0,2.0,1.0,0.0,26.0,3.0,1.0,127.0,16.0,3.0,9.0,8.0,8.0,3.0,3.0,1.0,0.0,6.0,1.0,7.0,9.0,3.0,2.0,0.0,2.0,2.0,4.0,7.0,0.0,0.0,2.0,0.0,1.0,1.0,0.0,1.0,3.0,1.0,0.0,1.0,1.0,2.0
ŚWIĘTOCHŁOWICKI,172.35202720617778,0.0,0.0,0.0,0.0,14.60610400052354,6.816181866910985,0.9737402667015693,81.79418240293182,28.23846773434551,1.9474805334031386,0.9737402667015693,6.816181866910985,1.9474805334031386,0.0,0.9737402667015693,1.9474805334031386,0.0,0.0,0.9737402667015693,2.9212208001047077,2.9212208001047077,1.9474805334031386,0.9737402667015693,0.0,0.9737402667015693,0.0,2.9212208001047077,5.8424416002094155,0.0,0.9737402667015693,0.0,0.0,0.0,0.0,0.0,0.0,1.9474805334031386,0.0,0.0,0.9737402667015693,1.9474805334031386,1.9474805334031386
CHORZÓW,387.0909515431515,2.128827899392408,1.0,0.09662092454430596,0.0,47.780379697653686,4.312646032481423,25.203398094962992,121.50861629870748,34.34125781292033,2.1169334162930653,10.15508763269084,6.248232082785219,15.18134736598927,9.064413949696204,4.1067771704186855,1.0686229540209127,0.0,8.064413949696204,6.155087632690838,7.239814074135802,6.159296637015547,2.0525194665968614,2.042363220722482,6.0,5.074570195570583,7.0,5.143193149591497,18.334696761455145,2.0,2.042363220722482,2.0,0.0,1.0,3.016103487424051,4.0,1.064413949696204,3.1974508534133204,0.0,1.1610348742405099,5.058466708146533,6.0686229540209125,2.0686229540209125
BORSZCZOWSKI,10.851280874873247,2.9594402386017946,0.0,0.0,2.9594402386017946,1.9729601590678632,2.9594402386017946,0.0,0.0,0.0,2.9594402386017946,0.0,0.0,0.0,0.0,0.0,0.0,0.0,0.0,0.0,0.0,0.0,0.0,0.0,0.0,0.0,0.0,0.0,0.0,0.0,0.0,0.0,0.0,0.0,0.0,0.0,0.0,0.0,0.0,0.0,0.0,0.0,0.9864800795339316
BRODZKI,15.453764384801369,3.0,1.0,1.0,1.0,2.05041826497793,0.0504182649779299,0.0504182649779299,2.10083652995586,1.0,2.2016730599117196,1.0,1.0,0.0,0.0,0.0,0.0,0.0,1.0,0.0,0.0,0.0,0.0,1.0,0.0,1.0,0.0,0.0,0.0,0.0,0.0,0.0,0.0,0.0,0.0,0.0,0.0,0.0,0.0,0.0,0.0,0.0,5.05041826497793
BRZEŻAŃSKI,11.337230522948511,1.8895384204914187,0.0,0.0,1.8895384204914187,0.9726214550535388,0.9354851286430995,0.0,0.018568163205219618,0.0,3.7605086777776178,0.0,0.0,0.0,0.0,0.0,0.0,0.0,0.9354851286430995,0.0,0.0,0.9354851286430995,0.0,0.9540532918483191,0.0,0.0,0.0,0.0,0.0,0.0,0.0,0.0,0.0,0.0,0.0,0.0,0.0,0.0,0.0,0.9354851286430995,0.0,0.0,0.018568163205219618
BUCZACKI,19.0,5.0,2.0,1.0,2.0,4.0,1.0,0.0,2.0,0.0,4.0,0.0,0.0,1.0,0.0,0.0,0.0,0.0,0.0,0.0,0.0,0.0,0.0,0.0,0.0,0.0,0.0,0.0,0.0,0.0,0.0,1.0,0.0,0.0,0.0,0.0,0.0,0.0,0.0,0.0,0.0,1.0,1.0
CZORTKOWSKI,39.42312029512757,4.085723881994824,1.0225820602983093,0.0,3.0631418216965147,5.081036791895614,0.09014029717825339,0.0,7.035831305848597,3.0044164151834294,2.0582254221319225,3.0,0.022582060298309416,2.0,0.0,2.0,0.0,3.0,2.0,0.0,0.0,0.0,0.0,1.0225820602983093,1.0,1.0,0.0,2.0,0.0,0.0,0.0,0.0,0.0,0.0,0.0,0.0,0.0,0.0,0.0,0.0,0.0,1.0225820602983093,0.01351992046606843
KAMIONECKI,15.043536213443996,1.034365492029861,0.0,0.0157315389001307,1.0107681836796651,2.0136705979092646,0.0157315389001307,0.0,3.964415040218007,0.0,3.9958781180182683,0.0,0.0,0.00786576945006535,0.0,0.0,0.0,0.00786576945006535,0.00786576945006535,1.974341750658938,0.0,0.0,0.0,1.9822075201090035,0.0,0.0,0.0,0.00786576945006535,0.0,0.0,0.0,0.0157315389001307,0.0,0.0,0.0,0.0,0.0,0.00786576945006535,0.00786576945006535,0.0,0.0,0.0,0.00786576945006535
PODHAJECKI,5.844292438041569,0.9740487396735947,0.0,0.0,0.9740487396735947,1.9480974793471895,0.0,0.0,0.9740487396735947,0.0,0.9740487396735947,0.0,0.0,0.0,0.0,0.0,0.0,0.0,0.0,0.0,0.0,0.0,0.0,0.9740487396735947,0.0,0.0,0.0,0.0,0.0,0.0,0.0,0.0,0.0,0.0,0.0,0.0,0.0,0.0,0.0,0.0,0.0,0.0,0.9740487396735947
PRZEMYŚLAŃSKI,12.0,1.0,0.0,0.0,1.0,2.0,1.0,0.0,2.0,2.0,3.0,0.0,0.0,0.0,0.0,0.0,0.0,0.0,0.0,0.0,0.0,0.0,0.0,1.0,0.0,0.0,0.0,0.0,0.0,0.0,0.0,0.0,0.0,0.0,0.0,0.0,0.0,0.0,0.0,0.0,0.0,0.0,0.0
RADZIECHOWSKI,18.0,3.0,2.0,0.0,1.0,0.0,0.0,0.0,7.0,2.0,3.0,0.0,0.0,0.0,0.0,0.0,0.0,0.0,0.0,0.0,0.0,0.0,0.0,2.0,0.0,0.0,0.0,0.0,0.0,0.0,0.0,0.0,0.0,0.0,0.0,0.0,0.0,0.0,0.0,0.0,0.0,1.0,1.0
SKAŁACKI,13.605537706116948,1.9436482437309925,0.9718241218654963,0.0,0.9718241218654963,1.9436482437309925,0.0,0.0,4.859120609327482,0.0,2.915472365596489,0.0,0.0,0.0,0.0,0.0,0.0,0.0,0.0,0.0,0.0,0.0,0.0,0.9718241218654963,0.0,0.0,0.0,0.0,0.0,0.0,0.0,0.9718241218654963,0.0,0.0,0.0,0.0,0.0,0.0,0.0,0.0,0.0,0.0,3.887296487461985
TARNOPOLSKI,54.92356052725805,0.12902974271380094,0.0,0.0,0.12902974271380094,5.971720188190563,1.0490490908291776,1.9690684389445543,9.845342194722772,3.9381368778891086,6.165264802261264,3.9381368778891086,0.0,0.9845342194722772,1.9690684389445543,0.9845342194722772,0.0,0.0,1.0490490908291776,0.0,0.0,1.0490490908291776,0.9845342194722772,3.0181175297737317,0.0,0.0,0.9845342194722772,2.9536026584168313,0.9845342194722772,0.0,0.0,0.0,0.0,0.9845342194722772,1.9690684389445543,0.0,0.0,0.9845342194722772,0.0,2.033583310301455,0.0,0.9845342194722772,0.9845342194722772
TREMBOWELSKI,12.703300815484127,0.20839210414721943,0.07885599409390771,0.0,0.12953611005331173,2.241673840987294,1.0617294813036975,0.030931561055445665,3.282287950399459,1.057446706927462,4.362377120673747,0.06186312211089133,0.0,0.015465780527722833,0.030931561055445665,0.015465780527722833,0.0,0.0,0.015465780527722833,0.0,0.0,0.015465780527722833,0.015465780527722833,0.0745732197176722,0.0,0.0,0.015465780527722833,0.046397341583168494,0.015465780527722833,0.0,0.0,0.028175878134503705,0.0,0.015465780527722833,0.030931561055445665,0.0,0.0,0.015465780527722833,0.0,0.030931561055445665,0.0,0.015465780527722833,0.22952952498454568
ZALESZCZYCKI,9.774179397016907,1.9548358794033813,0.9774179397016907,0.0,0.9774179397016907,1.9548358794033813,1.9548358794033813,0.0,0.9774179397016907,0.0,0.0,0.0,0.9774179397016907,0.0,0.0,0.0,0.0,0.0,0.0,0.0,0.0,0.0,0.0,0.9774179397016907,0.0,0.0,0.0,0.0,0.0,0.0,0.0,0.0,0.0,0.0,0.0,0.0,0.0,0.0,0.0,0.0,0.0,0.9774179397016907,0.0
ZBARASKI,14.0,3.0,2.0,0.0,1.0,2.0,0.0,0.0,6.0,1.0,1.0,1.0,0.0,0.0,0.0,0.0,0.0,0.0,0.0,0.0,0.0,0.0,0.0,0.0,0.0,0.0,0.0,0.0,0.0,0.0,0.0,0.0,0.0,0.0,0.0,0.0,0.0,0.0,0.0,0.0,0.0,0.0,1.0
ZBOROWSKI,8.546235615198631,0.0,0.0,0.0,0.0,0.9495817350220701,0.9495817350220701,0.9495817350220701,1.8991634700441402,0.0,3.7983269400882804,0.0,0.0,0.0,0.0,0.0,0.0,0.0,0.0,0.0,0.0,0.0,0.0,0.0,0.0,0.0,0.0,0.0,0.0,0.0,0.0,0.0,0.0,0.0,0.0,0.0,0.0,0.0,0.0,0.0,0.0,0.0,0.9495817350220701
ZŁOCZOWSKI,14.192436870057964,2.0128291246705308,0.0,1.0,1.012829124670531,2.025658249341062,0.0,0.0,0.05131649868212395,1.0,5.051316498682124,0.0,0.0,0.0,0.0,0.0,0.0,0.0,0.0,1.025658249341062,0.0,1.0,0.0,1.025658249341062,0.0,0.0,0.0,0.0,0.0,0.0,0.0,0.0,0.0,0.0,0.0,0.0,0.0,0.0,0.0,0.0,0.0,1.0,1.0
KOPYCZYNIECKI,9.49319884040596,2.847959652121788,0.949319884040596,0.0,1.898639768081192,1.898639768081192,0.949319884040596,0.0,0.0,0.0,3.797279536162384,0.0,0.0,0.0,0.0,0.0,0.0,0.0,0.0,0.0,0.0,0.0,0.0,0.0,0.0,0.0,0.0,0.0,0.0,0.0,0.0,0.0,0.0,0.0,0.0,0.0,0.0,0.0,0.0,0.0,0.0,0.0,1.898639768081192
BŁOŃSKI,82.0,0.0,0.0,0.0,0.0,9.0,0.0,0.0,22.0,26.0,3.0,1.0,1.0,0.0,0.0,0.0,1.0,0.0,1.0,4.0,0.0,1.0,0.0,0.0,0.0,0.0,0.0,3.0,2.0,0.0,0.0,0.0,0.0,0.0,1.0,1.0,1.0,2.0,0.0,0.0,0.0,3.0,0.0
CIECHANOWSKI,32.0,0.0,0.0,0.0,0.0,5.0,2.0,0.0,8.0,9.0,1.0,2.0,0.0,0.0,0.0,0.0,0.0,0.0,0.0,0.0,0.0,0.0,0.0,1.0,0.0,0.0,0.0,0.0,1.0,0.0,0.0,2.0,0.0,0.0,0.0,0.0,0.0,1.0,0.0,0.0,0.0,0.0,2.0
GOSTYNIŃSKI,21.0,0.0,0.0,0.0,0.0,3.0,0.0,0.0,8.0,5.0,1.0,2.0,1.0,0.0,0.0,0.0,0.0,0.0,0.0,0.0,0.0,1.0,0.0,0.0,0.0,0.0,0.0,0.0,0.0,0.0,0.0,0.0,0.0,0.0,0.0,0.0,0.0,0.0,0.0,0.0,0.0,0.0,1.0
GRÓJECKI,50.0,0.0,0.0,0.0,0.0,4.0,2.0,0.0,18.0,15.0,1.0,1.0,0.0,0.0,0.0,0.0,0.0,0.0,1.0,0.0,0.0,0.0,0.0,0.0,0.0,0.0,0.0,0.0,4.0,0.0,0.0,1.0,0.0,0.0,2.0,0.0,0.0,0.0,0.0,0.0,1.0,0.0,0.0
KUTNOWSKI,82.0,4.0,4.0,0.0,0.0,10.0,2.0,0.0,10.0,16.0,2.0,1.0,1.0,3.0,0.0,0.0,1.0,0.0,3.0,10.0,2.0,1.0,0.0,2.0,1.0,0.0,0.0,2.0,4.0,0.0,1.0,1.0,0.0,0.0,0.0,1.0,0.0,1.0,0.0,0.0,2.0,1.0,1.0
ŁOWICKI,50.0,0.0,0.0,0.0,0.0,4.0,0.0,0.0,14.0,13.0,1.0,1.0,0.0,0.0,1.0,0.0,0.0,0.0,2.0,4.0,0.0,2.0,0.0,2.0,0.0,0.0,1.0,2.0,0.0,0.0,0.0,1.0,1.0,0.0,0.0,0.0,0.0,0.0,0.0,0.0,1.0,0.0,0.0
MAKOWSKI (MAKÓW MAZOWIECKI),20.0,1.0,1.0,0.0,0.0,4.0,0.0,0.0,2.0,6.0,1.0,2.0,2.0,0.0,0.0,0.0,0.0,0.0,0.0,0.0,0.0,0.0,0.0,0.0,0.0,0.0,0.0,0.0,0.0,0.0,0.0,2.0,0.0,0.0,0.0,0.0,0.0,0.0,0.0,0.0,0.0,0.0,0.0
MIŃSKI,40.0,1.0,0.0,0.0,1.0,2.0,0.0,0.0,13.0,13.0,2.0,2.0,0.0,0.0,0.0,0.0,0.0,0.0,1.0,0.0,0.0,0.0,0.0,1.0,0.0,0.0,0.0,0.0,2.0,0.0,0.0,0.0,0.0,0.0,0.0,1.0,2.0,0.0,0.0,0.0,0.0,0.0,0.0
MŁAWSKI,50.0,3.0,2.0,0.0,1.0,2.0,4.0,0.0,13.0,5.0,0.0,5.0,0.0,8.0,0.0,0.0,0.0,0.0,2.0,0.0,1.0,1.0,1.0,1.0,1.0,0.0,0.0,2.0,0.0,0.0,0.0,0.0,0.0,0.0,0.0,0.0,0.0,0.0,0.0,0.0,1.0,0.0,4.0
PŁOCKI,102.0,2.0,2.0,0.0,0.0,9.0,0.0,0.0,22.0,19.0,2.0,7.0,0.0,1.0,6.0,0.0,0.0,1.0,4.0,3.0,4.0,3.0,2.0,2.0,0.0,2.0,1.0,2.0,2.0,0.0,0.0,2.0,0.0,0.0,2.0,0.0,0.0,2.0,0.0,1.0,0.0,1.0,8.0
PŁOŃSKI,38.0,5.0,5.0,0.0,0.0,4.0,1.0,0.0,9.0,4.0,1.0,4.0,2.0,0.0,0.0,0.0,0.0,0.0,1.0,1.0,0.0,1.0,0.0,0.0,0.0,0.0,0.0,2.0,2.0,0.0,0.0,0.0,0.0,0.0,0.0,0.0,0.0,1.0,0.0,0.0,0.0,0.0,0.0
PRZASNYCKI,22.0,0.0,0.0,0.0,0.0,4.0,3.0,0.0,8.0,1.0,1.0,3.0,0.0,0.0,0.0,0.0,0.0,0.0,0.0,0.0,0.0,0.0,0.0,0.0,0.0,0.0,0.0,0.0,0.0,0.0,0.0,1.0,0.0,1.0,0.0,0.0,0.0,0.0,0.0,0.0,0.0,0.0,0.0
PUŁTUSKI,48.0,0.0,0.0,0.0,0.0,12.0,1.0,0.0,10.0,9.0,3.0,2.0,1.0,0.0,3.0,0.0,0.0,0.0,1.0,1.0,0.0,1.0,0.0,0.0,0.0,0.0,0.0,0.0,0.0,0.0,0.0,2.0,0.0,0.0,0.0,0.0,1.0,0.0,0.0,0.0,0.0,1.0,0.0
RADZYMIŃSKI,34.0,0.0,0.0,0.0,0.0,8.0,1.0,0.0,8.0,8.0,2.0,0.0,1.0,0.0,0.0,0.0,0.0,0.0,0.0,2.0,1.0,0.0,0.0,2.0,0.0,0.0,0.0,0.0,0.0,0.0,0.0,1.0,0.0,0.0,0.0,0.0,0.0,0.0,0.0,0.0,0.0,0.0,0.0
RAWSKI (RAWA MAZOWIECKA),15.0,0.0,0.0,0.0,0.0,2.0,0.0,0.0,5.0,2.0,2.0,0.0,0.0,0.0,0.0,0.0,0.0,0.0,0.0,0.0,0.0,0.0,0.0,0.0,0.0,0.0,0.0,0.0,0.0,0.0,0.0,0.0,3.0,0.0,0.0,0.0,0.0,0.0,0.0,0.0,0.0,1.0,1.0
SIERPECKI,37.610603527318865,5.023945236365446,4.023945236365446,0.0,1.0,4.0478904727308915,1.0119726181827229,0.0,5.071835709096337,10.131698800009952,1.0119726181827229,3.08380832727906,2.0478904727308915,0.03591785454816867,0.02394523636544578,0.0,0.0,0.0,0.01197261818272289,0.0,0.0,1.0,0.0,1.0,0.0,0.0,0.0,0.01197261818272289,1.0119726181827229,0.0,0.0,3.0239452363654458,0.0,0.0,0.03591785454816867,0.0,0.0,0.01197261818272289,0.0,0.0,0.0,0.01197261818272289,6.011972618182723
SKIERNIEWICKI,53.0,0.0,0.0,0.0,0.0,5.0,5.0,0.0,16.0,10.0,1.0,5.0,2.0,0.0,0.0,0.0,0.0,0.0,0.0,1.0,0.0,1.0,0.0,0.0,0.0,0.0,0.0,2.0,0.0,0.0,0.0,3.0,0.0,0.0,0.0,0.0,0.0,2.0,0.0,0.0,0.0,0.0,1.0
SOCHACZEWSKI,42.0,0.0,0.0,0.0,0.0,4.0,3.0,0.0,16.0,11.0,1.0,2.0,0.0,1.0,1.0,0.0,0.0,0.0,0.0,0.0,0.0,0.0,0.0,0.0,0.0,0.0,1.0,0.0,0.0,0.0,0.0,1.0,0.0,0.0,0.0,0.0,0.0,1.0,0.0,0.0,0.0,0.0,0.0
WARSZAWSKI,80.0,0.0,0.0,0.0,0.0,12.0,1.0,0.0,24.0,20.0,0.0,0.0,0.0,0.0,0.0,0.0,0.0,0.0,0.0,1.0,0.0,0.0,0.0,2.0,0.0,0.0,0.0,2.0,0.0,0.0,0.0,0.0,0.0,0.0,0.0,5.0,12.0,1.0,0.0,0.0,0.0,0.0,0.0
DZIAŁDOWSKI,20.0,1.0,0.0,0.0,0.0,1.0,1.0,0.0,2.0,4.0,1.0,0.0,3.0,0.0,0.0,0.0,0.0,0.0,1.0,0.0,0.0,3.0,0.0,0.0,0.0,0.0,0.0,0.0,2.0,0.0,0.0,1.0,0.0,0.0,0.0,0.0,0.0,0.0,0.0,0.0,0.0,0.0,2.0
DUBIEŃSKI,41.0,3.0,2.0,0.0,1.0,4.0,3.0,0.0,2.0,2.0,2.0,5.0,1.0,1.0,0.0,0.0,0.0,0.0,1.0,1.0,0.0,3.0,1.0,4.0,0.0,1.0,0.0,0.0,1.0,0.0,0.0,1.0,0.0,0.0,2.0,0.0,0.0,0.0,0.0,1.0,1.0,1.0,0.0
HOROCHOWSKI,14.0,3.0,3.0,0.0,0.0,4.0,1.0,0.0,0.0,0.0,1.0,3.0,0.0,0.0,0.0,0.0,0.0,0.0,0.0,1.0,0.0,0.0,0.0,0.0,0.0,0.0,0.0,0.0,0.0,0.0,0.0,1.0,0.0,0.0,0.0,0.0,0.0,0.0,0.0,0.0,0.0,0.0,0.0
KOWELSKI,88.0,2.0,1.0,0.0,1.0,12.0,4.0,1.0,8.0,5.0,0.0,7.0,3.0,5.0,4.0,2.0,2.0,0.0,2.0,1.0,2.0,4.0,2.0,7.0,2.0,2.0,1.0,1.0,0.0,0.0,1.0,1.0,0.0,0.0,1.0,1.0,0.0,1.0,0.0,0.0,1.0,3.0,0.0
KRZEMIENIECKI,92.0,1.0,1.0,0.0,0.0,13.0,6.0,0.0,10.0,16.0,2.0,9.0,1.0,5.0,3.0,2.0,0.0,3.0,1.0,5.0,0.0,2.0,2.0,3.0,0.0,0.0,0.0,4.0,0.0,0.0,2.0,0.0,0.0,0.0,0.0,0.0,1.0,0.0,0.0,0.0,1.0,0.0,1.0
LUBOMELSKI,12.0,1.0,1.0,0.0,0.0,2.0,0.0,0.0,3.0,3.0,1.0,0.0,0.0,0.0,0.0,0.0,0.0,0.0,0.0,0.0,0.0,0.0,0.0,2.0,0.0,0.0,0.0,0.0,0.0,0.0,0.0,0.0,0.0,0.0,0.0,0.0,0.0,0.0,0.0,0.0,0.0,0.0,0.0
ŁUCKI,107.0,9.0,6.0,1.0,2.0,10.0,2.0,0.0,15.0,7.0,3.0,14.0,1.0,3.0,8.0,3.0,0.0,0.0,1.0,3.0,2.0,3.0,0.0,5.0,1.0,0.0,4.0,3.0,2.0,0.0,1.0,1.0,0.0,1.0,1.0,1.0,0.0,0.0,0.0,0.0,1.0,2.0,8.0
RÓWIEŃSKI,162.0,7.0,4.0,1.0,2.0,12.0,12.0,0.0,10.0,22.0,3.0,18.0,4.0,5.0,4.0,3.0,0.0,2.0,6.0,4.0,1.0,3.0,4.0,8.0,1.0,2.0,2.0,3.0,2.0,3.0,4.0,0.0,0.0,1.0,6.0,0.0,2.0,1.0,2.0,1.0,4.0,0.0,4.0
WŁODZIMIERSKI,39.0,1.0,0.0,0.0,1.0,7.0,2.0,0.0,3.0,5.0,2.0,5.0,0.0,2.0,0.0,0.0,0.0,0.0,1.0,0.0,1.0,2.0,1.0,3.0,0.0,0.0,0.0,0.0,1.0,0.0,1.0,1.0,0.0,0.0,1.0,0.0,0.0,0.0,0.0,0.0,0.0,0.0,2.0
KOSTOPOLSKI,16.0,0.0,0.0,0.0,0.0,4.0,4.0,0.0,2.0,0.0,1.0,2.0,0.0,0.0,0.0,0.0,0.0,0.0,0.0,0.0,1.0,0.0,0.0,2.0,0.0,0.0,0.0,0.0,0.0,0.0,0.0,0.0,0.0,0.0,0.0,0.0,0.0,0.0,0.0,0.0,0.0,0.0,0.0
ZDOŁBUNOWSKI,38.0,1.0,0.0,0.0,1.0,3.0,7.0,0.0,6.0,4.0,2.0,3.0,0.0,1.0,0.0,0.0,0.0,0.0,0.0,0.0,0.0,1.0,0.0,3.0,0.0,0.0,0.0,1.0,0.0,0.0,0.0,3.0,0.0,0.0,2.0,0.0,0.0,0.0,0.0,1.0,0.0,0.0,0.0
SARNEŃSKI,46.0,0.0,0.0,0.0,0.0,10.0,2.0,1.0,4.0,9.0,2.0,1.0,2.0,0.0,0.0,0.0,0.0,1.0,1.0,1.0,0.0,1.0,0.0,7.0,0.0,0.0,1.0,0.0,0.0,0.0,0.0,1.0,0.0,0.0,0.0,0.0,0.0,0.0,0.0,0.0,0.0,2.0,1.0
OSZMIAŃSKI,36.59750343746289,2.967365143578072,0.0,0.989121714526024,0.989121714526024,7.912973716208192,0.989121714526024,0.0,5.934730287156144,7.912973716208192,0.989121714526024,1.978243429052048,0.989121714526024,0.0,0.989121714526024,0.0,0.0,0.0,0.989121714526024,0.0,0.0,0.0,0.0,0.989121714526024,0.0,0.0,0.0,0.0,0.0,0.0,0.0,1.978243429052048,0.0,0.0,0.989121714526024,0.0,0.989121714526024,0.0,0.0,0.0,0.0,0.0,0.0
ŚWIĘCIAŃSKI,58.0,3.0,3.0,0.0,0.0,6.0,9.0,0.0,12.0,15.0,1.0,2.0,5.0,0.0,0.0,0.0,0.0,1.0,1.0,0.0,0.0,0.0,0.0,0.0,0.0,0.0,0.0,0.0,0.0,0.0,0.0,1.0,0.0,0.0,0.0,0.0,0.0,0.0,0.0,0.0,2.0,0.0,1.0
WILNO (MIASTO),554.0,11.0,2.0,1.0,6.0,43.0,12.0,3.0,20.0,55.0,4.0,48.0,4.0,34.0,22.0,14.0,5.0,12.0,12.0,14.0,11.0,17.0,10.0,21.0,15.0,7.0,14.0,9.0,21.0,3.0,22.0,3.0,0.0,3.0,22.0,6.0,5.0,3.0,11.0,22.0,12.0,4.0,17.0
DZIŚNIEŃSKI,50.0,5.0,2.0,0.0,2.0,5.0,6.0,0.0,6.0,12.0,1.0,3.0,0.0,0.0,1.0,0.0,0.0,2.0,1.0,0.0,0.0,1.0,2.0,3.0,0.0,0.0,1.0,0.0,0.0,0.0,0.0,0.0,0.0,0.0,0.0,0.0,0.0,0.0,0.0,0.0,0.0,1.0,0.0
WILEJSKI,25.0,4.0,2.0,0.0,1.0,7.0,1.0,0.0,1.0,6.0,1.0,0.0,1.0,0.0,0.0,0.0,0.0,0.0,0.0,0.0,0.0,0.0,0.0,3.0,0.0,0.0,0.0,0.0,0.0,0.0,0.0,1.0,0.0,0.0,0.0,0.0,0.0,0.0,0.0,0.0,0.0,0.0,3.0
WILEŃSKO-TROCKI,27.40249656253711,0.03263485642192783,0.0,0.010878285473975943,0.010878285473975943,1.0870262837918077,1.010878285473976,0.0,8.065269712843856,14.087026283791808,0.010878285473975943,0.021756570947951887,0.010878285473975943,0.0,0.010878285473975943,0.0,0.0,0.0,0.010878285473975943,0.0,0.0,0.0,0.0,1.010878285473976,0.0,0.0,0.0,0.0,0.0,0.0,0.0,0.021756570947951887,0.0,0.0,1.010878285473976,0.0,0.010878285473975943,0.0,0.0,1.0,0.0,0.0,1.0
POSTAWSKI,23.0,1.0,1.0,0.0,0.0,2.0,4.0,0.0,4.0,7.0,1.0,0.0,0.0,0.0,1.0,0.0,0.0,0.0,0.0,0.0,0.0,0.0,0.0,2.0,0.0,0.0,0.0,0.0,0.0,0.0,0.0,1.0,0.0,0.0,0.0,0.0,0.0,0.0,0.0,0.0,0.0,0.0,0.0
MOŁODECZAŃSKI,32.0,3.0,1.0,0.0,2.0,5.0,3.0,1.0,6.0,8.0,1.0,0.0,0.0,0.0,0.0,0.0,0.0,0.0,1.0,0.0,0.0,0.0,0.0,0.0,0.0,0.0,0.0,0.0,0.0,0.0,0.0,2.0,0.0,0.0,1.0,0.0,0.0,0.0,0.0,1.0,0.0,0.0,3.0
