District,A-K. Commercial establishments total,A-K I-II cat.. Commercial establishments (categories I and II),A&B. Total commodity trade,A&B (only I i II cat.). Commodity trade (categories I and II),A 3011-3059. Total commodity purchase,A 3011. Commodity purchase (grain purchase),A 3012. Commodity purchase (fruit purchase),A 3016. Commodity purchase (timber materials purchase),A 3021-3029. Commodity purchase (live animals purchase),A 3033. Commodity purchase (raw hides purchase),"A 3031-3032, 3034-3039. Commodity purchase (other livestock products purchase)",A 3052. Commodity purchase (rags purchase),"A 3051, 3053-3059. Commodity purchase (scrap purchase)",B (I-X). Total goods sales,"B I. 3061-3089. Goods sales (agricultural raw materials, goods for agriculture)",B I. 3061-3062. Goods sales (agricultural syndicates and cooperatives),B I. 3071-3072. Goods sales (grain),B I. 3081-3085. Goods sales (live animals),B II. 3101-3179. Goods sales (food products),"B II. 3101. Goods sales (flour, groats, rice)",B II. 3102. Goods sales (grain-for-flour/bread exchange),B II. 3103. Goods sales (bread),B II. 3119. Goods sales (dairy),B II. 3121-3123. Goods sales (meat),"B II. 3124-3126. Goods sales (fish, herrings)","B II. 3131-3133. Goods sales (fruits, vegetables)",B II. 3134. Goods sales (sweets),B II. 3151. Goods sales (beer),B II. 3159. Goods sales (alcoholic beverages),B II. 3161. Goods sales (tobacco products),"B II. 3141-3146, 3171-3173. Goods sales (various food articles)",B III. 3201-3257. Goods sales (clothing articles),B III. 3211-3213. Goods sales (fabrics),"B III. 3221-3227, 3257. Goods sales (clothing, furs)","B III. 3231-3239. Goods sales (underwear, haberdashery)","B III. 3241-3249. Goods sales (hats, caps)",B III. 3255. Goods sales (footwear),"B III. 3251-3254, 3256. Goods sales (leather, leather products)","B IV. 3261, 3281. Goods sales (furniture, appliances, utensils)","B IV. 3261, 3267. Goods sales (furniture)",B IV. 3271. Goods sales (household appliances),"B IV. 3272-3273. Goods sales (glass, ceramics)",B V. 3301-3319. Goods sales (chemical articles),B V. 3301. Goods sales (pharmacies),B V. 3302. Goods sales (pharmaceutical warehouses),B V. 3311-3315. Goods sales (soap shops),"B V. 3312, 3318. Goods sales (petroleum products)","B VI. 3321-3329. Goods sales (paper, paper products)","B VII. 3331-3335. Goods sales (books, periodicals, art works)",B VII. 3331-3332. Goods sales (bookstores),B VII. 3333. Goods sales (periodicals),"B VIII. 3401-3441. Goods sales (iron, metals, products)",B VIII. 3411-3414. Goods sales (means of communication),B VIII. 3415-3419. Goods sales (machines),"B VIII. 3421-3429, 3433-3439. Goods sales (tools, instruments)","B VIII. 3431-3432. Goods sales (watchmaking, jewelry products)",B VIII. 3441. Goods sales (electrotechnical products),B IX. 3461-3485. Goods sales (building and fuel materials),"B IX. 3461-3462, 3469. Goods sales (building materials)","B IX. 3481, 3483-3485. Goods sales (coal, coke and other articles)","B X. 3191-3199, 3341-3343, 3351-3352, 3486-3488. Goods sales (various and unspecified articles)","C 3501-3539. Gastronomic establishments, room rental","C 3501-3509. Gastronomic establishments, room rental (gastronomic establishments)","C 3521-3529. Gastronomic establishments, room rental (residential room rental)","C 3511. Gastronomic establishments, room rental (guesthouses, shelters)","D 3601-3611. Monetary trade, insurance","E 3612, 3651-3655. Offices of all types (brokerage, excluding travel agencies)",F 3701-3729. Rental services,F 3701 (3702). Rental services (agricultural machinery),F 3704. Rental services (mangles),F 3722. Rental services (books),"G 3811-3844 (bez 3833). Transport, communication, forwarding","G 3841-3843, 3832. Transport, communication, forwarding (public transport)",H 3961-3879. Entertainment enterprises,H 3861. Entertainment enterprises (cinematographs),"I 3881-3887. Healthcare, hygiene","I 3881. Healthcare, hygiene (clinics)","I 3883-3885. Healthcare, hygiene (baths, bathing resorts, spas)",K 3891-3999. Other and unspecified,Z 3661-3669. Industrial occupations,"Ż 3833. Ferries, barges, water networks"
AUGUSTOWSKI,50.0,1.0,45.0,1.0,20.0,0.0,0.0,7.0,2.0,0.0,1.0,3.0,4.0,25.0,0.0,0.0,0.0,0.0,12.0,0.0,0.0,1.0,0.0,1.0,2.0,4.0,0.0,0.0,0.0,0.0,4.0,10.0,1.0,2.0,3.0,0.0,0.0,4.0,2.0,0.0,0.0,0.0,1.0,0.0,0.0,1.0,0.0,0.0,0.0,0.0,0.0,0.0,0.0,0.0,0.0,0.0,0.0,0.0,0.0,0.0,0.0,1.0,0.0,1.0,0.0,0.0,0.0,0.0,0.0,0.0,0.0,4.0,3.0,0.0,0.0,0.0,0.0,0.0,0.0,0.0,0.0
BIAŁOSTOCKI,137.0,0.0,136.0,0.0,66.0,19.0,0.0,7.0,3.0,1.0,6.0,2.0,0.0,70.0,1.0,0.0,0.0,0.0,28.0,0.0,0.0,2.0,0.0,12.0,0.0,0.0,8.0,0.0,0.0,0.0,6.0,31.0,15.0,5.0,5.0,0.0,4.0,2.0,3.0,0.0,1.0,0.0,0.0,0.0,0.0,0.0,0.0,0.0,0.0,0.0,0.0,4.0,0.0,0.0,0.0,0.0,0.0,1.0,0.0,0.0,2.0,0.0,0.0,0.0,0.0,0.0,0.0,0.0,0.0,0.0,0.0,1.0,1.0,0.0,0.0,0.0,0.0,0.0,0.0,0.0,0.0
BIELSKI (BIELSK PODLASKI),358.0,0.0,345.0,0.0,99.0,23.0,1.0,7.0,13.0,0.0,33.0,6.0,3.0,246.0,3.0,0.0,0.0,0.0,112.0,0.0,0.0,8.0,1.0,26.0,2.0,9.0,23.0,0.0,0.0,0.0,43.0,91.0,17.0,20.0,26.0,6.0,14.0,8.0,16.0,0.0,15.0,1.0,3.0,0.0,0.0,3.0,0.0,0.0,0.0,0.0,0.0,8.0,1.0,2.0,0.0,0.0,0.0,0.0,0.0,0.0,13.0,0.0,0.0,0.0,0.0,0.0,0.0,0.0,0.0,0.0,0.0,4.0,4.0,4.0,0.0,0.0,0.0,0.0,5.0,0.0,0.0
GRODZIEŃSKI,270.0,4.0,252.0,2.0,99.0,3.0,7.0,10.0,6.0,1.0,4.0,6.0,0.0,153.0,11.0,0.0,1.0,0.0,63.0,0.0,0.0,6.0,0.0,11.0,2.0,10.0,12.0,0.0,0.0,0.0,22.0,57.0,8.0,9.0,12.0,1.0,8.0,19.0,8.0,0.0,4.0,1.0,2.0,0.0,0.0,2.0,0.0,0.0,0.0,0.0,0.0,1.0,0.0,0.0,0.0,0.0,0.0,0.0,0.0,0.0,11.0,0.0,0.0,0.0,0.0,0.0,1.0,1.0,0.0,0.0,0.0,8.0,8.0,1.0,0.0,0.0,0.0,0.0,7.0,11.0,1.0
ŁOMŻYŃSKI,404.0,1.0,392.0,0.0,113.0,42.0,1.0,5.0,19.0,2.0,21.0,2.0,13.0,279.0,4.0,0.0,0.0,0.0,74.0,0.0,0.0,9.0,0.0,27.0,0.0,10.0,4.0,0.0,0.0,0.0,24.0,166.0,31.0,44.0,25.0,11.0,45.0,10.0,25.0,4.0,13.0,1.0,1.0,0.0,0.0,0.0,1.0,0.0,0.0,0.0,0.0,4.0,0.0,0.0,0.0,0.0,0.0,0.0,0.0,0.0,5.0,1.0,1.0,0.0,0.0,0.0,0.0,0.0,0.0,0.0,0.0,8.0,8.0,1.0,0.0,0.0,0.0,0.0,2.0,3.0,0.0
OSTROŁĘCKI,78.0,0.0,73.0,0.0,15.0,9.0,0.0,1.0,1.0,1.0,3.0,0.0,0.0,58.0,2.0,0.0,0.0,1.0,10.0,0.0,0.0,2.0,0.0,3.0,0.0,2.0,0.0,0.0,0.0,0.0,3.0,35.0,8.0,12.0,5.0,1.0,7.0,2.0,1.0,0.0,1.0,0.0,0.0,0.0,0.0,0.0,0.0,0.0,0.0,0.0,0.0,3.0,0.0,1.0,0.0,0.0,0.0,1.0,0.0,0.0,6.0,1.0,1.0,0.0,0.0,0.0,0.0,0.0,0.0,0.0,0.0,1.0,1.0,0.0,0.0,2.0,0.0,0.0,1.0,0.0,0.0
OSTROWSKI (OSTRÓW MAZOWIECKA),162.0,0.0,159.0,0.0,52.0,5.0,0.0,2.0,7.0,1.0,15.0,0.0,3.0,107.0,0.0,0.0,0.0,0.0,31.0,0.0,0.0,2.0,0.0,17.0,3.0,1.0,0.0,0.0,0.0,0.0,8.0,56.0,21.0,11.0,10.0,4.0,7.0,3.0,14.0,1.0,8.0,4.0,0.0,0.0,0.0,0.0,0.0,0.0,0.0,0.0,0.0,4.0,1.0,0.0,0.0,0.0,0.0,0.0,0.0,0.0,2.0,3.0,1.0,0.0,2.0,0.0,0.0,0.0,0.0,0.0,0.0,0.0,0.0,0.0,0.0,0.0,0.0,0.0,0.0,0.0,0.0
SOKÓLSKI,130.0,2.0,123.0,1.0,56.0,15.0,1.0,0.0,1.0,0.0,7.0,8.0,0.0,67.0,3.0,0.0,0.0,1.0,29.0,0.0,0.0,4.0,0.0,1.0,2.0,2.0,8.0,0.0,0.0,1.0,11.0,23.0,3.0,3.0,8.0,3.0,0.0,6.0,7.0,1.0,4.0,0.0,0.0,0.0,0.0,0.0,0.0,0.0,0.0,0.0,0.0,0.0,0.0,0.0,0.0,0.0,0.0,0.0,0.0,0.0,5.0,0.0,0.0,0.0,0.0,1.0,0.0,0.0,0.0,0.0,0.0,5.0,3.0,0.0,0.0,0.0,0.0,0.0,1.0,0.0,0.0
SUWALSKI,74.0,1.0,73.0,1.0,16.0,0.0,0.0,0.0,7.0,1.0,0.0,0.0,2.0,57.0,0.0,0.0,0.0,0.0,9.0,0.0,0.0,2.0,0.0,1.0,0.0,0.0,0.0,0.0,0.0,0.0,6.0,35.0,2.0,5.0,15.0,3.0,6.0,4.0,9.0,0.0,6.0,0.0,0.0,0.0,0.0,0.0,0.0,0.0,0.0,0.0,0.0,4.0,0.0,0.0,0.0,0.0,0.0,0.0,0.0,0.0,0.0,0.0,0.0,0.0,0.0,0.0,0.0,0.0,0.0,0.0,0.0,1.0,1.0,0.0,0.0,0.0,0.0,0.0,0.0,0.0,0.0
SZCZUCZYŃSKI (WOJ. BIAŁOSTOCKIE),138.0,1.0,138.0,1.0,22.0,9.0,0.0,4.0,6.0,0.0,1.0,0.0,0.0,116.0,2.0,0.0,0.0,0.0,45.0,0.0,0.0,2.0,1.0,17.0,0.0,15.0,2.0,0.0,1.0,0.0,7.0,49.0,4.0,13.0,14.0,2.0,11.0,5.0,14.0,3.0,8.0,0.0,0.0,0.0,0.0,0.0,0.0,0.0,0.0,0.0,0.0,2.0,0.0,0.0,0.0,0.0,0.0,1.0,0.0,0.0,3.0,0.0,0.0,0.0,0.0,0.0,0.0,0.0,0.0,0.0,0.0,0.0,0.0,0.0,0.0,0.0,0.0,0.0,0.0,0.0,0.0
WOŁKOWYSKI,125.0,0.0,121.0,0.0,27.0,0.0,0.0,3.0,5.0,0.0,6.0,0.0,0.0,94.0,0.0,0.0,0.0,0.0,57.0,0.0,0.0,10.0,0.0,2.0,3.0,16.0,6.0,0.0,0.0,0.0,20.0,28.0,7.0,1.0,10.0,1.0,1.0,8.0,5.0,0.0,5.0,0.0,1.0,0.0,0.0,1.0,0.0,0.0,0.0,0.0,0.0,0.0,0.0,0.0,0.0,0.0,0.0,0.0,0.0,0.0,3.0,0.0,0.0,0.0,0.0,0.0,0.0,0.0,0.0,0.0,0.0,2.0,1.0,1.0,0.0,1.0,0.0,0.0,0.0,0.0,0.0
WYSOKOMAZOWIECKI,154.0,1.0,152.0,1.0,64.0,9.0,0.0,0.0,9.0,3.0,19.0,12.0,0.0,88.0,5.0,0.0,0.0,0.0,37.0,0.0,0.0,8.0,0.0,14.0,1.0,6.0,1.0,0.0,0.0,1.0,6.0,30.0,6.0,6.0,10.0,2.0,2.0,4.0,8.0,1.0,5.0,0.0,0.0,0.0,0.0,0.0,0.0,0.0,0.0,0.0,0.0,1.0,0.0,0.0,0.0,0.0,0.0,0.0,0.0,0.0,7.0,0.0,0.0,0.0,0.0,0.0,0.0,0.0,0.0,0.0,0.0,1.0,1.0,0.0,0.0,0.0,0.0,0.0,1.0,1.0,0.0
BIAŁYSTOK (MIASTO),160.0,3.0,146.0,3.0,73.0,12.0,2.0,17.0,7.0,6.0,13.0,7.0,2.0,73.0,0.0,0.0,0.0,0.0,24.0,0.0,0.0,1.0,2.0,1.0,0.0,0.0,7.0,0.0,0.0,0.0,13.0,34.0,4.0,10.0,20.0,0.0,0.0,0.0,4.0,0.0,2.0,0.0,4.0,0.0,1.0,2.0,1.0,0.0,0.0,0.0,0.0,3.0,0.0,0.0,0.0,2.0,0.0,1.0,0.0,0.0,3.0,0.0,0.0,0.0,0.0,0.0,0.0,1.0,0.0,0.0,0.0,10.0,10.0,3.0,0.0,0.0,0.0,0.0,0.0,27.0,0.0
BĘDZIŃSKI,471.0,2.0,463.0,2.0,66.0,0.0,0.0,2.0,19.0,7.0,6.0,5.0,10.0,397.0,11.0,0.0,4.0,0.0,111.0,0.0,0.0,1.0,0.0,10.0,2.0,6.0,10.0,0.0,0.0,2.0,80.0,218.0,82.0,20.0,79.0,6.0,22.0,9.0,19.0,0.0,5.0,3.0,6.0,0.0,3.0,2.0,1.0,9.0,0.0,0.0,0.0,2.0,0.0,0.0,0.0,0.0,0.0,2.0,0.0,2.0,19.0,2.0,1.0,0.0,0.0,1.0,0.0,1.0,0.0,1.0,0.0,0.0,0.0,2.0,0.0,1.0,1.0,0.0,1.0,8.0,0.0
CZĘSTOCHOWSKI,103.0,0.0,101.0,0.0,18.0,0.0,0.0,0.0,9.0,2.0,3.0,0.0,0.0,83.0,4.0,0.0,0.0,1.0,18.0,0.0,0.0,0.0,2.0,5.0,0.0,3.0,0.0,0.0,0.0,0.0,8.0,48.0,12.0,9.0,15.0,1.0,8.0,3.0,1.0,0.0,1.0,0.0,1.0,0.0,0.0,1.0,0.0,0.0,1.0,1.0,0.0,0.0,0.0,0.0,0.0,0.0,0.0,8.0,8.0,0.0,2.0,0.0,0.0,0.0,0.0,0.0,0.0,0.0,0.0,0.0,0.0,2.0,2.0,0.0,0.0,0.0,0.0,0.0,0.0,0.0,0.0
IŁŻECKI,354.0,0.0,351.0,0.0,63.0,31.0,1.0,2.0,11.0,0.0,13.0,0.0,0.0,288.0,2.0,0.0,2.0,0.0,87.0,0.0,0.0,5.0,0.0,51.0,1.0,3.0,9.0,0.0,0.0,0.0,18.0,144.0,34.0,38.0,26.0,6.0,32.0,8.0,26.0,0.0,20.0,0.0,0.0,0.0,0.0,0.0,0.0,0.0,0.0,0.0,0.0,5.0,0.0,0.0,0.0,0.0,0.0,12.0,11.0,0.0,12.0,0.0,0.0,0.0,0.0,0.0,0.0,0.0,0.0,0.0,0.0,2.0,2.0,1.0,0.0,0.0,0.0,0.0,0.0,0.0,0.0
JĘDRZEJOWSKI,262.0,0.0,257.0,0.0,132.0,39.0,0.0,1.0,36.0,3.0,28.0,0.0,2.0,125.0,3.0,0.0,2.0,0.0,36.0,0.0,0.0,9.0,0.0,10.0,0.0,7.0,2.0,0.0,0.0,0.0,8.0,66.0,23.0,14.0,13.0,1.0,7.0,8.0,9.0,1.0,8.0,0.0,0.0,0.0,0.0,0.0,0.0,0.0,0.0,0.0,0.0,1.0,0.0,0.0,0.0,0.0,0.0,2.0,2.0,0.0,8.0,0.0,0.0,0.0,0.0,0.0,0.0,0.0,0.0,0.0,0.0,4.0,4.0,0.0,0.0,0.0,0.0,0.0,1.0,1.0,0.0
KIELECKI,227.0,1.0,220.0,1.0,50.0,14.0,0.0,5.0,9.0,1.0,12.0,0.0,1.0,170.0,1.0,0.0,0.0,1.0,34.0,0.0,0.0,3.0,0.0,18.0,0.0,0.0,1.0,0.0,1.0,0.0,11.0,92.0,16.0,18.0,28.0,7.0,14.0,9.0,31.0,4.0,26.0,0.0,1.0,0.0,1.0,0.0,0.0,0.0,0.0,0.0,0.0,2.0,1.0,0.0,1.0,0.0,0.0,2.0,0.0,1.0,7.0,2.0,1.0,0.0,0.0,0.0,2.0,0.0,0.0,0.0,0.0,2.0,2.0,0.0,0.0,0.0,0.0,0.0,1.0,2.0,0.0
KONECKI,261.0,0.0,256.0,0.0,25.0,5.0,0.0,4.0,3.0,0.0,7.0,0.0,0.0,231.0,1.0,0.0,0.0,0.0,51.0,0.0,0.0,5.0,0.0,8.0,0.0,9.0,3.0,0.0,0.0,1.0,25.0,163.0,31.0,50.0,49.0,8.0,22.0,3.0,5.0,0.0,3.0,0.0,0.0,0.0,0.0,0.0,0.0,0.0,0.0,0.0,0.0,2.0,2.0,0.0,0.0,0.0,0.0,5.0,4.0,0.0,4.0,0.0,0.0,0.0,0.0,0.0,0.0,0.0,0.0,0.0,0.0,2.0,2.0,0.0,0.0,0.0,0.0,0.0,3.0,1.0,0.0
KOZIENICKI,29.0,0.0,27.0,0.0,2.0,0.0,0.0,0.0,0.0,0.0,2.0,0.0,0.0,25.0,0.0,0.0,0.0,0.0,4.0,0.0,0.0,0.0,0.0,2.0,0.0,0.0,0.0,0.0,0.0,0.0,2.0,16.0,3.0,2.0,5.0,3.0,3.0,0.0,4.0,2.0,2.0,0.0,0.0,0.0,0.0,0.0,0.0,0.0,1.0,1.0,0.0,0.0,0.0,0.0,0.0,0.0,0.0,0.0,0.0,0.0,0.0,0.0,0.0,0.0,0.0,0.0,0.0,0.0,0.0,0.0,0.0,1.0,1.0,1.0,0.0,0.0,0.0,0.0,0.0,0.0,0.0
MIECHOWSKI,43.0,0.0,42.0,0.0,9.0,0.0,0.0,0.0,2.0,0.0,6.0,0.0,0.0,33.0,8.0,0.0,0.0,2.0,3.0,0.0,0.0,1.0,0.0,0.0,0.0,0.0,0.0,0.0,1.0,0.0,1.0,15.0,1.0,6.0,6.0,1.0,1.0,0.0,4.0,1.0,3.0,0.0,0.0,0.0,0.0,0.0,0.0,0.0,0.0,0.0,0.0,0.0,0.0,0.0,0.0,0.0,0.0,0.0,0.0,0.0,3.0,0.0,0.0,0.0,0.0,0.0,0.0,0.0,0.0,0.0,0.0,1.0,1.0,0.0,0.0,0.0,0.0,0.0,0.0,3.0,0.0
OLKUSKI,398.0,2.0,390.0,0.0,116.0,19.0,3.0,0.0,51.0,4.0,15.0,0.0,2.0,274.0,6.0,0.0,0.0,0.0,61.0,1.0,0.0,11.0,1.0,16.0,0.0,19.0,1.0,0.0,0.0,0.0,12.0,166.0,31.0,31.0,32.0,5.0,56.0,11.0,16.0,3.0,9.0,0.0,1.0,0.0,0.0,1.0,0.0,1.0,0.0,0.0,0.0,2.0,0.0,0.0,0.0,0.0,0.0,5.0,3.0,1.0,16.0,0.0,0.0,0.0,0.0,0.0,0.0,0.0,0.0,0.0,0.0,6.0,5.0,0.0,0.0,0.0,0.0,0.0,2.0,2.0,0.0
OPATOWSKI,120.0,0.0,118.0,0.0,30.0,12.0,0.0,0.0,10.0,0.0,4.0,0.0,0.0,88.0,4.0,0.0,0.0,0.0,17.0,0.0,0.0,1.0,0.0,6.0,1.0,0.0,2.0,0.0,0.0,0.0,7.0,50.0,11.0,9.0,21.0,2.0,7.0,0.0,8.0,1.0,3.0,2.0,0.0,0.0,0.0,0.0,0.0,0.0,0.0,0.0,0.0,2.0,0.0,0.0,0.0,0.0,0.0,2.0,1.0,1.0,5.0,0.0,0.0,0.0,0.0,0.0,0.0,0.0,0.0,0.0,0.0,0.0,0.0,0.0,0.0,0.0,0.0,0.0,2.0,0.0,0.0
OPOCZYŃSKI,302.0,0.0,300.0,0.0,78.0,25.0,0.0,5.0,15.0,3.0,28.0,0.0,0.0,222.0,0.0,0.0,0.0,0.0,90.0,0.0,0.0,13.0,0.0,64.0,1.0,8.0,2.0,0.0,0.0,0.0,2.0,84.0,13.0,6.0,25.0,7.0,28.0,5.0,18.0,0.0,15.0,0.0,6.0,0.0,0.0,6.0,0.0,0.0,0.0,0.0,0.0,5.0,5.0,0.0,0.0,0.0,0.0,7.0,6.0,0.0,12.0,0.0,0.0,0.0,0.0,0.0,0.0,0.0,0.0,0.0,0.0,1.0,1.0,0.0,0.0,0.0,0.0,0.0,1.0,0.0,0.0
PIŃCZOWSKI,145.0,0.0,143.0,0.0,58.0,13.0,4.0,0.0,25.0,0.0,7.0,0.0,0.0,85.0,0.0,0.0,0.0,0.0,12.0,0.0,0.0,2.0,0.0,6.0,0.0,0.0,0.0,0.0,0.0,0.0,4.0,57.0,15.0,14.0,9.0,6.0,6.0,7.0,6.0,0.0,3.0,2.0,3.0,0.0,0.0,3.0,0.0,0.0,0.0,0.0,0.0,0.0,0.0,0.0,0.0,0.0,0.0,2.0,2.0,0.0,5.0,0.0,0.0,0.0,0.0,0.0,0.0,0.0,0.0,0.0,0.0,0.0,0.0,0.0,0.0,0.0,0.0,0.0,2.0,1.0,0.0
RADOMSKI,258.0,0.0,247.0,0.0,26.0,9.0,0.0,0.0,9.0,0.0,7.0,0.0,0.0,221.0,4.0,1.0,1.0,1.0,41.0,0.0,0.0,11.0,0.0,22.0,1.0,1.0,4.0,0.0,0.0,1.0,1.0,140.0,30.0,45.0,36.0,5.0,14.0,10.0,22.0,2.0,14.0,2.0,3.0,0.0,0.0,2.0,0.0,0.0,1.0,0.0,1.0,4.0,1.0,0.0,0.0,1.0,0.0,1.0,1.0,0.0,5.0,0.0,0.0,0.0,0.0,0.0,0.0,2.0,2.0,0.0,0.0,0.0,0.0,2.0,1.0,0.0,0.0,0.0,7.0,1.0,0.0
SANDOMIERSKI,27.0,0.0,26.0,0.0,6.0,0.0,0.0,0.0,5.0,0.0,1.0,0.0,0.0,20.0,0.0,0.0,0.0,0.0,4.0,0.0,0.0,0.0,0.0,3.0,0.0,1.0,0.0,0.0,0.0,0.0,0.0,15.0,3.0,2.0,2.0,0.0,8.0,0.0,0.0,0.0,0.0,0.0,0.0,0.0,0.0,0.0,0.0,0.0,0.0,0.0,0.0,1.0,1.0,0.0,0.0,0.0,0.0,0.0,0.0,0.0,0.0,0.0,0.0,0.0,0.0,0.0,0.0,0.0,0.0,0.0,0.0,1.0,1.0,0.0,0.0,0.0,0.0,0.0,0.0,0.0,0.0
STOPNICKI,40.0,0.0,38.0,0.0,25.0,0.0,15.0,0.0,5.0,0.0,1.0,0.0,0.0,13.0,1.0,0.0,0.0,0.0,1.0,0.0,0.0,0.0,0.0,1.0,0.0,0.0,0.0,0.0,0.0,0.0,0.0,10.0,8.0,0.0,2.0,0.0,0.0,0.0,0.0,0.0,0.0,0.0,0.0,0.0,0.0,0.0,0.0,0.0,0.0,0.0,0.0,1.0,0.0,0.0,0.0,1.0,0.0,0.0,0.0,0.0,0.0,0.0,0.0,0.0,0.0,0.0,0.0,0.0,0.0,0.0,0.0,1.0,0.0,0.0,0.0,0.0,0.0,0.0,1.0,0.0,0.0
WŁOSZCZOWSKI,46.0,0.0,43.0,0.0,4.0,0.0,1.0,1.0,2.0,0.0,0.0,0.0,0.0,39.0,2.0,0.0,0.0,1.0,13.0,0.0,0.0,1.0,0.0,1.0,0.0,5.0,1.0,0.0,0.0,0.0,5.0,16.0,5.0,4.0,2.0,1.0,1.0,3.0,1.0,0.0,1.0,0.0,2.0,0.0,0.0,2.0,0.0,0.0,0.0,0.0,0.0,1.0,0.0,0.0,0.0,0.0,0.0,4.0,3.0,0.0,0.0,0.0,0.0,0.0,0.0,0.0,0.0,0.0,0.0,0.0,0.0,3.0,2.0,0.0,0.0,0.0,0.0,0.0,0.0,0.0,0.0
ZAWIERCIAŃSKI,190.0,0.0,189.0,0.0,40.0,5.0,0.0,0.0,24.0,3.0,3.0,0.0,2.0,149.0,1.0,0.0,0.0,0.0,21.0,0.0,0.0,2.0,0.0,1.0,1.0,9.0,0.0,0.0,0.0,0.0,8.0,105.0,34.0,16.0,24.0,4.0,17.0,10.0,12.0,0.0,11.0,0.0,0.0,0.0,0.0,0.0,0.0,0.0,0.0,0.0,0.0,0.0,0.0,0.0,0.0,0.0,0.0,0.0,0.0,0.0,10.0,0.0,0.0,0.0,0.0,0.0,0.0,0.0,0.0,0.0,0.0,0.0,0.0,0.0,0.0,0.0,0.0,0.0,1.0,4.0,0.0
CZĘSTOCHOWA (MIASTO),173.0,1.0,166.0,0.0,6.0,1.0,0.0,2.0,2.0,0.0,0.0,0.0,0.0,160.0,1.0,0.0,0.0,0.0,12.0,0.0,0.0,0.0,2.0,0.0,0.0,2.0,1.0,0.0,0.0,0.0,7.0,125.0,28.0,22.0,58.0,2.0,13.0,2.0,2.0,0.0,0.0,1.0,8.0,0.0,0.0,7.0,1.0,0.0,0.0,0.0,0.0,0.0,0.0,0.0,0.0,0.0,0.0,0.0,0.0,0.0,12.0,0.0,0.0,0.0,0.0,0.0,0.0,0.0,0.0,0.0,0.0,3.0,2.0,2.0,0.0,0.0,0.0,0.0,2.0,4.0,0.0
SOSNOWIEC,758.0,1.0,741.0,0.0,44.0,1.0,1.0,4.0,5.0,3.0,15.0,10.0,4.0,697.0,12.0,0.0,1.0,2.0,219.0,0.0,0.0,2.0,22.0,34.0,1.0,15.0,12.0,0.0,4.0,0.0,129.0,415.0,228.0,8.0,144.0,3.0,18.0,14.0,20.0,0.0,14.0,1.0,7.0,1.0,0.0,4.0,2.0,4.0,0.0,0.0,0.0,1.0,0.0,0.0,0.0,0.0,0.0,8.0,1.0,7.0,11.0,9.0,9.0,0.0,0.0,0.0,1.0,2.0,0.0,2.0,0.0,2.0,1.0,0.0,0.0,0.0,0.0,0.0,3.0,18.0,0.0
RADOM (MIASTO),0.0,0.0,0.0,0.0,0.0,0.0,0.0,0.0,0.0,0.0,0.0,0.0,0.0,0.0,0.0,0.0,0.0,0.0,0.0,0.0,0.0,0.0,0.0,0.0,0.0,0.0,0.0,0.0,0.0,0.0,0.0,0.0,0.0,0.0,0.0,0.0,0.0,0.0,0.0,0.0,0.0,0.0,0.0,0.0,0.0,0.0,0.0,0.0,0.0,0.0,0.0,0.0,0.0,0.0,0.0,0.0,0.0,0.0,0.0,0.0,0.0,0.0,0.0,0.0,0.0,0.0,0.0,0.0,0.0,0.0,0.0,0.0,0.0,0.0,0.0,0.0,0.0,0.0,0.0,0.0,0.0
BIALSKI (BIAŁA KRAKOWSKA),460.0,2.0,441.0,2.0,28.0,0.0,0.0,0.0,14.0,1.0,6.0,2.0,1.0,413.0,8.0,0.0,0.0,0.0,59.0,0.0,0.0,8.0,7.0,4.0,3.0,9.0,13.0,0.0,0.0,0.0,15.0,329.0,245.0,11.0,48.0,5.0,15.0,5.0,4.0,1.0,1.0,0.0,1.0,0.0,0.0,1.0,0.0,0.0,0.0,0.0,0.0,0.0,0.0,0.0,0.0,0.0,0.0,2.0,0.0,1.0,10.0,1.0,1.0,0.0,0.0,0.0,0.0,0.0,0.0,0.0,0.0,0.0,0.0,0.0,0.0,0.0,0.0,0.0,18.0,6.0,0.0
BOCHEŃSKI,33.0,0.0,31.0,0.0,3.0,0.0,0.0,0.0,0.0,2.0,1.0,0.0,0.0,28.0,2.0,0.0,0.0,2.0,11.0,0.0,0.0,2.0,0.0,1.0,0.0,2.0,0.0,0.0,0.0,0.0,6.0,14.0,3.0,1.0,5.0,1.0,1.0,3.0,0.0,0.0,0.0,0.0,0.0,0.0,0.0,0.0,0.0,0.0,0.0,0.0,0.0,0.0,0.0,0.0,0.0,0.0,0.0,1.0,1.0,0.0,0.0,0.0,0.0,0.0,0.0,0.0,0.0,1.0,0.0,1.0,0.0,0.0,0.0,0.0,0.0,0.0,0.0,0.0,1.0,1.0,0.0
BRZESKI (BRZESKO),106.0,1.0,104.0,1.0,22.0,0.0,0.0,0.0,4.0,0.0,17.0,0.0,0.0,82.0,4.0,0.0,0.0,4.0,13.0,0.0,0.0,1.0,1.0,2.0,0.0,1.0,1.0,0.0,0.0,0.0,7.0,52.0,17.0,10.0,16.0,2.0,4.0,3.0,6.0,1.0,2.0,1.0,2.0,0.0,0.0,2.0,0.0,0.0,0.0,0.0,0.0,0.0,0.0,0.0,0.0,0.0,0.0,1.0,1.0,0.0,4.0,0.0,0.0,0.0,0.0,0.0,0.0,0.0,0.0,0.0,0.0,1.0,0.0,0.0,0.0,0.0,0.0,0.0,1.0,0.0,0.0
CHRZANOWSKI,279.0,3.0,272.0,3.0,14.0,0.0,2.0,0.0,3.0,1.0,5.0,1.0,0.0,258.0,37.0,0.0,0.0,4.0,120.0,0.0,0.0,2.0,5.0,14.0,1.0,84.0,6.0,0.0,0.0,0.0,8.0,90.0,32.0,18.0,15.0,0.0,9.0,16.0,5.0,0.0,2.0,1.0,0.0,0.0,0.0,0.0,0.0,0.0,0.0,0.0,0.0,1.0,0.0,0.0,0.0,0.0,0.0,3.0,0.0,3.0,2.0,0.0,0.0,0.0,0.0,0.0,0.0,0.0,0.0,0.0,0.0,4.0,2.0,0.0,0.0,0.0,0.0,0.0,3.0,1.0,0.0
DĄBROWSKI,20.0,0.0,20.0,0.0,6.0,1.0,0.0,0.0,2.0,0.0,3.0,0.0,0.0,14.0,2.0,0.0,0.0,2.0,2.0,0.0,0.0,0.0,1.0,0.0,0.0,0.0,0.0,0.0,0.0,0.0,1.0,9.0,6.0,1.0,1.0,0.0,0.0,1.0,0.0,0.0,0.0,0.0,0.0,0.0,0.0,0.0,0.0,0.0,0.0,0.0,0.0,0.0,0.0,0.0,0.0,0.0,0.0,0.0,0.0,0.0,1.0,0.0,0.0,0.0,0.0,0.0,0.0,0.0,0.0,0.0,0.0,0.0,0.0,0.0,0.0,0.0,0.0,0.0,0.0,0.0,0.0
GORLICKI,72.0,0.0,72.0,0.0,9.0,0.0,1.0,0.0,2.0,0.0,3.0,0.0,0.0,63.0,1.0,0.0,0.0,1.0,19.0,0.0,0.0,1.0,0.0,4.0,0.0,5.0,1.0,0.0,0.0,0.0,8.0,20.0,8.0,2.0,8.0,0.0,1.0,1.0,4.0,0.0,3.0,0.0,9.0,0.0,0.0,2.0,7.0,0.0,0.0,0.0,0.0,0.0,0.0,0.0,0.0,0.0,0.0,1.0,0.0,1.0,9.0,0.0,0.0,0.0,0.0,0.0,0.0,0.0,0.0,0.0,0.0,0.0,0.0,0.0,0.0,0.0,0.0,0.0,0.0,0.0,0.0
JASIELSKI,54.0,0.0,52.0,0.0,3.0,0.0,0.0,0.0,3.0,0.0,0.0,0.0,0.0,49.0,3.0,1.0,0.0,1.0,14.0,0.0,0.0,1.0,0.0,2.0,0.0,3.0,1.0,0.0,0.0,0.0,7.0,28.0,8.0,5.0,3.0,1.0,0.0,11.0,1.0,0.0,0.0,0.0,0.0,0.0,0.0,0.0,0.0,0.0,0.0,0.0,0.0,1.0,0.0,0.0,0.0,0.0,0.0,0.0,0.0,0.0,2.0,0.0,0.0,0.0,0.0,0.0,0.0,0.0,0.0,0.0,0.0,0.0,0.0,1.0,1.0,0.0,0.0,0.0,1.0,0.0,0.0
KRAKOWSKI,70.0,0.0,69.0,0.0,3.0,0.0,0.0,0.0,3.0,0.0,0.0,0.0,0.0,66.0,24.0,0.0,0.0,23.0,19.0,0.0,0.0,1.0,0.0,6.0,0.0,4.0,3.0,1.0,0.0,0.0,4.0,5.0,4.0,0.0,0.0,0.0,0.0,1.0,2.0,0.0,1.0,0.0,0.0,0.0,0.0,0.0,0.0,0.0,0.0,0.0,0.0,13.0,0.0,0.0,0.0,0.0,0.0,1.0,0.0,1.0,2.0,1.0,1.0,0.0,0.0,0.0,0.0,0.0,0.0,0.0,0.0,0.0,0.0,0.0,0.0,0.0,0.0,0.0,0.0,1.0,0.0
KRAKÓW (MIASTO),141.0,12.0,132.0,12.0,12.0,0.0,0.0,1.0,4.0,4.0,0.0,0.0,2.0,120.0,0.0,0.0,0.0,0.0,58.0,0.0,0.0,0.0,1.0,35.0,1.0,1.0,13.0,0.0,0.0,0.0,7.0,41.0,10.0,5.0,23.0,1.0,1.0,1.0,5.0,0.0,2.0,0.0,6.0,0.0,3.0,1.0,0.0,0.0,0.0,0.0,0.0,0.0,0.0,0.0,0.0,0.0,0.0,2.0,1.0,1.0,8.0,2.0,1.0,1.0,0.0,0.0,0.0,0.0,0.0,0.0,0.0,1.0,1.0,2.0,1.0,0.0,0.0,0.0,4.0,18.0,2.0
LIMANOWSKI,98.0,0.0,95.0,0.0,16.0,0.0,1.0,1.0,6.0,1.0,7.0,0.0,0.0,79.0,6.0,0.0,1.0,3.0,30.0,0.0,0.0,9.0,0.0,7.0,0.0,2.0,1.0,0.0,0.0,0.0,11.0,41.0,13.0,6.0,10.0,2.0,5.0,5.0,1.0,0.0,0.0,0.0,0.0,0.0,0.0,0.0,0.0,0.0,0.0,0.0,0.0,1.0,0.0,0.0,0.0,0.0,0.0,0.0,0.0,0.0,0.0,2.0,2.0,0.0,0.0,0.0,0.0,0.0,0.0,0.0,0.0,0.0,0.0,0.0,0.0,0.0,0.0,0.0,1.0,1.0,0.0
MIELECKI,26.0,1.0,26.0,1.0,15.0,0.0,0.0,0.0,13.0,0.0,0.0,0.0,0.0,11.0,2.0,0.0,0.0,2.0,5.0,0.0,0.0,2.0,0.0,0.0,0.0,0.0,0.0,0.0,0.0,0.0,3.0,4.0,2.0,0.0,2.0,0.0,0.0,0.0,0.0,0.0,0.0,0.0,0.0,0.0,0.0,0.0,0.0,0.0,0.0,0.0,0.0,0.0,0.0,0.0,0.0,0.0,0.0,0.0,0.0,0.0,0.0,0.0,0.0,0.0,0.0,0.0,0.0,0.0,0.0,0.0,0.0,0.0,0.0,0.0,0.0,0.0,0.0,0.0,0.0,0.0,0.0
MYŚLENICKI,222.0,1.0,215.0,1.0,21.0,0.0,1.0,1.0,9.0,0.0,9.0,0.0,0.0,194.0,11.0,1.0,2.0,3.0,54.0,0.0,0.0,9.0,3.0,13.0,1.0,12.0,2.0,1.0,0.0,0.0,13.0,87.0,20.0,4.0,15.0,1.0,28.0,19.0,11.0,0.0,7.0,1.0,0.0,0.0,0.0,0.0,0.0,0.0,0.0,0.0,0.0,23.0,2.0,3.0,0.0,0.0,0.0,4.0,3.0,0.0,4.0,3.0,3.0,0.0,0.0,0.0,0.0,0.0,0.0,0.0,0.0,2.0,2.0,1.0,0.0,0.0,0.0,0.0,1.0,0.0,0.0
NOWOSĄDECKI,78.0,1.0,69.0,0.0,7.0,0.0,0.0,0.0,4.0,0.0,2.0,0.0,0.0,62.0,4.0,0.0,2.0,0.0,17.0,0.0,0.0,1.0,0.0,0.0,3.0,6.0,0.0,0.0,0.0,0.0,7.0,33.0,9.0,2.0,10.0,6.0,4.0,2.0,3.0,0.0,1.0,0.0,2.0,0.0,0.0,2.0,0.0,0.0,0.0,0.0,0.0,1.0,0.0,0.0,0.0,1.0,0.0,1.0,1.0,0.0,1.0,5.0,0.0,4.0,1.0,0.0,0.0,0.0,0.0,0.0,0.0,0.0,0.0,0.0,0.0,0.0,0.0,0.0,4.0,0.0,0.0
NOWOTARSKI,110.0,0.0,104.0,0.0,2.0,0.0,0.0,0.0,0.0,1.0,1.0,0.0,0.0,102.0,1.0,0.0,0.0,1.0,47.0,1.0,0.0,9.0,4.0,8.0,0.0,2.0,3.0,0.0,0.0,0.0,20.0,48.0,15.0,10.0,12.0,1.0,7.0,3.0,3.0,0.0,2.0,0.0,1.0,0.0,0.0,1.0,0.0,0.0,0.0,0.0,0.0,0.0,0.0,0.0,0.0,0.0,0.0,1.0,0.0,0.0,1.0,4.0,1.0,1.0,2.0,0.0,0.0,0.0,0.0,0.0,0.0,0.0,0.0,0.0,0.0,0.0,0.0,0.0,2.0,0.0,0.0
TARNOWSKI,48.0,2.0,45.0,2.0,5.0,0.0,0.0,0.0,1.0,2.0,1.0,0.0,0.0,40.0,0.0,0.0,0.0,0.0,12.0,0.0,0.0,1.0,4.0,3.0,0.0,2.0,2.0,0.0,0.0,0.0,0.0,16.0,6.0,0.0,6.0,0.0,2.0,2.0,6.0,0.0,3.0,0.0,1.0,0.0,0.0,1.0,0.0,0.0,0.0,0.0,0.0,2.0,0.0,0.0,1.0,0.0,0.0,1.0,0.0,0.0,2.0,0.0,0.0,0.0,0.0,0.0,0.0,0.0,0.0,0.0,0.0,1.0,1.0,1.0,0.0,0.0,0.0,0.0,1.0,4.0,0.0
WADOWICKI,216.0,1.0,212.0,0.0,7.0,1.0,0.0,1.0,1.0,1.0,2.0,0.0,0.0,205.0,21.0,0.0,0.0,12.0,77.0,0.0,0.0,10.0,15.0,10.0,0.0,9.0,2.0,0.0,0.0,0.0,31.0,71.0,15.0,10.0,18.0,0.0,16.0,12.0,13.0,0.0,10.0,1.0,1.0,0.0,0.0,1.0,0.0,0.0,0.0,0.0,0.0,5.0,0.0,0.0,0.0,0.0,0.0,7.0,2.0,4.0,10.0,0.0,0.0,0.0,0.0,0.0,0.0,0.0,0.0,0.0,0.0,0.0,0.0,1.0,0.0,0.0,0.0,0.0,3.0,0.0,0.0
ŻYWIECKI,81.0,3.0,77.0,0.0,1.0,0.0,0.0,0.0,0.0,0.0,0.0,0.0,0.0,76.0,14.0,0.0,0.0,12.0,16.0,0.0,0.0,0.0,1.0,2.0,0.0,0.0,6.0,0.0,0.0,0.0,7.0,32.0,6.0,4.0,11.0,0.0,6.0,5.0,4.0,0.0,3.0,0.0,0.0,0.0,0.0,0.0,0.0,0.0,0.0,0.0,0.0,2.0,0.0,0.0,0.0,0.0,0.0,7.0,4.0,0.0,1.0,0.0,0.0,0.0,0.0,0.0,0.0,0.0,0.0,0.0,0.0,4.0,3.0,0.0,0.0,0.0,0.0,0.0,0.0,1.0,0.0
DĘBICKI,29.0,0.0,27.0,0.0,8.0,0.0,1.0,0.0,5.0,0.0,2.0,0.0,0.0,19.0,0.0,0.0,0.0,0.0,9.0,0.0,0.0,0.0,0.0,2.0,0.0,5.0,0.0,0.0,0.0,0.0,2.0,8.0,3.0,2.0,0.0,1.0,1.0,1.0,0.0,0.0,0.0,0.0,0.0,0.0,0.0,0.0,0.0,0.0,0.0,0.0,0.0,0.0,0.0,0.0,0.0,0.0,0.0,2.0,0.0,0.0,0.0,0.0,0.0,0.0,0.0,0.0,0.0,0.0,0.0,0.0,0.0,2.0,1.0,0.0,0.0,0.0,0.0,0.0,0.0,0.0,0.0
BIALSKI (BIAŁA PODLASKA),129.0,1.0,127.0,0.0,39.0,0.0,2.0,1.0,8.0,0.0,9.0,0.0,13.0,88.0,4.0,0.0,0.0,0.0,34.0,0.0,0.0,3.0,0.0,6.0,0.0,4.0,9.0,0.0,0.0,0.0,12.0,29.0,12.0,1.0,10.0,2.0,2.0,2.0,13.0,0.0,13.0,0.0,2.0,0.0,0.0,2.0,0.0,0.0,0.0,0.0,0.0,1.0,0.0,0.0,0.0,0.0,0.0,0.0,0.0,0.0,5.0,0.0,0.0,0.0,0.0,0.0,0.0,0.0,0.0,0.0,0.0,1.0,1.0,0.0,0.0,0.0,0.0,0.0,1.0,0.0,0.0
BIŁGORAJSKI,225.0,6.0,224.0,5.0,102.0,4.0,14.0,28.0,10.0,0.0,3.0,3.0,0.0,122.0,0.0,0.0,0.0,0.0,38.0,0.0,0.0,3.0,0.0,18.0,1.0,9.0,1.0,0.0,1.0,1.0,4.0,59.0,9.0,27.0,15.0,2.0,3.0,3.0,20.0,5.0,14.0,1.0,1.0,0.0,0.0,1.0,0.0,0.0,0.0,0.0,0.0,1.0,0.0,0.0,0.0,0.0,0.0,0.0,0.0,0.0,3.0,0.0,0.0,0.0,0.0,0.0,0.0,0.0,0.0,0.0,0.0,1.0,1.0,0.0,0.0,0.0,0.0,0.0,0.0,1.0,0.0
CHEŁMSKI,253.0,3.0,250.0,3.0,113.0,18.0,2.0,1.0,47.0,2.0,18.0,3.0,4.0,137.0,5.0,0.0,0.0,5.0,36.0,0.0,0.0,5.0,0.0,26.0,0.0,0.0,2.0,0.0,0.0,0.0,3.0,77.0,26.0,19.0,10.0,8.0,9.0,5.0,13.0,1.0,9.0,1.0,1.0,0.0,0.0,1.0,0.0,0.0,0.0,0.0,0.0,1.0,0.0,0.0,0.0,0.0,0.0,1.0,1.0,0.0,3.0,0.0,0.0,0.0,0.0,0.0,0.0,0.0,0.0,0.0,0.0,0.0,0.0,0.0,0.0,0.0,0.0,0.0,3.0,6.0,0.0
GARWOLIŃSKI,590.0,1.0,584.0,0.0,213.0,20.0,76.0,0.0,21.0,7.0,75.0,1.0,0.0,371.0,13.0,0.0,0.0,1.0,96.0,0.0,0.0,18.0,3.0,49.0,3.0,11.0,4.0,0.0,0.0,0.0,8.0,216.0,47.0,81.0,14.0,8.0,53.0,12.0,17.0,3.0,8.0,0.0,2.0,0.0,0.0,2.0,0.0,0.0,0.0,0.0,0.0,3.0,0.0,0.0,0.0,0.0,0.0,7.0,7.0,0.0,17.0,0.0,0.0,0.0,0.0,0.0,0.0,0.0,0.0,0.0,0.0,5.0,4.0,0.0,0.0,0.0,0.0,0.0,1.0,1.0,0.0
HRUBIESZOWSKI,187.0,1.0,186.0,0.0,60.0,8.0,0.0,0.0,35.0,0.0,6.0,0.0,0.0,126.0,2.0,0.0,0.0,0.0,34.0,0.0,0.0,0.0,1.0,14.0,0.0,3.0,4.0,0.0,0.0,0.0,12.0,70.0,27.0,8.0,9.0,4.0,17.0,5.0,12.0,1.0,8.0,0.0,1.0,0.0,0.0,1.0,0.0,0.0,0.0,0.0,0.0,0.0,0.0,0.0,0.0,0.0,0.0,0.0,0.0,0.0,7.0,0.0,0.0,0.0,0.0,0.0,0.0,0.0,0.0,0.0,0.0,1.0,0.0,0.0,0.0,0.0,0.0,0.0,0.0,0.0,0.0
JANOWSKI,118.0,0.0,115.0,0.0,49.0,2.0,7.0,0.0,29.0,1.0,5.0,0.0,0.0,66.0,4.0,0.0,0.0,3.0,16.0,0.0,0.0,0.0,0.0,1.0,5.0,9.0,0.0,0.0,0.0,0.0,1.0,32.0,3.0,17.0,6.0,2.0,4.0,0.0,6.0,0.0,5.0,1.0,0.0,0.0,0.0,0.0,0.0,0.0,0.0,0.0,0.0,2.0,1.0,0.0,0.0,0.0,0.0,5.0,4.0,0.0,1.0,0.0,0.0,0.0,0.0,0.0,0.0,0.0,0.0,0.0,0.0,1.0,1.0,1.0,0.0,0.0,0.0,0.0,1.0,0.0,0.0
KRASNOSTAWSKI,60.0,0.0,57.0,0.0,16.0,0.0,0.0,0.0,13.0,0.0,0.0,0.0,1.0,41.0,2.0,0.0,0.0,0.0,7.0,0.0,0.0,2.0,0.0,2.0,0.0,2.0,1.0,0.0,0.0,0.0,0.0,26.0,7.0,4.0,5.0,6.0,2.0,2.0,2.0,0.0,0.0,0.0,1.0,0.0,0.0,1.0,0.0,0.0,0.0,0.0,0.0,0.0,0.0,0.0,0.0,0.0,0.0,1.0,1.0,0.0,2.0,0.0,0.0,0.0,0.0,0.0,0.0,0.0,0.0,0.0,0.0,2.0,1.0,0.0,0.0,0.0,0.0,0.0,1.0,0.0,0.0
LUBARTOWSKI,58.0,3.0,53.0,0.0,22.0,2.0,0.0,0.0,17.0,0.0,0.0,0.0,1.0,31.0,0.0,0.0,0.0,0.0,8.0,0.0,0.0,2.0,0.0,1.0,2.0,0.0,1.0,0.0,0.0,0.0,2.0,15.0,5.0,5.0,3.0,0.0,2.0,0.0,4.0,0.0,3.0,0.0,0.0,0.0,0.0,0.0,0.0,0.0,0.0,0.0,0.0,0.0,0.0,0.0,0.0,0.0,0.0,0.0,0.0,0.0,4.0,0.0,0.0,0.0,0.0,0.0,0.0,0.0,0.0,0.0,0.0,5.0,5.0,0.0,0.0,0.0,0.0,0.0,0.0,0.0,0.0
LUBELSKI,221.0,4.0,217.0,2.0,74.0,9.0,8.0,0.0,49.0,0.0,7.0,0.0,0.0,143.0,10.0,1.0,0.0,0.0,8.0,0.0,0.0,0.0,0.0,5.0,0.0,0.0,1.0,0.0,0.0,0.0,2.0,108.0,19.0,32.0,11.0,4.0,37.0,5.0,9.0,0.0,8.0,0.0,0.0,0.0,0.0,0.0,0.0,0.0,0.0,0.0,0.0,0.0,0.0,0.0,0.0,0.0,0.0,3.0,3.0,0.0,5.0,1.0,1.0,0.0,0.0,0.0,0.0,0.0,0.0,0.0,0.0,2.0,2.0,0.0,0.0,0.0,0.0,0.0,1.0,0.0,0.0
ŁUKOWSKI,211.0,8.0,192.0,0.0,43.0,9.0,0.0,0.0,18.0,0.0,11.0,1.0,0.0,149.0,4.0,0.0,0.0,0.0,41.0,0.0,0.0,5.0,2.0,16.0,0.0,10.0,6.0,0.0,0.0,0.0,2.0,72.0,16.0,11.0,17.0,4.0,17.0,7.0,19.0,0.0,16.0,1.0,1.0,0.0,0.0,1.0,0.0,0.0,0.0,0.0,0.0,4.0,0.0,0.0,4.0,0.0,0.0,1.0,0.0,0.0,7.0,0.0,0.0,0.0,0.0,0.0,6.0,0.0,0.0,0.0,0.0,7.0,7.0,1.0,0.0,0.0,0.0,0.0,5.0,0.0,0.0
PUŁAWSKI,288.0,3.0,285.0,1.0,46.0,8.0,4.0,0.0,10.0,4.0,18.0,0.0,1.0,239.0,7.0,0.0,0.0,0.0,28.0,0.0,0.0,3.0,0.0,17.0,2.0,1.0,2.0,0.0,0.0,0.0,3.0,194.0,47.0,60.0,46.0,6.0,32.0,3.0,6.0,1.0,5.0,0.0,0.0,0.0,0.0,0.0,0.0,1.0,0.0,0.0,0.0,0.0,0.0,0.0,0.0,0.0,0.0,2.0,1.0,0.0,1.0,0.0,0.0,0.0,0.0,0.0,0.0,0.0,0.0,0.0,0.0,2.0,2.0,0.0,0.0,0.0,0.0,0.0,1.0,0.0,0.0
RADZYŃSKI,121.0,2.0,118.0,2.0,62.0,6.0,0.0,0.0,29.0,8.0,2.0,6.0,5.0,56.0,1.0,0.0,0.0,0.0,20.0,0.0,0.0,3.0,0.0,1.0,1.0,2.0,8.0,0.0,0.0,1.0,5.0,27.0,3.0,13.0,5.0,0.0,5.0,1.0,3.0,0.0,3.0,0.0,0.0,0.0,0.0,0.0,0.0,0.0,1.0,1.0,0.0,0.0,0.0,0.0,0.0,0.0,0.0,0.0,0.0,0.0,4.0,1.0,1.0,0.0,0.0,0.0,0.0,0.0,0.0,0.0,0.0,1.0,1.0,0.0,0.0,0.0,0.0,0.0,1.0,0.0,0.0
SIEDLECKI,170.0,2.0,165.0,1.0,38.0,2.0,0.0,0.0,11.0,0.0,10.0,3.0,5.0,127.0,1.0,0.0,0.0,0.0,37.0,0.0,0.0,2.0,0.0,10.0,2.0,4.0,7.0,0.0,0.0,0.0,12.0,65.0,16.0,11.0,26.0,1.0,9.0,1.0,8.0,0.0,3.0,3.0,3.0,0.0,0.0,2.0,1.0,0.0,0.0,0.0,0.0,0.0,0.0,0.0,0.0,0.0,0.0,1.0,1.0,0.0,12.0,1.0,1.0,0.0,0.0,0.0,0.0,0.0,0.0,0.0,0.0,3.0,1.0,0.0,0.0,0.0,0.0,0.0,1.0,5.0,0.0
SOKOŁOWSKI,86.0,0.0,82.0,0.0,13.0,0.0,0.0,0.0,5.0,0.0,5.0,0.0,2.0,69.0,1.0,0.0,0.0,0.0,25.0,0.0,0.0,2.0,0.0,12.0,0.0,0.0,5.0,0.0,0.0,0.0,6.0,36.0,4.0,16.0,5.0,0.0,9.0,2.0,5.0,2.0,2.0,0.0,0.0,0.0,0.0,0.0,0.0,0.0,0.0,0.0,0.0,1.0,0.0,0.0,0.0,0.0,0.0,0.0,0.0,0.0,1.0,2.0,2.0,0.0,0.0,0.0,1.0,0.0,0.0,0.0,0.0,0.0,0.0,0.0,0.0,0.0,0.0,0.0,1.0,0.0,0.0
TOMASZOWSKI,131.0,2.0,128.0,1.0,19.0,1.0,1.0,0.0,11.0,0.0,1.0,1.0,0.0,109.0,2.0,0.0,0.0,1.0,32.0,0.0,0.0,3.0,0.0,16.0,0.0,10.0,1.0,0.0,0.0,0.0,2.0,70.0,3.0,35.0,4.0,0.0,18.0,10.0,1.0,0.0,1.0,0.0,0.0,0.0,0.0,0.0,0.0,0.0,0.0,0.0,0.0,1.0,0.0,1.0,0.0,0.0,0.0,2.0,0.0,0.0,1.0,0.0,0.0,0.0,0.0,0.0,0.0,0.0,0.0,0.0,0.0,2.0,2.0,0.0,0.0,0.0,0.0,0.0,1.0,1.0,0.0
WĘGROWSKI,200.0,1.0,196.0,1.0,80.0,4.0,10.0,1.0,13.0,1.0,33.0,5.0,1.0,116.0,1.0,0.0,0.0,0.0,37.0,0.0,0.0,5.0,0.0,23.0,0.0,1.0,1.0,0.0,0.0,0.0,7.0,66.0,18.0,20.0,18.0,1.0,6.0,3.0,8.0,1.0,3.0,0.0,1.0,0.0,0.0,1.0,0.0,0.0,0.0,0.0,0.0,1.0,0.0,0.0,0.0,0.0,0.0,0.0,0.0,0.0,2.0,0.0,0.0,0.0,0.0,0.0,0.0,0.0,0.0,0.0,0.0,0.0,0.0,1.0,0.0,0.0,0.0,0.0,3.0,0.0,0.0
WŁODAWSKI,282.0,4.0,278.0,4.0,125.0,3.0,1.0,0.0,21.0,3.0,13.0,6.0,68.0,153.0,5.0,0.0,0.0,1.0,42.0,0.0,0.0,2.0,1.0,15.0,3.0,11.0,3.0,0.0,0.0,0.0,7.0,78.0,12.0,23.0,20.0,2.0,16.0,5.0,13.0,1.0,9.0,2.0,3.0,0.0,0.0,3.0,0.0,0.0,1.0,0.0,0.0,3.0,0.0,0.0,2.0,0.0,0.0,1.0,0.0,0.0,7.0,0.0,0.0,0.0,0.0,0.0,0.0,0.0,0.0,0.0,0.0,2.0,2.0,0.0,0.0,0.0,0.0,0.0,2.0,1.0,0.0
ZAMOJSKI,179.0,2.0,173.0,0.0,42.0,5.0,16.0,4.0,9.0,0.0,2.0,0.0,2.0,131.0,9.0,0.0,0.0,0.0,51.0,0.0,0.0,2.0,0.0,11.0,0.0,20.0,1.0,0.0,0.0,0.0,17.0,52.0,8.0,21.0,11.0,4.0,8.0,0.0,6.0,3.0,2.0,1.0,0.0,0.0,0.0,0.0,0.0,0.0,0.0,0.0,0.0,3.0,0.0,1.0,0.0,0.0,0.0,2.0,1.0,1.0,8.0,0.0,0.0,0.0,0.0,0.0,2.0,0.0,0.0,0.0,0.0,1.0,0.0,3.0,0.0,0.0,0.0,0.0,0.0,1.0,0.0
LUBLIN (MIASTO),91.0,4.0,84.0,1.0,35.0,4.0,2.0,1.0,13.0,0.0,4.0,0.0,0.0,49.0,1.0,0.0,0.0,0.0,11.0,0.0,0.0,0.0,0.0,0.0,0.0,0.0,2.0,0.0,1.0,0.0,8.0,25.0,15.0,1.0,9.0,0.0,0.0,0.0,5.0,0.0,0.0,1.0,0.0,0.0,0.0,0.0,0.0,0.0,0.0,0.0,0.0,0.0,0.0,0.0,0.0,0.0,0.0,0.0,0.0,0.0,7.0,0.0,0.0,0.0,0.0,0.0,0.0,0.0,0.0,0.0,0.0,7.0,7.0,0.0,0.0,0.0,0.0,0.0,0.0,6.0,0.0
BÓBRECKI,3.0,0.0,3.0,0.0,1.0,0.0,0.0,0.0,1.0,0.0,0.0,0.0,0.0,2.0,0.0,0.0,0.0,0.0,0.0,0.0,0.0,0.0,0.0,0.0,0.0,0.0,0.0,0.0,0.0,0.0,0.0,2.0,2.0,0.0,0.0,0.0,0.0,0.0,0.0,0.0,0.0,0.0,0.0,0.0,0.0,0.0,0.0,0.0,0.0,0.0,0.0,0.0,0.0,0.0,0.0,0.0,0.0,0.0,0.0,0.0,0.0,0.0,0.0,0.0,0.0,0.0,0.0,0.0,0.0,0.0,0.0,0.0,0.0,0.0,0.0,0.0,0.0,0.0,0.0,0.0,0.0
BRZOZOWSKI,3.0,0.0,3.0,0.0,1.0,0.0,0.0,0.0,1.0,0.0,0.0,0.0,0.0,2.0,0.0,0.0,0.0,0.0,0.0,0.0,0.0,0.0,0.0,0.0,0.0,0.0,0.0,0.0,0.0,0.0,0.0,2.0,2.0,0.0,0.0,0.0,0.0,0.0,0.0,0.0,0.0,0.0,0.0,0.0,0.0,0.0,0.0,0.0,0.0,0.0,0.0,0.0,0.0,0.0,0.0,0.0,0.0,0.0,0.0,0.0,0.0,0.0,0.0,0.0,0.0,0.0,0.0,0.0,0.0,0.0,0.0,0.0,0.0,0.0,0.0,0.0,0.0,0.0,0.0,0.0,0.0
DOBROMILSKI,10.0,0.0,10.0,0.0,1.0,0.0,0.0,0.0,1.0,0.0,0.0,0.0,0.0,9.0,0.0,0.0,0.0,0.0,3.0,0.0,0.0,0.0,0.0,1.0,0.0,1.0,0.0,0.0,0.0,0.0,1.0,5.0,0.0,0.0,3.0,0.0,1.0,1.0,1.0,0.0,1.0,0.0,0.0,0.0,0.0,0.0,0.0,0.0,0.0,0.0,0.0,0.0,0.0,0.0,0.0,0.0,0.0,0.0,0.0,0.0,0.0,0.0,0.0,0.0,0.0,0.0,0.0,0.0,0.0,0.0,0.0,0.0,0.0,0.0,0.0,0.0,0.0,0.0,0.0,1.0,0.0
DROHOBYCKI,11.0,1.0,11.0,0.0,1.0,0.0,0.0,1.0,0.0,0.0,0.0,0.0,0.0,10.0,1.0,0.0,0.0,1.0,3.0,0.0,0.0,0.0,0.0,0.0,0.0,0.0,0.0,0.0,0.0,0.0,3.0,3.0,2.0,0.0,1.0,0.0,0.0,0.0,2.0,0.0,1.0,0.0,0.0,0.0,0.0,0.0,0.0,0.0,1.0,0.0,0.0,0.0,0.0,0.0,0.0,0.0,0.0,0.0,0.0,0.0,0.0,0.0,0.0,0.0,0.0,0.0,0.0,0.0,0.0,0.0,0.0,0.0,0.0,0.0,0.0,0.0,0.0,0.0,0.0,1.0,0.0
GRÓDECKI,0.0,0.0,0.0,0.0,0.0,0.0,0.0,0.0,0.0,0.0,0.0,0.0,0.0,0.0,0.0,0.0,0.0,0.0,0.0,0.0,0.0,0.0,0.0,0.0,0.0,0.0,0.0,0.0,0.0,0.0,0.0,0.0,0.0,0.0,0.0,0.0,0.0,0.0,0.0,0.0,0.0,0.0,0.0,0.0,0.0,0.0,0.0,0.0,0.0,0.0,0.0,0.0,0.0,0.0,0.0,0.0,0.0,0.0,0.0,0.0,0.0,0.0,0.0,0.0,0.0,0.0,0.0,0.0,0.0,0.0,0.0,0.0,0.0,0.0,0.0,0.0,0.0,0.0,0.0,0.0,0.0
JAROSŁAWSKI,12.0,0.0,11.0,0.0,1.0,0.0,0.0,1.0,0.0,0.0,0.0,0.0,0.0,10.0,0.0,0.0,0.0,0.0,2.0,0.0,0.0,0.0,0.0,0.0,0.0,0.0,0.0,0.0,0.0,0.0,2.0,7.0,6.0,0.0,1.0,0.0,0.0,0.0,1.0,0.0,1.0,0.0,0.0,0.0,0.0,0.0,0.0,0.0,0.0,0.0,0.0,0.0,0.0,0.0,0.0,0.0,0.0,0.0,0.0,0.0,0.0,0.0,0.0,0.0,0.0,0.0,0.0,0.0,0.0,0.0,0.0,0.0,0.0,0.0,0.0,0.0,0.0,0.0,1.0,0.0,0.0
JAWOROWSKI,6.0,0.0,6.0,0.0,2.0,0.0,0.0,0.0,1.0,1.0,0.0,0.0,0.0,4.0,0.0,0.0,0.0,0.0,0.0,0.0,0.0,0.0,0.0,0.0,0.0,0.0,0.0,0.0,0.0,0.0,0.0,0.0,0.0,0.0,0.0,0.0,0.0,0.0,3.0,0.0,3.0,0.0,0.0,0.0,0.0,0.0,0.0,0.0,0.0,0.0,0.0,0.0,0.0,0.0,0.0,0.0,0.0,0.0,0.0,0.0,1.0,0.0,0.0,0.0,0.0,0.0,0.0,0.0,0.0,0.0,0.0,0.0,0.0,0.0,0.0,0.0,0.0,0.0,0.0,0.0,0.0
KOLBUSZOWSKI,134.0,1.0,132.0,1.0,51.0,10.0,0.0,0.0,25.0,0.0,8.0,0.0,0.0,81.0,0.0,0.0,0.0,0.0,15.0,0.0,0.0,3.0,0.0,8.0,0.0,0.0,1.0,0.0,0.0,0.0,3.0,54.0,12.0,9.0,9.0,5.0,13.0,6.0,8.0,0.0,8.0,0.0,0.0,0.0,0.0,0.0,0.0,0.0,0.0,0.0,0.0,0.0,0.0,0.0,0.0,0.0,0.0,3.0,0.0,0.0,1.0,0.0,0.0,0.0,0.0,0.0,0.0,0.0,0.0,0.0,0.0,2.0,2.0,0.0,0.0,0.0,0.0,0.0,0.0,0.0,0.0
KROŚNIEŃSKI,21.0,0.0,18.0,0.0,1.0,0.0,0.0,0.0,0.0,0.0,1.0,0.0,0.0,17.0,2.0,0.0,0.0,2.0,8.0,0.0,0.0,0.0,1.0,1.0,0.0,1.0,0.0,0.0,0.0,0.0,5.0,1.0,1.0,0.0,0.0,0.0,0.0,0.0,0.0,0.0,0.0,0.0,0.0,0.0,0.0,0.0,0.0,0.0,0.0,0.0,0.0,0.0,0.0,0.0,0.0,0.0,0.0,4.0,0.0,0.0,2.0,1.0,1.0,0.0,0.0,0.0,0.0,0.0,0.0,0.0,0.0,2.0,2.0,0.0,0.0,0.0,0.0,0.0,0.0,0.0,0.0
LESKI,0.0,0.0,0.0,0.0,0.0,0.0,0.0,0.0,0.0,0.0,0.0,0.0,0.0,0.0,0.0,0.0,0.0,0.0,0.0,0.0,0.0,0.0,0.0,0.0,0.0,0.0,0.0,0.0,0.0,0.0,0.0,0.0,0.0,0.0,0.0,0.0,0.0,0.0,0.0,0.0,0.0,0.0,0.0,0.0,0.0,0.0,0.0,0.0,0.0,0.0,0.0,0.0,0.0,0.0,0.0,0.0,0.0,0.0,0.0,0.0,0.0,0.0,0.0,0.0,0.0,0.0,0.0,0.0,0.0,0.0,0.0,0.0,0.0,0.0,0.0,0.0,0.0,0.0,0.0,0.0,0.0
LWOWSKI,4.0,0.0,4.0,0.0,4.0,0.0,0.0,0.0,4.0,0.0,0.0,0.0,0.0,0.0,0.0,0.0,0.0,0.0,0.0,0.0,0.0,0.0,0.0,0.0,0.0,0.0,0.0,0.0,0.0,0.0,0.0,0.0,0.0,0.0,0.0,0.0,0.0,0.0,0.0,0.0,0.0,0.0,0.0,0.0,0.0,0.0,0.0,0.0,0.0,0.0,0.0,0.0,0.0,0.0,0.0,0.0,0.0,0.0,0.0,0.0,0.0,0.0,0.0,0.0,0.0,0.0,0.0,0.0,0.0,0.0,0.0,0.0,0.0,0.0,0.0,0.0,0.0,0.0,0.0,0.0,0.0
LWÓW (MIASTO),71.0,0.0,65.0,0.0,13.0,0.0,0.0,1.0,8.0,0.0,0.0,0.0,3.0,52.0,1.0,0.0,0.0,1.0,4.0,0.0,0.0,0.0,0.0,0.0,0.0,0.0,1.0,0.0,0.0,0.0,3.0,33.0,20.0,2.0,11.0,0.0,0.0,0.0,8.0,0.0,1.0,0.0,1.0,0.0,0.0,1.0,0.0,0.0,0.0,0.0,0.0,0.0,0.0,0.0,0.0,0.0,0.0,0.0,0.0,0.0,5.0,0.0,0.0,0.0,0.0,0.0,0.0,2.0,0.0,2.0,0.0,1.0,1.0,1.0,0.0,0.0,0.0,0.0,2.0,9.0,0.0
ŁAŃCUCKI,10.0,0.0,7.0,0.0,1.0,0.0,0.0,0.0,1.0,0.0,0.0,0.0,0.0,6.0,0.0,0.0,0.0,0.0,1.0,0.0,0.0,0.0,0.0,0.0,0.0,0.0,0.0,0.0,0.0,0.0,1.0,2.0,0.0,1.0,0.0,1.0,0.0,0.0,3.0,1.0,0.0,1.0,0.0,0.0,0.0,0.0,0.0,0.0,0.0,0.0,0.0,0.0,0.0,0.0,0.0,0.0,0.0,0.0,0.0,0.0,0.0,0.0,0.0,0.0,0.0,0.0,0.0,0.0,0.0,0.0,0.0,0.0,0.0,2.0,1.0,0.0,0.0,0.0,1.0,0.0,0.0
MOŚCISKI,10.0,0.0,8.0,0.0,7.0,1.0,1.0,0.0,5.0,0.0,0.0,0.0,0.0,1.0,0.0,0.0,0.0,0.0,0.0,0.0,0.0,0.0,0.0,0.0,0.0,0.0,0.0,0.0,0.0,0.0,0.0,1.0,1.0,0.0,0.0,0.0,0.0,0.0,0.0,0.0,0.0,0.0,0.0,0.0,0.0,0.0,0.0,0.0,0.0,0.0,0.0,0.0,0.0,0.0,0.0,0.0,0.0,0.0,0.0,0.0,0.0,0.0,0.0,0.0,0.0,0.0,0.0,0.0,0.0,0.0,0.0,0.0,0.0,2.0,0.0,0.0,0.0,0.0,0.0,1.0,0.0
NIŻAŃSKI,1.0,0.0,0.0,0.0,0.0,0.0,0.0,0.0,0.0,0.0,0.0,0.0,0.0,0.0,0.0,0.0,0.0,0.0,0.0,0.0,0.0,0.0,0.0,0.0,0.0,0.0,0.0,0.0,0.0,0.0,0.0,0.0,0.0,0.0,0.0,0.0,0.0,0.0,0.0,0.0,0.0,0.0,0.0,0.0,0.0,0.0,0.0,0.0,0.0,0.0,0.0,0.0,0.0,0.0,0.0,0.0,0.0,0.0,0.0,0.0,0.0,0.0,0.0,0.0,0.0,0.0,0.0,0.0,0.0,0.0,0.0,1.0,1.0,0.0,0.0,0.0,0.0,0.0,0.0,0.0,0.0
PRZEMYSKI,15.0,0.0,11.0,0.0,0.0,0.0,0.0,0.0,0.0,0.0,0.0,0.0,0.0,11.0,0.0,0.0,0.0,0.0,3.0,0.0,0.0,0.0,0.0,0.0,0.0,0.0,1.0,0.0,0.0,0.0,2.0,4.0,4.0,0.0,0.0,0.0,0.0,0.0,0.0,0.0,0.0,0.0,0.0,0.0,0.0,0.0,0.0,0.0,0.0,0.0,0.0,0.0,0.0,0.0,0.0,0.0,0.0,0.0,0.0,0.0,4.0,0.0,0.0,0.0,0.0,0.0,0.0,0.0,0.0,0.0,0.0,0.0,0.0,2.0,0.0,0.0,0.0,0.0,2.0,2.0,0.0
PRZEWORSKI,6.0,1.0,5.0,0.0,1.0,0.0,0.0,0.0,1.0,0.0,0.0,0.0,0.0,4.0,0.0,0.0,0.0,0.0,3.0,0.0,0.0,0.0,0.0,0.0,0.0,1.0,0.0,0.0,0.0,0.0,2.0,0.0,0.0,0.0,0.0,0.0,0.0,0.0,1.0,0.0,0.0,0.0,0.0,0.0,0.0,0.0,0.0,0.0,0.0,0.0,0.0,0.0,0.0,0.0,0.0,0.0,0.0,0.0,0.0,0.0,0.0,0.0,0.0,0.0,0.0,0.0,0.0,0.0,0.0,0.0,0.0,1.0,0.0,0.0,0.0,0.0,0.0,0.0,0.0,0.0,0.0
RAWSKI (RAWA RUSKA),5.0,0.0,5.0,0.0,1.0,0.0,0.0,0.0,1.0,0.0,0.0,0.0,0.0,4.0,0.0,0.0,0.0,0.0,1.0,0.0,0.0,0.0,0.0,0.0,0.0,0.0,0.0,0.0,0.0,0.0,1.0,1.0,0.0,0.0,0.0,0.0,0.0,1.0,1.0,0.0,1.0,0.0,0.0,0.0,0.0,0.0,0.0,0.0,0.0,0.0,0.0,0.0,0.0,0.0,0.0,0.0,0.0,0.0,0.0,0.0,1.0,0.0,0.0,0.0,0.0,0.0,0.0,0.0,0.0,0.0,0.0,0.0,0.0,0.0,0.0,0.0,0.0,0.0,0.0,0.0,0.0
RUDECKI,1.0,0.0,1.0,0.0,0.0,0.0,0.0,0.0,0.0,0.0,0.0,0.0,0.0,1.0,0.0,0.0,0.0,0.0,0.0,0.0,0.0,0.0,0.0,0.0,0.0,0.0,0.0,0.0,0.0,0.0,0.0,1.0,0.0,0.0,1.0,0.0,0.0,0.0,0.0,0.0,0.0,0.0,0.0,0.0,0.0,0.0,0.0,0.0,0.0,0.0,0.0,0.0,0.0,0.0,0.0,0.0,0.0,0.0,0.0,0.0,0.0,0.0,0.0,0.0,0.0,0.0,0.0,0.0,0.0,0.0,0.0,0.0,0.0,0.0,0.0,0.0,0.0,0.0,0.0,0.0,0.0
RZESZOWSKI,38.0,1.0,37.0,1.0,5.0,0.0,1.0,0.0,2.0,0.0,2.0,0.0,0.0,32.0,4.0,0.0,1.0,3.0,13.0,0.0,0.0,1.0,0.0,8.0,0.0,0.0,1.0,0.0,0.0,0.0,3.0,6.0,1.0,1.0,1.0,1.0,2.0,0.0,3.0,0.0,1.0,1.0,0.0,0.0,0.0,0.0,0.0,0.0,0.0,0.0,0.0,1.0,0.0,0.0,0.0,0.0,0.0,4.0,0.0,0.0,1.0,0.0,0.0,0.0,0.0,0.0,0.0,0.0,0.0,0.0,0.0,1.0,1.0,0.0,0.0,0.0,0.0,0.0,0.0,1.0,0.0
SAMBORSKI,10.0,0.0,9.0,0.0,1.0,0.0,0.0,1.0,0.0,0.0,0.0,0.0,0.0,8.0,0.0,0.0,0.0,0.0,1.0,0.0,0.0,0.0,0.0,0.0,1.0,0.0,0.0,0.0,0.0,0.0,0.0,0.0,0.0,0.0,0.0,0.0,0.0,0.0,5.0,5.0,0.0,0.0,1.0,0.0,0.0,1.0,0.0,0.0,0.0,0.0,0.0,0.0,0.0,0.0,0.0,0.0,0.0,0.0,0.0,0.0,1.0,0.0,0.0,0.0,0.0,0.0,0.0,0.0,0.0,0.0,0.0,0.0,0.0,0.0,0.0,0.0,0.0,0.0,1.0,0.0,0.0
SANOCKI,6.0,0.0,4.0,0.0,0.0,0.0,0.0,0.0,0.0,0.0,0.0,0.0,0.0,4.0,0.0,0.0,0.0,0.0,1.0,0.0,0.0,0.0,0.0,0.0,0.0,0.0,0.0,0.0,0.0,0.0,1.0,1.0,0.0,0.0,0.0,0.0,1.0,0.0,2.0,0.0,0.0,0.0,0.0,0.0,0.0,0.0,0.0,0.0,0.0,0.0,0.0,0.0,0.0,0.0,0.0,0.0,0.0,0.0,0.0,0.0,0.0,1.0,0.0,1.0,0.0,0.0,0.0,0.0,0.0,0.0,0.0,0.0,0.0,0.0,0.0,0.0,0.0,0.0,1.0,0.0,0.0
SOKALSKI,54.0,0.0,54.0,0.0,19.0,0.0,0.0,0.0,3.0,0.0,2.0,1.0,9.0,35.0,2.0,0.0,0.0,2.0,4.0,0.0,0.0,0.0,0.0,0.0,1.0,0.0,0.0,1.0,0.0,0.0,2.0,22.0,8.0,8.0,1.0,0.0,3.0,2.0,6.0,0.0,0.0,0.0,0.0,0.0,0.0,0.0,0.0,0.0,0.0,0.0,0.0,1.0,1.0,0.0,0.0,0.0,0.0,0.0,0.0,0.0,0.0,0.0,0.0,0.0,0.0,0.0,0.0,0.0,0.0,0.0,0.0,0.0,0.0,0.0,0.0,0.0,0.0,0.0,0.0,1.0,0.0
TARNOBRZESKI,10.0,0.0,9.0,0.0,3.0,0.0,0.0,0.0,3.0,0.0,0.0,0.0,0.0,6.0,0.0,0.0,0.0,0.0,2.0,0.0,0.0,0.0,0.0,0.0,0.0,1.0,0.0,0.0,0.0,0.0,1.0,0.0,0.0,0.0,0.0,0.0,0.0,0.0,2.0,0.0,2.0,0.0,0.0,0.0,0.0,0.0,0.0,0.0,0.0,0.0,0.0,1.0,0.0,1.0,0.0,0.0,0.0,0.0,0.0,0.0,1.0,0.0,0.0,0.0,0.0,0.0,0.0,0.0,0.0,0.0,0.0,0.0,0.0,1.0,0.0,0.0,0.0,0.0,0.0,0.0,0.0
ŻÓŁKIEWSKI,6.0,0.0,6.0,0.0,0.0,0.0,0.0,0.0,0.0,0.0,0.0,0.0,0.0,6.0,1.0,0.0,0.0,0.0,3.0,0.0,0.0,0.0,0.0,0.0,0.0,1.0,0.0,0.0,0.0,0.0,2.0,1.0,0.0,1.0,0.0,0.0,0.0,0.0,0.0,0.0,0.0,0.0,0.0,0.0,0.0,0.0,0.0,0.0,0.0,0.0,0.0,0.0,0.0,0.0,0.0,0.0,0.0,0.0,0.0,0.0,1.0,0.0,0.0,0.0,0.0,0.0,0.0,0.0,0.0,0.0,0.0,0.0,0.0,0.0,0.0,0.0,0.0,0.0,0.0,0.0,0.0
LUBACZOWSKI,5.0,0.0,5.0,0.0,5.0,0.0,0.0,2.0,0.0,0.0,0.0,1.0,1.0,0.0,0.0,0.0,0.0,0.0,0.0,0.0,0.0,0.0,0.0,0.0,0.0,0.0,0.0,0.0,0.0,0.0,0.0,0.0,0.0,0.0,0.0,0.0,0.0,0.0,0.0,0.0,0.0,0.0,0.0,0.0,0.0,0.0,0.0,0.0,0.0,0.0,0.0,0.0,0.0,0.0,0.0,0.0,0.0,0.0,0.0,0.0,0.0,0.0,0.0,0.0,0.0,0.0,0.0,0.0,0.0,0.0,0.0,0.0,0.0,0.0,0.0,0.0,0.0,0.0,0.0,0.0,0.0
TURCZAŃSKI,4.0,0.0,4.0,0.0,0.0,0.0,0.0,0.0,0.0,0.0,0.0,0.0,0.0,4.0,0.0,0.0,0.0,0.0,1.0,0.0,0.0,0.0,0.0,0.0,0.0,0.0,0.0,0.0,0.0,0.0,1.0,2.0,1.0,0.0,1.0,0.0,0.0,0.0,0.0,0.0,0.0,0.0,0.0,0.0,0.0,0.0,0.0,0.0,0.0,0.0,0.0,0.0,0.0,0.0,0.0,0.0,0.0,0.0,0.0,0.0,1.0,0.0,0.0,0.0,0.0,0.0,0.0,0.0,0.0,0.0,0.0,0.0,0.0,0.0,0.0,0.0,0.0,0.0,0.0,0.0,0.0
BRZEZIŃSKI,333.0,1.0,326.0,1.0,21.0,0.0,0.0,0.0,17.0,0.0,3.0,0.0,0.0,305.0,2.0,0.0,0.0,2.0,75.0,0.0,0.0,18.0,2.0,14.0,5.0,3.0,2.0,0.0,0.0,0.0,31.0,191.0,33.0,34.0,83.0,4.0,33.0,4.0,24.0,2.0,14.0,1.0,3.0,0.0,0.0,2.0,1.0,0.0,0.0,0.0,0.0,3.0,1.0,1.0,0.0,0.0,0.0,2.0,1.0,1.0,5.0,2.0,2.0,0.0,0.0,0.0,0.0,1.0,0.0,1.0,0.0,2.0,2.0,1.0,0.0,0.0,0.0,0.0,1.0,9.0,0.0
ŁASKI,262.0,0.0,260.0,0.0,39.0,1.0,1.0,0.0,21.0,1.0,12.0,0.0,0.0,221.0,0.0,0.0,0.0,0.0,39.0,0.0,0.0,6.0,0.0,3.0,0.0,11.0,2.0,0.0,0.0,0.0,17.0,142.0,22.0,41.0,29.0,4.0,35.0,11.0,18.0,3.0,11.0,0.0,7.0,0.0,0.0,7.0,0.0,0.0,0.0,0.0,0.0,0.0,0.0,0.0,0.0,0.0,0.0,1.0,1.0,0.0,14.0,0.0,0.0,0.0,0.0,0.0,0.0,0.0,0.0,0.0,0.0,0.0,0.0,0.0,0.0,0.0,0.0,0.0,2.0,3.0,0.0
ŁĘCZYCKI,74.0,1.0,70.0,0.0,14.0,0.0,0.0,0.0,10.0,0.0,4.0,0.0,0.0,56.0,0.0,0.0,0.0,0.0,6.0,0.0,0.0,3.0,0.0,2.0,0.0,0.0,1.0,0.0,0.0,0.0,0.0,45.0,11.0,6.0,19.0,1.0,5.0,3.0,3.0,0.0,2.0,1.0,0.0,0.0,0.0,0.0,0.0,0.0,0.0,0.0,0.0,1.0,0.0,0.0,0.0,0.0,0.0,0.0,0.0,0.0,1.0,0.0,0.0,0.0,0.0,0.0,0.0,0.0,0.0,0.0,0.0,4.0,4.0,0.0,0.0,0.0,0.0,0.0,0.0,0.0,0.0
ŁÓDZKI,122.0,1.0,120.0,1.0,15.0,0.0,0.0,0.0,13.0,0.0,2.0,0.0,0.0,105.0,1.0,0.0,0.0,1.0,27.0,0.0,0.0,11.0,2.0,5.0,0.0,2.0,1.0,0.0,0.0,0.0,6.0,70.0,31.0,16.0,17.0,3.0,3.0,0.0,4.0,0.0,3.0,0.0,0.0,0.0,0.0,0.0,0.0,0.0,0.0,0.0,0.0,0.0,0.0,0.0,0.0,0.0,0.0,0.0,0.0,0.0,3.0,0.0,0.0,0.0,0.0,0.0,0.0,0.0,0.0,0.0,0.0,0.0,0.0,0.0,0.0,0.0,0.0,0.0,2.0,2.0,0.0
ŁÓDŹ (MIASTO),772.0,7.0,754.0,3.0,20.0,1.0,0.0,0.0,12.0,1.0,4.0,1.0,0.0,734.0,3.0,0.0,0.0,2.0,59.0,0.0,0.0,4.0,14.0,4.0,9.0,12.0,5.0,0.0,0.0,0.0,11.0,592.0,376.0,54.0,139.0,7.0,10.0,3.0,38.0,1.0,19.0,6.0,9.0,0.0,0.0,3.0,1.0,4.0,1.0,1.0,0.0,5.0,0.0,1.0,2.0,0.0,0.0,2.0,0.0,1.0,21.0,0.0,0.0,0.0,0.0,0.0,0.0,0.0,0.0,0.0,0.0,7.0,6.0,6.0,0.0,0.0,0.0,0.0,5.0,90.0,0.0
PIOTRKOWSKI,272.0,0.0,264.0,0.0,45.0,7.0,0.0,0.0,26.0,0.0,11.0,0.0,0.0,219.0,2.0,0.0,0.0,2.0,29.0,0.0,0.0,6.0,1.0,10.0,0.0,0.0,0.0,0.0,0.0,0.0,12.0,157.0,70.0,35.0,30.0,6.0,13.0,3.0,13.0,3.0,4.0,1.0,1.0,0.0,0.0,1.0,0.0,0.0,0.0,0.0,0.0,4.0,0.0,3.0,1.0,0.0,0.0,10.0,9.0,0.0,3.0,0.0,0.0,0.0,0.0,0.0,0.0,0.0,0.0,0.0,0.0,6.0,4.0,2.0,0.0,0.0,0.0,0.0,0.0,1.0,0.0
RADOMSZCZAŃSKI,232.0,0.0,225.0,0.0,35.0,3.0,0.0,0.0,19.0,0.0,10.0,0.0,0.0,190.0,0.0,0.0,0.0,0.0,27.0,0.0,0.0,8.0,0.0,5.0,0.0,6.0,2.0,0.0,0.0,0.0,6.0,125.0,50.0,15.0,18.0,6.0,27.0,9.0,15.0,2.0,9.0,1.0,4.0,0.0,0.0,4.0,0.0,0.0,0.0,0.0,0.0,4.0,1.0,1.0,0.0,0.0,0.0,5.0,5.0,0.0,10.0,0.0,0.0,0.0,0.0,0.0,0.0,0.0,0.0,0.0,0.0,2.0,2.0,1.0,0.0,0.0,0.0,0.0,4.0,0.0,0.0
SIERADZKI,634.8164477540732,1.9948622655704942,624.7305488403962,0.9974311327852471,45.62806335558909,1.0123196719050038,5.026858434912254,0.014888539119756782,18.30453771196136,0.004962846373252261,20.157882398320673,0.9974311327852471,0.019851385493009042,579.1024854848071,16.007887118106446,0.0,4.987155663926235,4.996441886482712,54.080772436059526,0.9974311327852471,0.0,14.976355530898463,1.0116802017149757,6.986980775869982,1.9948622655704942,9.016582966053242,5.006367579229217,0.0,0.0,0.0,14.090511983937905,439.76104781980706,173.6476207083145,79.58651351287985,90.88321814378997,15.084745765773013,65.4028056634811,15.15614402556863,31.11105241384544,10.020742440634852,16.074016701234868,0.004962846373252261,11.044906215856445,0.0,0.004962846373252261,7.0303674528491955,4.004613070260745,0.004962846373252261,0.0,0.0,0.0,4.013259822627193,0.0,1.0017545089684712,0.0,0.0,0.0,13.96899870536671,3.9897245311409884,9.97431132785247,9.10959810676498,0.0341004544227377,0.0341004544227377,0.0,0.0,0.0,0.9974311327852471,0.0,0.0,0.0,0.0,2.0196764974367554,2.0196764974367554,0.024814231866261305,0.0,0.0,0.0,0.0,7.0098765971661585,1.0867623675037879,0.0
WIELUŃSKI,257.0,0.0,252.0,0.0,42.0,1.0,1.0,0.0,16.0,0.0,17.0,0.0,0.0,210.0,3.0,0.0,1.0,1.0,66.0,0.0,1.0,5.0,2.0,4.0,0.0,22.0,1.0,0.0,0.0,5.0,26.0,109.0,23.0,9.0,43.0,3.0,20.0,11.0,15.0,3.0,5.0,5.0,2.0,0.0,0.0,2.0,0.0,0.0,0.0,0.0,0.0,1.0,0.0,0.0,0.0,0.0,0.0,7.0,4.0,0.0,7.0,1.0,1.0,0.0,0.0,0.0,0.0,2.0,2.0,0.0,0.0,2.0,1.0,0.0,0.0,0.0,0.0,0.0,0.0,0.0,0.0
POŁUDNIOWO-WARSZAWSKI,0.0,0.0,0.0,0.0,0.0,0.0,0.0,0.0,0.0,0.0,0.0,0.0,0.0,0.0,0.0,0.0,0.0,0.0,0.0,0.0,0.0,0.0,0.0,0.0,0.0,0.0,0.0,0.0,0.0,0.0,0.0,0.0,0.0,0.0,0.0,0.0,0.0,0.0,0.0,0.0,0.0,0.0,0.0,0.0,0.0,0.0,0.0,0.0,0.0,0.0,0.0,0.0,0.0,0.0,0.0,0.0,0.0,0.0,0.0,0.0,0.0,0.0,0.0,0.0,0.0,0.0,0.0,0.0,0.0,0.0,0.0,0.0,0.0,0.0,0.0,0.0,0.0,0.0,0.0,0.0,0.0
PÓŁNOCNO-WARSZAWSKI,0.0,0.0,0.0,0.0,0.0,0.0,0.0,0.0,0.0,0.0,0.0,0.0,0.0,0.0,0.0,0.0,0.0,0.0,0.0,0.0,0.0,0.0,0.0,0.0,0.0,0.0,0.0,0.0,0.0,0.0,0.0,0.0,0.0,0.0,0.0,0.0,0.0,0.0,0.0,0.0,0.0,0.0,0.0,0.0,0.0,0.0,0.0,0.0,0.0,0.0,0.0,0.0,0.0,0.0,0.0,0.0,0.0,0.0,0.0,0.0,0.0,0.0,0.0,0.0,0.0,0.0,0.0,0.0,0.0,0.0,0.0,0.0,0.0,0.0,0.0,0.0,0.0,0.0,0.0,0.0,0.0
PRASKO-WARSZAWSKI,0.0,0.0,0.0,0.0,0.0,0.0,0.0,0.0,0.0,0.0,0.0,0.0,0.0,0.0,0.0,0.0,0.0,0.0,0.0,0.0,0.0,0.0,0.0,0.0,0.0,0.0,0.0,0.0,0.0,0.0,0.0,0.0,0.0,0.0,0.0,0.0,0.0,0.0,0.0,0.0,0.0,0.0,0.0,0.0,0.0,0.0,0.0,0.0,0.0,0.0,0.0,0.0,0.0,0.0,0.0,0.0,0.0,0.0,0.0,0.0,0.0,0.0,0.0,0.0,0.0,0.0,0.0,0.0,0.0,0.0,0.0,0.0,0.0,0.0,0.0,0.0,0.0,0.0,0.0,0.0,0.0
ŚRÓDMIEJSKO-WARSZAWSKI,234.0,8.0,200.0,8.0,29.0,0.0,2.0,0.0,3.0,1.0,16.0,0.0,1.0,171.0,1.0,0.0,0.0,0.0,22.0,0.0,0.0,0.0,0.0,2.0,0.0,1.0,8.0,0.0,0.0,0.0,11.0,115.0,33.0,11.0,66.0,3.0,0.0,2.0,10.0,1.0,1.0,5.0,0.0,0.0,0.0,0.0,0.0,2.0,0.0,0.0,0.0,7.0,0.0,0.0,0.0,5.0,0.0,0.0,0.0,0.0,14.0,26.0,26.0,0.0,0.0,0.0,0.0,0.0,0.0,0.0,0.0,2.0,1.0,4.0,0.0,0.0,0.0,0.0,2.0,93.0,0.0
BARANOWICKI,156.0,0.0,155.0,0.0,90.0,1.0,1.0,5.0,8.0,0.0,0.0,0.0,13.0,65.0,5.0,0.0,0.0,4.0,25.0,0.0,0.0,3.0,0.0,1.0,2.0,8.0,2.0,0.0,0.0,0.0,9.0,24.0,1.0,7.0,12.0,3.0,0.0,1.0,4.0,0.0,1.0,3.0,2.0,0.0,0.0,1.0,1.0,0.0,0.0,0.0,0.0,1.0,0.0,1.0,0.0,0.0,0.0,1.0,0.0,0.0,3.0,0.0,0.0,0.0,0.0,0.0,0.0,0.0,0.0,0.0,0.0,0.0,0.0,0.0,0.0,0.0,0.0,0.0,1.0,2.0,0.0
LIDZKI,263.0,1.0,254.0,1.0,91.0,2.0,0.0,24.0,8.0,1.0,2.0,0.0,2.0,163.0,0.0,0.0,0.0,0.0,97.0,0.0,0.0,11.0,0.0,31.0,0.0,0.0,2.0,0.0,0.0,0.0,53.0,42.0,14.0,4.0,16.0,2.0,1.0,5.0,12.0,0.0,0.0,9.0,0.0,0.0,0.0,0.0,0.0,1.0,1.0,0.0,1.0,2.0,0.0,0.0,2.0,0.0,0.0,2.0,0.0,0.0,6.0,2.0,1.0,0.0,0.0,0.0,0.0,0.0,0.0,0.0,0.0,1.0,1.0,5.0,0.0,0.0,0.0,0.0,1.0,1.0,0.0
NIEŚWIESKI,176.0,1.0,171.0,1.0,94.0,29.0,0.0,0.0,6.0,3.0,3.0,12.0,7.0,77.0,1.0,0.0,0.0,1.0,59.0,0.0,0.0,2.0,0.0,4.0,8.0,14.0,4.0,0.0,0.0,0.0,27.0,11.0,0.0,1.0,3.0,1.0,2.0,4.0,2.0,0.0,2.0,0.0,0.0,0.0,0.0,0.0,0.0,0.0,0.0,0.0,0.0,1.0,0.0,0.0,1.0,0.0,0.0,0.0,0.0,0.0,3.0,0.0,0.0,0.0,0.0,0.0,0.0,0.0,0.0,0.0,0.0,3.0,2.0,0.0,0.0,0.0,0.0,0.0,2.0,1.0,0.0
NOWOGRÓDZKI,176.0,2.0,164.0,1.0,83.0,6.0,0.0,3.0,3.0,0.0,1.0,19.0,3.0,81.0,12.0,0.0,0.0,4.0,27.0,0.0,0.0,2.0,0.0,4.0,0.0,7.0,3.0,0.0,0.0,0.0,11.0,26.0,1.0,2.0,10.0,1.0,4.0,8.0,11.0,0.0,6.0,4.0,1.0,0.0,0.0,0.0,0.0,0.0,2.0,1.0,1.0,1.0,0.0,1.0,0.0,0.0,0.0,0.0,0.0,0.0,1.0,0.0,0.0,0.0,0.0,0.0,0.0,2.0,1.0,0.0,0.0,5.0,5.0,5.0,0.0,0.0,0.0,0.0,0.0,3.0,0.0
SŁONIMSKI,56.0,0.0,53.0,0.0,11.0,0.0,0.0,1.0,2.0,0.0,0.0,0.0,0.0,42.0,0.0,0.0,0.0,0.0,21.0,0.0,0.0,0.0,0.0,3.0,1.0,5.0,0.0,0.0,0.0,0.0,12.0,17.0,8.0,3.0,1.0,0.0,3.0,2.0,2.0,0.0,2.0,0.0,0.0,0.0,0.0,0.0,0.0,0.0,0.0,0.0,0.0,1.0,0.0,0.0,0.0,0.0,0.0,0.0,0.0,0.0,1.0,0.0,0.0,0.0,0.0,0.0,0.0,0.0,0.0,0.0,0.0,2.0,2.0,0.0,0.0,0.0,0.0,0.0,1.0,0.0,0.0
STOŁPECKI,129.0,0.0,128.0,0.0,26.0,0.0,0.0,0.0,9.0,0.0,3.0,2.0,5.0,102.0,8.0,0.0,0.0,0.0,63.0,1.0,0.0,0.0,0.0,38.0,0.0,12.0,5.0,0.0,0.0,0.0,7.0,22.0,4.0,0.0,10.0,0.0,0.0,8.0,3.0,0.0,2.0,0.0,2.0,0.0,0.0,1.0,1.0,0.0,0.0,0.0,0.0,1.0,0.0,0.0,0.0,0.0,0.0,0.0,0.0,0.0,3.0,0.0,0.0,0.0,0.0,0.0,0.0,0.0,0.0,0.0,0.0,0.0,0.0,0.0,0.0,0.0,0.0,0.0,1.0,0.0,0.0
WOŁOŻYŃSKI,133.0,0.0,128.0,0.0,56.0,0.0,0.0,4.0,0.0,0.0,0.0,0.0,0.0,72.0,1.0,0.0,1.0,0.0,32.0,0.0,0.0,1.0,0.0,6.0,1.0,5.0,3.0,0.0,0.0,0.0,16.0,18.0,1.0,0.0,7.0,0.0,1.0,9.0,9.0,0.0,0.0,7.0,7.0,0.0,0.0,0.0,0.0,0.0,0.0,0.0,0.0,1.0,0.0,1.0,0.0,0.0,0.0,0.0,0.0,0.0,4.0,0.0,0.0,0.0,0.0,0.0,0.0,0.0,0.0,0.0,0.0,3.0,0.0,1.0,0.0,0.0,0.0,0.0,1.0,0.0,0.0
SZCZUCZYŃSKI (WOJ. NOWOGRÓDZKIE),185.0,0.0,182.0,0.0,73.0,1.0,0.0,8.0,3.0,0.0,10.0,1.0,1.0,109.0,0.0,0.0,0.0,0.0,41.0,0.0,0.0,7.0,0.0,24.0,0.0,8.0,0.0,0.0,0.0,0.0,2.0,45.0,6.0,7.0,7.0,4.0,7.0,14.0,12.0,0.0,5.0,7.0,2.0,0.0,0.0,2.0,0.0,0.0,0.0,0.0,0.0,3.0,0.0,0.0,3.0,0.0,0.0,0.0,0.0,0.0,6.0,1.0,1.0,0.0,0.0,0.0,0.0,0.0,0.0,0.0,0.0,1.0,1.0,1.0,0.0,0.0,0.0,0.0,0.0,2.0,0.0
BRZESKI (BRZEŚĆ N.BUG.),88.0,2.0,84.0,1.0,31.0,2.0,1.0,5.0,9.0,0.0,3.0,2.0,1.0,53.0,0.0,0.0,0.0,0.0,31.0,0.0,0.0,4.0,1.0,7.0,1.0,1.0,2.0,0.0,0.0,0.0,15.0,12.0,3.0,2.0,3.0,1.0,1.0,2.0,7.0,1.0,2.0,0.0,0.0,0.0,0.0,0.0,0.0,0.0,0.0,0.0,0.0,0.0,0.0,0.0,0.0,0.0,0.0,0.0,0.0,0.0,3.0,2.0,1.0,0.0,0.0,0.0,0.0,0.0,0.0,0.0,0.0,0.0,0.0,0.0,0.0,0.0,0.0,0.0,2.0,7.0,0.0
DROHICKI,84.0,0.0,84.0,0.0,32.0,3.0,0.0,3.0,9.0,0.0,1.0,4.0,6.0,52.0,1.0,0.0,0.0,0.0,26.0,0.0,0.0,3.0,0.0,0.0,0.0,12.0,0.0,0.0,0.0,0.0,11.0,18.0,9.0,5.0,3.0,0.0,1.0,0.0,2.0,0.0,2.0,0.0,0.0,0.0,0.0,0.0,0.0,3.0,0.0,0.0,0.0,2.0,0.0,0.0,0.0,0.0,0.0,0.0,0.0,0.0,0.0,0.0,0.0,0.0,0.0,0.0,0.0,0.0,0.0,0.0,0.0,0.0,0.0,0.0,0.0,0.0,0.0,0.0,0.0,2.0,0.0
KOBRYŃSKI,53.0,2.0,51.0,2.0,24.0,0.0,0.0,0.0,5.0,0.0,0.0,13.0,4.0,27.0,0.0,0.0,0.0,0.0,5.0,0.0,0.0,1.0,0.0,1.0,0.0,1.0,0.0,0.0,0.0,0.0,2.0,13.0,4.0,4.0,5.0,0.0,0.0,0.0,1.0,0.0,1.0,0.0,0.0,0.0,0.0,0.0,0.0,0.0,0.0,0.0,0.0,3.0,0.0,0.0,0.0,0.0,0.0,0.0,0.0,0.0,5.0,0.0,0.0,0.0,0.0,0.0,0.0,0.0,0.0,0.0,0.0,1.0,1.0,0.0,0.0,0.0,0.0,0.0,1.0,0.0,0.0
KOSZYRSKI,57.0,0.0,57.0,0.0,33.0,3.0,0.0,4.0,8.0,1.0,2.0,11.0,3.0,24.0,0.0,0.0,0.0,0.0,10.0,0.0,0.0,1.0,0.0,3.0,0.0,3.0,0.0,0.0,0.0,0.0,3.0,12.0,6.0,2.0,0.0,0.0,1.0,2.0,0.0,0.0,0.0,0.0,0.0,0.0,0.0,0.0,0.0,0.0,0.0,0.0,0.0,0.0,0.0,0.0,0.0,0.0,0.0,0.0,0.0,0.0,2.0,0.0,0.0,0.0,0.0,0.0,0.0,0.0,0.0,0.0,0.0,0.0,0.0,0.0,0.0,0.0,0.0,0.0,0.0,0.0,0.0
ŁUNINIECKI,54.38144804213588,0.01114071001722485,54.33688520206698,0.01114071001722485,39.52361337080957,0.03342213005167455,2.0,13.211673490327271,7.167110650258373,0.01114071001722485,0.01114071001722485,14.02228142003445,1.011140710017225,14.813271831257413,1.011140710017225,0.0,0.0,0.0,6.38992485060287,0.0,0.0,0.0,0.0,1.011140710017225,0.01114071001722485,2.0,0.0,0.0,0.0,0.01114071001722485,3.356502720551195,5.300799170465071,2.0334221300516746,0.0891256801377988,0.05570355008612425,0.05570355008612425,1.0445628400688993,2.02228142003445,0.0,0.0,0.0,0.0,0.0,0.0,0.0,0.0,0.0,0.0,0.0,0.0,0.0,0.03342213005167455,0.0,0.0,0.0,0.0,0.0,1.011140710017225,0.0,0.0,1.0668442601033492,0.03342213005167455,0.01114071001722485,0.0,0.0,0.0,0.0,0.01114071001722485,0.0,0.0,0.0,0.0,0.0,0.0,0.0,0.0,0.0,0.0,0.0,0.03342213005167455,0.30079917046507093
PIŃSKI,122.61855195786413,0.9888592899827752,118.66311479793302,0.9888592899827752,46.476386629190436,2.9665778699483254,0.0,18.78832650967273,14.832889349741627,0.9888592899827752,0.9888592899827752,1.9777185799655503,0.9888592899827752,72.18672816874259,0.9888592899827752,0.0,0.0,0.0,34.61007514939713,0.0,0.0,0.0,0.0,0.9888592899827752,0.9888592899827752,0.0,0.0,0.0,0.0,0.9888592899827752,31.643497279448805,26.69920082953493,2.9665778699483254,7.910874319862201,4.9442964499138755,4.9442964499138755,3.9554371599311007,1.9777185799655503,0.0,0.0,0.0,0.0,0.0,0.0,0.0,0.0,0.0,0.0,0.0,0.0,0.0,2.9665778699483254,0.0,0.0,0.0,0.0,0.0,0.9888592899827752,0.0,0.0,5.933155739896651,2.9665778699483254,0.9888592899827752,0.0,0.0,0.0,0.0,0.9888592899827752,0.0,0.0,0.0,0.0,0.0,0.0,0.0,0.0,0.0,0.0,0.0,2.9665778699483254,26.69920082953493
PRUŻAŃSKI,98.0,2.0,96.0,2.0,45.0,5.0,0.0,1.0,0.0,0.0,1.0,9.0,0.0,51.0,0.0,0.0,0.0,0.0,34.0,0.0,0.0,1.0,0.0,3.0,2.0,12.0,0.0,0.0,0.0,0.0,16.0,10.0,4.0,0.0,5.0,1.0,0.0,0.0,4.0,0.0,4.0,0.0,1.0,0.0,0.0,0.0,0.0,0.0,0.0,0.0,0.0,1.0,0.0,0.0,0.0,0.0,0.0,0.0,0.0,0.0,1.0,0.0,0.0,0.0,0.0,0.0,0.0,0.0,0.0,0.0,0.0,2.0,2.0,0.0,0.0,0.0,0.0,0.0,0.0,1.0,0.0
STOLIŃSKI,171.0,0.0,169.0,0.0,39.0,0.0,0.0,7.0,16.0,0.0,0.0,1.0,0.0,130.0,20.0,0.0,1.0,0.0,29.0,0.0,0.0,1.0,0.0,0.0,0.0,7.0,0.0,0.0,0.0,0.0,21.0,36.0,2.0,1.0,5.0,2.0,21.0,4.0,5.0,0.0,4.0,0.0,1.0,0.0,0.0,1.0,0.0,0.0,0.0,0.0,0.0,9.0,0.0,0.0,0.0,0.0,0.0,1.0,1.0,0.0,29.0,0.0,0.0,0.0,0.0,0.0,0.0,0.0,0.0,0.0,0.0,1.0,0.0,0.0,0.0,0.0,0.0,0.0,1.0,3.0,0.0
IWACEWICKI,55.0,0.0,52.0,0.0,17.0,0.0,1.0,1.0,2.0,0.0,0.0,0.0,1.0,35.0,0.0,0.0,0.0,0.0,16.0,0.0,0.0,0.0,0.0,1.0,8.0,3.0,0.0,0.0,0.0,0.0,4.0,11.0,1.0,2.0,0.0,0.0,1.0,7.0,1.0,0.0,0.0,0.0,0.0,0.0,0.0,0.0,0.0,0.0,0.0,0.0,0.0,3.0,0.0,0.0,3.0,0.0,0.0,1.0,0.0,0.0,3.0,0.0,0.0,0.0,0.0,0.0,0.0,0.0,0.0,0.0,0.0,0.0,0.0,0.0,0.0,0.0,0.0,0.0,3.0,0.0,0.0
BRODNICKI,39.0,0.0,38.0,0.0,4.0,0.0,0.0,0.0,1.0,0.0,2.0,0.0,1.0,34.0,1.0,0.0,0.0,0.0,19.0,0.0,0.0,0.0,1.0,2.0,0.0,5.0,3.0,0.0,0.0,0.0,8.0,6.0,2.0,0.0,2.0,0.0,2.0,0.0,1.0,0.0,1.0,0.0,1.0,0.0,0.0,0.0,1.0,0.0,0.0,0.0,0.0,0.0,0.0,0.0,0.0,0.0,0.0,0.0,0.0,0.0,6.0,0.0,0.0,0.0,0.0,0.0,0.0,0.0,0.0,0.0,0.0,1.0,0.0,0.0,0.0,0.0,0.0,0.0,0.0,2.0,0.0
CHEŁMIŃSKI,27.0,0.0,27.0,0.0,0.0,0.0,0.0,0.0,0.0,0.0,0.0,0.0,0.0,27.0,1.0,0.0,0.0,0.0,13.0,0.0,0.0,2.0,0.0,0.0,0.0,1.0,1.0,0.0,0.0,0.0,9.0,8.0,4.0,0.0,4.0,0.0,0.0,0.0,2.0,0.0,0.0,0.0,1.0,0.0,0.0,1.0,0.0,0.0,0.0,0.0,0.0,0.0,0.0,0.0,0.0,0.0,0.0,0.0,0.0,0.0,2.0,0.0,0.0,0.0,0.0,0.0,0.0,0.0,0.0,0.0,0.0,0.0,0.0,0.0,0.0,0.0,0.0,0.0,0.0,0.0,1.0
CHOJNICKI,38.0,0.0,32.0,0.0,9.0,0.0,0.0,0.0,0.0,2.0,0.0,0.0,0.0,23.0,1.0,0.0,0.0,0.0,9.0,0.0,0.0,0.0,1.0,1.0,0.0,3.0,0.0,0.0,0.0,0.0,4.0,10.0,5.0,1.0,2.0,0.0,2.0,0.0,1.0,0.0,1.0,0.0,1.0,0.0,1.0,0.0,0.0,0.0,0.0,0.0,0.0,0.0,0.0,0.0,0.0,0.0,0.0,0.0,0.0,0.0,1.0,2.0,1.0,0.0,1.0,0.0,0.0,0.0,0.0,0.0,0.0,0.0,0.0,0.0,0.0,0.0,0.0,0.0,4.0,3.0,0.0
GRUDZIĄDZ (MIASTO),86.0,0.0,77.0,0.0,1.0,0.0,0.0,0.0,0.0,1.0,0.0,0.0,0.0,76.0,0.0,0.0,0.0,0.0,40.0,0.0,0.0,5.0,3.0,0.0,0.0,7.0,5.0,0.0,0.0,0.0,20.0,23.0,14.0,1.0,4.0,0.0,4.0,0.0,4.0,0.0,1.0,1.0,0.0,0.0,0.0,0.0,0.0,0.0,0.0,0.0,0.0,1.0,0.0,0.0,0.0,0.0,0.0,0.0,0.0,0.0,8.0,0.0,0.0,0.0,0.0,0.0,0.0,1.0,0.0,1.0,0.0,2.0,1.0,4.0,0.0,0.0,0.0,0.0,2.0,7.0,0.0
GRUDZIĄDZKI,15.0,0.0,15.0,0.0,1.0,0.0,0.0,0.0,1.0,0.0,0.0,0.0,0.0,14.0,0.0,0.0,0.0,0.0,11.0,0.0,1.0,1.0,1.0,1.0,0.0,0.0,0.0,0.0,0.0,0.0,7.0,2.0,2.0,0.0,0.0,0.0,0.0,0.0,1.0,0.0,0.0,0.0,0.0,0.0,0.0,0.0,0.0,0.0,0.0,0.0,0.0,0.0,0.0,0.0,0.0,0.0,0.0,0.0,0.0,0.0,0.0,0.0,0.0,0.0,0.0,0.0,0.0,0.0,0.0,0.0,0.0,0.0,0.0,0.0,0.0,0.0,0.0,0.0,0.0,1.0,0.0
KARTUSKI,66.0,0.0,65.0,0.0,18.0,0.0,0.0,0.0,1.0,0.0,13.0,1.0,1.0,47.0,1.0,0.0,0.0,1.0,17.0,0.0,0.0,0.0,0.0,4.0,0.0,0.0,0.0,0.0,0.0,0.0,13.0,22.0,14.0,0.0,4.0,0.0,0.0,4.0,2.0,0.0,2.0,0.0,1.0,0.0,0.0,1.0,0.0,0.0,0.0,0.0,0.0,0.0,0.0,0.0,0.0,0.0,0.0,3.0,0.0,0.0,1.0,0.0,0.0,0.0,0.0,0.0,0.0,0.0,0.0,0.0,0.0,0.0,0.0,0.0,0.0,0.0,0.0,0.0,1.0,5.0,0.0
KOŚCIERSKI,76.0,1.0,75.0,1.0,10.0,0.0,0.0,0.0,0.0,0.0,7.0,0.0,0.0,65.0,1.0,0.0,0.0,0.0,27.0,0.0,0.0,0.0,0.0,8.0,4.0,0.0,0.0,0.0,0.0,0.0,15.0,24.0,14.0,0.0,7.0,1.0,1.0,1.0,6.0,2.0,3.0,0.0,0.0,0.0,0.0,0.0,0.0,0.0,0.0,0.0,0.0,0.0,0.0,0.0,0.0,0.0,0.0,0.0,0.0,0.0,7.0,0.0,0.0,0.0,0.0,0.0,0.0,0.0,0.0,0.0,0.0,1.0,0.0,0.0,0.0,0.0,0.0,0.0,0.0,5.0,0.0
LUBAWSKI,14.0,0.0,13.0,0.0,1.0,0.0,0.0,0.0,0.0,0.0,1.0,0.0,0.0,12.0,0.0,0.0,0.0,0.0,6.0,0.0,0.0,0.0,0.0,2.0,0.0,2.0,0.0,0.0,0.0,1.0,1.0,4.0,4.0,0.0,0.0,0.0,0.0,0.0,0.0,0.0,0.0,0.0,0.0,0.0,0.0,0.0,0.0,0.0,0.0,0.0,0.0,0.0,0.0,0.0,0.0,0.0,0.0,0.0,0.0,0.0,2.0,0.0,0.0,0.0,0.0,0.0,0.0,0.0,0.0,0.0,0.0,0.0,0.0,1.0,0.0,0.0,0.0,0.0,0.0,0.0,0.0
SĘPOLEŃSKI,14.0,0.0,13.0,0.0,3.0,0.0,0.0,0.0,1.0,1.0,1.0,0.0,0.0,10.0,1.0,0.0,0.0,0.0,6.0,0.0,0.0,0.0,1.0,0.0,0.0,0.0,0.0,1.0,0.0,0.0,4.0,2.0,2.0,0.0,0.0,0.0,0.0,0.0,0.0,0.0,0.0,0.0,0.0,0.0,0.0,0.0,0.0,0.0,0.0,0.0,0.0,0.0,0.0,0.0,0.0,0.0,0.0,0.0,0.0,0.0,1.0,1.0,1.0,0.0,0.0,0.0,0.0,0.0,0.0,0.0,0.0,0.0,0.0,0.0,0.0,0.0,0.0,0.0,0.0,2.0,0.0
STAROGARDZKI,88.0,3.0,85.0,3.0,12.0,0.0,0.0,1.0,2.0,1.0,5.0,0.0,0.0,73.0,0.0,0.0,0.0,0.0,34.0,0.0,0.0,2.0,1.0,7.0,2.0,3.0,2.0,0.0,0.0,0.0,17.0,24.0,9.0,0.0,11.0,1.0,2.0,1.0,1.0,0.0,0.0,0.0,0.0,0.0,0.0,0.0,0.0,0.0,0.0,0.0,0.0,3.0,0.0,0.0,0.0,0.0,3.0,0.0,0.0,0.0,11.0,0.0,0.0,0.0,0.0,0.0,0.0,1.0,1.0,0.0,0.0,0.0,0.0,2.0,0.0,0.0,0.0,0.0,0.0,8.0,0.0
ŚWIECKI,91.0,0.0,86.0,0.0,24.0,0.0,0.0,1.0,4.0,0.0,15.0,0.0,0.0,62.0,0.0,0.0,0.0,0.0,19.0,1.0,0.0,0.0,1.0,1.0,1.0,2.0,1.0,0.0,0.0,0.0,12.0,37.0,27.0,1.0,8.0,0.0,1.0,0.0,2.0,0.0,2.0,0.0,1.0,0.0,0.0,1.0,0.0,0.0,0.0,0.0,0.0,0.0,0.0,0.0,0.0,0.0,0.0,0.0,0.0,0.0,3.0,0.0,0.0,0.0,0.0,0.0,0.0,0.0,0.0,0.0,0.0,1.0,1.0,2.0,0.0,0.0,0.0,0.0,2.0,1.0,1.0
TCZEWSKI,61.0,0.0,55.0,0.0,3.0,0.0,0.0,0.0,0.0,0.0,3.0,0.0,0.0,52.0,0.0,0.0,0.0,0.0,26.0,0.0,0.0,0.0,1.0,1.0,2.0,6.0,0.0,0.0,0.0,0.0,16.0,18.0,13.0,0.0,4.0,0.0,0.0,1.0,2.0,1.0,0.0,0.0,0.0,0.0,0.0,0.0,0.0,0.0,0.0,0.0,0.0,0.0,0.0,0.0,0.0,0.0,0.0,1.0,0.0,1.0,5.0,2.0,2.0,0.0,0.0,0.0,0.0,0.0,0.0,0.0,0.0,0.0,0.0,2.0,0.0,0.0,0.0,0.0,2.0,15.0,3.0
TORUŃ (MIASTO),41.0,2.0,27.0,2.0,4.0,0.0,0.0,0.0,4.0,0.0,0.0,0.0,0.0,23.0,0.0,0.0,0.0,0.0,15.0,0.0,0.0,0.0,0.0,0.0,2.0,2.0,3.0,0.0,0.0,0.0,8.0,5.0,4.0,0.0,1.0,0.0,0.0,0.0,2.0,0.0,1.0,0.0,1.0,0.0,1.0,0.0,0.0,0.0,0.0,0.0,0.0,0.0,0.0,0.0,0.0,0.0,0.0,0.0,0.0,0.0,0.0,10.0,10.0,0.0,0.0,0.0,0.0,0.0,0.0,0.0,0.0,4.0,4.0,0.0,0.0,0.0,0.0,0.0,0.0,8.0,92.0
TORUŃSKI,31.0,1.0,31.0,1.0,7.0,0.0,0.0,0.0,7.0,0.0,0.0,0.0,0.0,24.0,0.0,0.0,0.0,0.0,8.0,0.0,0.0,0.0,1.0,1.0,0.0,1.0,0.0,0.0,0.0,0.0,5.0,12.0,10.0,0.0,2.0,0.0,0.0,0.0,0.0,0.0,0.0,0.0,0.0,0.0,0.0,0.0,0.0,0.0,0.0,0.0,0.0,1.0,0.0,1.0,0.0,0.0,0.0,0.0,0.0,0.0,3.0,0.0,0.0,0.0,0.0,0.0,0.0,0.0,0.0,0.0,0.0,0.0,0.0,0.0,0.0,0.0,0.0,0.0,0.0,2.0,0.0
TUCHOLSKI,33.0,0.0,32.0,0.0,6.0,0.0,0.0,0.0,0.0,0.0,2.0,0.0,0.0,26.0,0.0,0.0,0.0,0.0,11.0,0.0,1.0,1.0,0.0,3.0,1.0,2.0,0.0,0.0,0.0,0.0,3.0,12.0,4.0,0.0,7.0,0.0,1.0,0.0,0.0,0.0,0.0,0.0,0.0,0.0,0.0,0.0,0.0,1.0,0.0,0.0,0.0,0.0,0.0,0.0,0.0,0.0,0.0,0.0,0.0,0.0,2.0,1.0,1.0,0.0,0.0,0.0,0.0,0.0,0.0,0.0,0.0,0.0,0.0,0.0,0.0,0.0,0.0,0.0,0.0,0.0,0.0
WĄBRZESKI,15.0,0.0,14.0,0.0,1.0,0.0,0.0,0.0,0.0,0.0,1.0,0.0,0.0,13.0,0.0,0.0,0.0,0.0,4.0,0.0,0.0,0.0,0.0,0.0,0.0,0.0,0.0,0.0,0.0,0.0,4.0,8.0,5.0,0.0,3.0,0.0,0.0,0.0,0.0,0.0,0.0,0.0,0.0,0.0,0.0,0.0,0.0,0.0,0.0,0.0,0.0,0.0,0.0,0.0,0.0,0.0,0.0,0.0,0.0,0.0,1.0,0.0,0.0,0.0,0.0,0.0,0.0,0.0,0.0,0.0,0.0,1.0,1.0,0.0,0.0,0.0,0.0,0.0,0.0,2.0,0.0
MORSKI,189.0,0.0,187.0,0.0,24.0,0.0,1.0,0.0,6.0,1.0,12.0,0.0,0.0,163.0,2.0,0.0,0.0,0.0,92.0,0.0,0.0,0.0,2.0,4.0,10.0,24.0,4.0,0.0,0.0,0.0,48.0,45.0,31.0,1.0,8.0,0.0,3.0,2.0,3.0,1.0,2.0,0.0,0.0,0.0,0.0,0.0,0.0,0.0,4.0,0.0,2.0,0.0,0.0,0.0,0.0,0.0,0.0,3.0,0.0,2.0,14.0,0.0,0.0,0.0,0.0,0.0,0.0,1.0,0.0,0.0,0.0,0.0,0.0,0.0,0.0,0.0,0.0,0.0,1.0,16.0,0.0
GDYNIA (MIASTO),116.0,1.0,107.0,1.0,2.0,0.0,0.0,0.0,1.0,0.0,0.0,0.0,0.0,105.0,1.0,0.0,0.0,0.0,53.0,0.0,0.0,0.0,1.0,0.0,8.0,5.0,17.0,0.0,0.0,0.0,22.0,39.0,19.0,1.0,16.0,0.0,2.0,1.0,5.0,0.0,0.0,1.0,1.0,0.0,0.0,1.0,0.0,1.0,1.0,0.0,0.0,0.0,0.0,0.0,0.0,0.0,0.0,0.0,0.0,0.0,4.0,3.0,2.0,1.0,0.0,0.0,0.0,0.0,0.0,0.0,0.0,0.0,0.0,2.0,0.0,0.0,0.0,0.0,4.0,14.0,0.0
BYDGOSKI,28.0,2.0,27.0,1.0,6.0,0.0,0.0,0.0,4.0,0.0,1.0,0.0,0.0,21.0,1.0,0.0,1.0,0.0,4.0,0.0,0.0,0.0,1.0,0.0,0.0,0.0,0.0,0.0,0.0,0.0,3.0,8.0,7.0,0.0,1.0,0.0,0.0,0.0,6.0,0.0,2.0,0.0,0.0,0.0,0.0,0.0,0.0,0.0,0.0,0.0,0.0,0.0,0.0,0.0,0.0,0.0,0.0,1.0,0.0,0.0,1.0,0.0,0.0,0.0,0.0,0.0,0.0,0.0,0.0,0.0,0.0,1.0,1.0,0.0,0.0,0.0,0.0,0.0,0.0,2.0,4.0
BYDGOSZCZ (MIASTO),189.0,12.0,181.0,11.0,3.0,0.0,0.0,0.0,1.0,0.0,1.0,0.0,0.0,178.0,2.0,0.0,0.0,0.0,33.0,0.0,0.0,0.0,5.0,2.0,1.0,5.0,9.0,0.0,0.0,0.0,11.0,102.0,65.0,4.0,28.0,0.0,3.0,2.0,12.0,1.0,1.0,0.0,4.0,0.0,0.0,4.0,0.0,1.0,0.0,0.0,0.0,1.0,0.0,0.0,1.0,0.0,0.0,2.0,1.0,1.0,21.0,1.0,1.0,0.0,0.0,0.0,0.0,0.0,0.0,0.0,0.0,3.0,3.0,4.0,2.0,0.0,0.0,0.0,0.0,32.0,75.0
INOWROCŁAWSKI,82.0,2.0,75.0,1.0,13.0,0.0,0.0,0.0,11.0,0.0,0.0,0.0,1.0,62.0,1.0,0.0,0.0,0.0,25.0,0.0,0.0,1.0,0.0,1.0,1.0,10.0,1.0,0.0,0.0,0.0,11.0,29.0,13.0,1.0,11.0,1.0,3.0,0.0,3.0,0.0,1.0,1.0,1.0,0.0,0.0,1.0,0.0,0.0,0.0,0.0,0.0,0.0,0.0,0.0,0.0,0.0,0.0,0.0,0.0,0.0,3.0,0.0,0.0,0.0,0.0,0.0,0.0,4.0,4.0,0.0,0.0,1.0,1.0,2.0,0.0,0.0,0.0,0.0,0.0,1.0,0.0
INOWROCŁAW (MIASTO),0.0,0.0,0.0,0.0,0.0,0.0,0.0,0.0,0.0,0.0,0.0,0.0,0.0,0.0,0.0,0.0,0.0,0.0,0.0,0.0,0.0,0.0,0.0,0.0,0.0,0.0,0.0,0.0,0.0,0.0,0.0,0.0,0.0,0.0,0.0,0.0,0.0,0.0,0.0,0.0,0.0,0.0,0.0,0.0,0.0,0.0,0.0,0.0,0.0,0.0,0.0,0.0,0.0,0.0,0.0,0.0,0.0,0.0,0.0,0.0,0.0,0.0,0.0,0.0,0.0,0.0,0.0,0.0,0.0,0.0,0.0,0.0,0.0,0.0,0.0,0.0,0.0,0.0,0.0,0.0,0.0
SZUBIŃSKI,70.0,0.0,63.0,0.0,21.0,1.0,0.0,0.0,10.0,1.0,7.0,0.0,0.0,42.0,4.0,0.0,0.0,2.0,23.0,0.0,0.0,2.0,0.0,1.0,2.0,5.0,2.0,0.0,0.0,0.0,11.0,10.0,7.0,0.0,2.0,1.0,0.0,0.0,4.0,0.0,3.0,1.0,0.0,0.0,0.0,0.0,0.0,0.0,0.0,0.0,0.0,0.0,0.0,0.0,0.0,0.0,0.0,0.0,0.0,0.0,1.0,0.0,0.0,0.0,0.0,0.0,0.0,4.0,4.0,0.0,0.0,2.0,2.0,0.0,0.0,0.0,0.0,0.0,1.0,0.0,0.0
WYRZYSKI,42.0,0.0,39.0,0.0,14.0,0.0,0.0,0.0,3.0,3.0,4.0,0.0,0.0,25.0,0.0,0.0,0.0,0.0,9.0,0.0,0.0,0.0,0.0,0.0,0.0,5.0,0.0,0.0,0.0,1.0,3.0,15.0,12.0,1.0,1.0,0.0,1.0,0.0,0.0,0.0,0.0,0.0,0.0,0.0,0.0,0.0,0.0,0.0,0.0,0.0,0.0,0.0,0.0,0.0,0.0,0.0,0.0,0.0,0.0,0.0,1.0,0.0,0.0,0.0,0.0,0.0,0.0,3.0,3.0,0.0,0.0,0.0,0.0,0.0,0.0,0.0,0.0,0.0,0.0,0.0,0.0
LIPNOWSKI,151.0,0.0,151.0,0.0,29.0,5.0,0.0,0.0,12.0,5.0,5.0,0.0,0.0,122.0,0.0,0.0,0.0,0.0,14.0,0.0,0.0,1.0,0.0,5.0,3.0,1.0,1.0,0.0,0.0,0.0,3.0,88.0,21.0,25.0,26.0,3.0,11.0,2.0,11.0,0.0,3.0,6.0,2.0,0.0,0.0,2.0,0.0,0.0,0.0,0.0,0.0,0.0,0.0,0.0,0.0,0.0,0.0,0.0,0.0,0.0,7.0,0.0,0.0,0.0,0.0,0.0,0.0,0.0,0.0,0.0,0.0,0.0,0.0,0.0,0.0,0.0,0.0,0.0,0.0,1.0,0.0
NIESZAWSKI,157.0,0.0,155.0,0.0,37.0,0.0,16.0,0.0,17.0,1.0,3.0,0.0,0.0,118.0,1.0,0.0,1.0,0.0,25.0,0.0,0.0,0.0,2.0,0.0,0.0,3.0,0.0,0.0,0.0,0.0,20.0,80.0,20.0,13.0,26.0,4.0,16.0,1.0,7.0,1.0,6.0,0.0,0.0,0.0,0.0,0.0,0.0,0.0,0.0,0.0,0.0,0.0,0.0,0.0,0.0,0.0,0.0,1.0,0.0,0.0,4.0,0.0,0.0,0.0,0.0,0.0,0.0,0.0,0.0,0.0,0.0,2.0,2.0,0.0,0.0,0.0,0.0,0.0,0.0,0.0,0.0
RYPIŃSKI,151.1681894180434,0.0,147.2160798907743,0.0,30.628848836335592,1.9760547636345542,1.9760547636345542,0.0,17.784492872710988,0.9880273818172771,6.91619167272094,0.0,0.9880273818172771,116.5872310544387,15.808438109076434,1.9760547636345542,0.0,3.9521095272691085,51.37742385449841,0.0,0.9880273818172771,2.9640821454518314,0.0,2.9640821454518314,9.880273818172771,13.83238334544188,2.9640821454518314,0.0,0.0,0.0,17.784492872710988,38.53306789087381,7.904219054538217,9.880273818172771,11.856328581807325,4.940136909086386,3.9521095272691085,0.0,5.928164290903663,2.9640821454518314,1.9760547636345542,0.0,0.0,0.0,0.0,0.0,0.0,0.0,0.0,0.0,0.0,0.0,0.0,0.0,0.0,0.0,0.0,0.0,0.0,0.0,4.940136909086386,0.0,0.0,0.0,0.0,0.0,0.0,1.9760547636345542,1.9760547636345542,0.0,0.0,0.9880273818172771,0.9880273818172771,0.0,0.0,0.0,0.0,0.0,0.9880273818172771,0.0,0.0
WŁOCŁAWSKI,79.0,0.0,266.0,0.0,15.0,0.0,0.0,0.0,11.0,0.0,4.0,0.0,0.0,251.0,0.0,0.0,0.0,0.0,14.0,0.0,0.0,1.0,0.0,0.0,2.0,4.0,0.0,0.0,0.0,0.0,7.0,192.0,21.0,49.0,50.0,8.0,57.0,7.0,29.0,2.0,13.0,10.0,6.0,0.0,0.0,2.0,4.0,0.0,0.0,0.0,0.0,0.0,0.0,0.0,0.0,0.0,0.0,0.0,0.0,0.0,10.0,3.0,3.0,0.0,0.0,0.0,0.0,1.0,1.0,0.0,0.0,1.0,0.0,5.0,0.0,0.0,0.0,0.0,3.0,28.0,4.0
CHODZIESKI,105.0,0.0,94.0,0.0,39.0,0.0,1.0,0.0,5.0,1.0,18.0,0.0,1.0,55.0,2.0,0.0,0.0,1.0,8.0,0.0,0.0,1.0,1.0,2.0,0.0,3.0,0.0,0.0,0.0,0.0,1.0,12.0,5.0,0.0,7.0,0.0,0.0,0.0,29.0,0.0,13.0,13.0,2.0,0.0,0.0,2.0,0.0,0.0,1.0,1.0,0.0,0.0,0.0,0.0,0.0,0.0,0.0,0.0,0.0,0.0,1.0,0.0,0.0,0.0,0.0,0.0,0.0,0.0,0.0,0.0,0.0,8.0,8.0,3.0,1.0,0.0,0.0,0.0,0.0,4.0,0.0
CZARNKOWSKI,92.0,1.0,76.0,1.0,5.0,0.0,0.0,0.0,1.0,1.0,0.0,0.0,0.0,71.0,0.0,0.0,0.0,0.0,40.0,0.0,0.0,6.0,2.0,8.0,0.0,0.0,2.0,2.0,0.0,2.0,18.0,16.0,9.0,0.0,0.0,2.0,3.0,2.0,2.0,0.0,2.0,0.0,2.0,1.0,1.0,0.0,0.0,2.0,0.0,0.0,0.0,1.0,1.0,0.0,0.0,0.0,0.0,5.0,3.0,2.0,3.0,13.0,12.0,1.0,0.0,2.0,0.0,0.0,0.0,0.0,0.0,0.0,0.0,1.0,0.0,0.0,0.0,0.0,0.0,0.0,0.0
GNIEŹNIEŃSKI,52.0,3.0,43.0,2.0,1.0,0.0,0.0,0.0,0.0,0.0,0.0,0.0,0.0,42.0,0.0,0.0,0.0,0.0,11.0,0.0,0.0,0.0,0.0,0.0,2.0,3.0,2.0,0.0,0.0,0.0,4.0,23.0,6.0,0.0,11.0,1.0,2.0,3.0,4.0,0.0,2.0,0.0,0.0,0.0,0.0,0.0,0.0,0.0,0.0,0.0,0.0,1.0,0.0,0.0,0.0,0.0,1.0,1.0,0.0,0.0,2.0,0.0,0.0,0.0,0.0,0.0,0.0,2.0,2.0,0.0,0.0,5.0,5.0,0.0,0.0,0.0,0.0,0.0,2.0,1.0,0.0
GOSTYŃSKI,50.0,0.0,49.0,0.0,17.0,0.0,0.0,0.0,13.0,0.0,3.0,0.0,1.0,32.0,6.0,0.0,0.0,0.0,5.0,0.0,0.0,0.0,0.0,0.0,0.0,2.0,1.0,0.0,0.0,0.0,2.0,14.0,7.0,0.0,6.0,0.0,0.0,1.0,2.0,0.0,0.0,0.0,1.0,0.0,0.0,1.0,0.0,0.0,0.0,0.0,0.0,0.0,0.0,0.0,0.0,0.0,0.0,0.0,0.0,0.0,4.0,1.0,1.0,0.0,0.0,0.0,0.0,0.0,0.0,0.0,0.0,0.0,0.0,0.0,0.0,0.0,0.0,0.0,0.0,2.0,0.0
JAROCIŃSKI,98.0,0.0,95.0,0.0,26.0,1.0,0.0,0.0,10.0,3.0,8.0,0.0,1.0,69.0,3.0,1.0,0.0,0.0,33.0,0.0,1.0,3.0,0.0,2.0,1.0,19.0,2.0,0.0,0.0,0.0,5.0,21.0,13.0,1.0,5.0,0.0,2.0,0.0,2.0,0.0,0.0,0.0,1.0,0.0,0.0,1.0,0.0,0.0,0.0,0.0,0.0,0.0,0.0,0.0,0.0,0.0,0.0,1.0,0.0,0.0,8.0,0.0,0.0,0.0,0.0,0.0,0.0,1.0,1.0,0.0,0.0,0.0,0.0,0.0,0.0,0.0,0.0,0.0,2.0,2.0,0.0
KĘPIŃSKI,106.0,1.0,101.0,1.0,39.0,0.0,0.0,0.0,19.0,1.0,15.0,0.0,1.0,62.0,1.0,0.0,0.0,0.0,14.0,0.0,0.0,1.0,0.0,0.0,1.0,4.0,2.0,0.0,0.0,0.0,6.0,34.0,13.0,0.0,16.0,0.0,3.0,2.0,2.0,0.0,0.0,0.0,1.0,0.0,0.0,1.0,0.0,0.0,0.0,0.0,0.0,0.0,0.0,0.0,0.0,0.0,0.0,0.0,0.0,0.0,10.0,1.0,1.0,0.0,0.0,0.0,0.0,4.0,4.0,0.0,0.0,0.0,0.0,0.0,0.0,0.0,0.0,0.0,0.0,1.0,0.0
KOŚCIAŃSKI,171.0,0.0,164.0,0.0,44.0,0.0,2.0,0.0,25.0,1.0,0.0,0.0,11.0,120.0,6.0,0.0,0.0,1.0,58.0,0.0,0.0,8.0,4.0,4.0,1.0,26.0,4.0,0.0,1.0,0.0,10.0,38.0,17.0,1.0,15.0,0.0,4.0,1.0,8.0,0.0,5.0,1.0,4.0,0.0,0.0,4.0,0.0,0.0,0.0,0.0,0.0,0.0,0.0,0.0,0.0,0.0,0.0,1.0,0.0,0.0,5.0,2.0,2.0,0.0,0.0,0.0,0.0,1.0,0.0,0.0,0.0,1.0,1.0,0.0,0.0,0.0,0.0,0.0,3.0,1.0,0.0
KROTOSZYŃSKI,143.0,1.0,140.0,1.0,58.0,0.0,0.0,0.0,36.0,0.0,13.0,0.0,6.0,82.0,2.0,0.0,0.0,1.0,24.0,0.0,0.0,1.0,1.0,0.0,3.0,8.0,5.0,0.0,0.0,2.0,4.0,40.0,16.0,0.0,20.0,0.0,1.0,3.0,6.0,0.0,0.0,4.0,1.0,0.0,0.0,1.0,0.0,0.0,0.0,0.0,0.0,0.0,0.0,0.0,0.0,0.0,0.0,0.0,0.0,0.0,9.0,1.0,1.0,0.0,0.0,0.0,0.0,1.0,1.0,0.0,0.0,1.0,1.0,0.0,0.0,0.0,0.0,0.0,0.0,3.0,0.0
LESZCZYŃSKI,216.0,1.0,211.0,1.0,87.0,2.0,1.0,0.0,29.0,1.0,16.0,0.0,12.0,124.0,1.0,0.0,0.0,1.0,25.0,0.0,0.0,2.0,1.0,1.0,0.0,6.0,3.0,0.0,0.0,0.0,12.0,56.0,24.0,4.0,18.0,0.0,7.0,3.0,6.0,0.0,2.0,0.0,6.0,0.0,0.0,6.0,0.0,3.0,1.0,1.0,0.0,0.0,0.0,0.0,0.0,0.0,0.0,0.0,0.0,0.0,26.0,1.0,1.0,0.0,0.0,0.0,0.0,1.0,1.0,0.0,0.0,1.0,1.0,0.0,0.0,0.0,0.0,0.0,2.0,1.0,0.0
MIĘDZYCHODZKI,40.0,1.0,37.0,1.0,5.0,0.0,0.0,0.0,4.0,0.0,1.0,0.0,0.0,32.0,2.0,0.0,0.0,0.0,8.0,0.0,0.0,0.0,0.0,2.0,3.0,1.0,0.0,0.0,0.0,2.0,17.0,13.0,0.0,4.0,0.0,0.0,0.0,2.0,1.0,1.0,0.0,3.0,0.0,0.0,2.0,1.0,0.0,0.0,0.0,0.0,0.0,0.0,0.0,0.0,0.0,0.0,0.0,0.0,0.0,0.0,0.0,0.0,0.0,0.0,0.0,0.0,0.0,0.0,0.0,0.0,0.0,0.0,0.0,0.0,0.0,0.0,0.0,0.0,3.0,1.0,1.0
MOGILEŃSKI,98.0,1.0,82.0,1.0,20.0,0.0,0.0,0.0,12.0,1.0,6.0,0.0,0.0,62.0,4.0,0.0,0.0,2.0,22.0,0.0,0.0,0.0,0.0,1.0,1.0,7.0,3.0,0.0,0.0,0.0,10.0,25.0,13.0,1.0,11.0,0.0,0.0,0.0,3.0,0.0,1.0,0.0,4.0,0.0,1.0,3.0,0.0,0.0,0.0,0.0,0.0,0.0,0.0,0.0,0.0,0.0,0.0,1.0,0.0,0.0,3.0,1.0,1.0,0.0,0.0,0.0,0.0,13.0,13.0,0.0,0.0,1.0,1.0,0.0,0.0,0.0,0.0,0.0,1.0,0.0,0.0
NOWOTOMYSKI,95.0,1.0,89.0,1.0,16.0,0.0,2.0,0.0,2.0,1.0,8.0,0.0,0.0,73.0,3.0,0.0,0.0,0.0,27.0,0.0,0.0,2.0,1.0,8.0,1.0,3.0,3.0,0.0,0.0,2.0,7.0,31.0,12.0,0.0,12.0,0.0,5.0,2.0,4.0,1.0,1.0,0.0,1.0,0.0,0.0,1.0,0.0,0.0,0.0,0.0,0.0,0.0,0.0,0.0,0.0,0.0,0.0,0.0,0.0,0.0,7.0,0.0,0.0,0.0,0.0,0.0,0.0,1.0,1.0,0.0,0.0,1.0,1.0,1.0,0.0,0.0,0.0,0.0,3.0,2.0,0.0
OBORNICKI,40.0,0.0,37.0,0.0,8.0,0.0,0.0,0.0,4.0,0.0,1.0,0.0,0.0,29.0,7.0,0.0,0.0,1.0,9.0,0.0,0.0,0.0,1.0,0.0,0.0,7.0,0.0,0.0,0.0,0.0,1.0,11.0,5.0,0.0,4.0,0.0,2.0,0.0,2.0,1.0,1.0,0.0,0.0,0.0,0.0,0.0,0.0,0.0,0.0,0.0,0.0,0.0,0.0,0.0,0.0,0.0,0.0,0.0,0.0,0.0,0.0,0.0,0.0,0.0,0.0,0.0,0.0,1.0,1.0,0.0,0.0,0.0,0.0,0.0,0.0,0.0,0.0,0.0,2.0,2.0,0.0
OSTROWSKI (OSTRÓW WIELKOPOLSKI),97.0,1.0,93.0,0.0,21.0,0.0,0.0,0.0,12.0,1.0,6.0,0.0,1.0,72.0,0.0,0.0,0.0,0.0,17.0,0.0,0.0,2.0,1.0,5.0,0.0,3.0,1.0,0.0,0.0,0.0,5.0,40.0,27.0,1.0,11.0,0.0,1.0,0.0,6.0,1.0,2.0,2.0,1.0,0.0,0.0,1.0,0.0,0.0,0.0,0.0,0.0,0.0,0.0,0.0,0.0,0.0,0.0,1.0,0.0,1.0,7.0,2.0,2.0,0.0,0.0,0.0,0.0,1.0,1.0,0.0,0.0,1.0,1.0,0.0,0.0,0.0,0.0,0.0,0.0,2.0,0.0
POZNAŃ (MIASTO),401.0,18.0,375.0,17.0,15.0,0.0,2.0,0.0,5.0,2.0,3.0,0.0,1.0,360.0,7.0,0.0,0.0,1.0,130.0,0.0,0.0,2.0,11.0,42.0,7.0,23.0,17.0,0.0,0.0,1.0,27.0,155.0,61.0,3.0,69.0,7.0,10.0,5.0,19.0,1.0,4.0,1.0,11.0,0.0,5.0,6.0,0.0,2.0,4.0,2.0,0.0,6.0,1.0,2.0,1.0,0.0,1.0,0.0,0.0,0.0,26.0,2.0,1.0,1.0,0.0,0.0,0.0,0.0,0.0,0.0,0.0,5.0,5.0,10.0,1.0,0.0,0.0,0.0,9.0,47.0,0.0
RAWICKI,71.0,0.0,65.0,0.0,25.0,0.0,0.0,0.0,16.0,3.0,2.0,0.0,0.0,40.0,2.0,0.0,0.0,1.0,16.0,0.0,0.0,0.0,0.0,0.0,0.0,9.0,0.0,0.0,1.0,0.0,6.0,13.0,9.0,0.0,4.0,0.0,0.0,0.0,0.0,0.0,0.0,0.0,6.0,0.0,0.0,6.0,0.0,0.0,0.0,0.0,0.0,1.0,0.0,0.0,0.0,0.0,1.0,0.0,0.0,0.0,2.0,0.0,0.0,0.0,0.0,0.0,0.0,1.0,1.0,0.0,0.0,2.0,2.0,2.0,0.0,0.0,0.0,0.0,1.0,0.0,0.0
SZAMOTULSKI,73.0,0.0,67.0,0.0,18.0,0.0,1.0,0.0,11.0,1.0,2.0,0.0,2.0,49.0,2.0,0.0,0.0,0.0,18.0,0.0,0.0,0.0,0.0,0.0,2.0,13.0,0.0,0.0,0.0,0.0,3.0,20.0,14.0,0.0,5.0,0.0,1.0,0.0,4.0,0.0,2.0,1.0,1.0,0.0,0.0,1.0,0.0,1.0,0.0,0.0,0.0,0.0,0.0,0.0,0.0,0.0,0.0,0.0,0.0,0.0,3.0,1.0,1.0,0.0,0.0,0.0,0.0,3.0,3.0,0.0,0.0,1.0,1.0,0.0,0.0,0.0,0.0,0.0,1.0,0.0,0.0
ŚREDZKI,53.0,0.0,53.0,0.0,14.0,0.0,1.0,0.0,5.0,0.0,3.0,0.0,0.0,39.0,0.0,0.0,0.0,0.0,20.0,0.0,0.0,7.0,0.0,0.0,0.0,3.0,1.0,0.0,0.0,0.0,9.0,15.0,8.0,0.0,6.0,0.0,0.0,1.0,1.0,0.0,1.0,0.0,0.0,0.0,0.0,0.0,0.0,0.0,0.0,0.0,0.0,0.0,0.0,0.0,0.0,0.0,0.0,0.0,0.0,0.0,3.0,0.0,0.0,0.0,0.0,0.0,0.0,0.0,0.0,0.0,0.0,0.0,0.0,0.0,0.0,0.0,0.0,0.0,0.0,0.0,0.0
ŚREMSKI,73.0,0.0,72.0,0.0,26.0,0.0,1.0,0.0,7.0,0.0,16.0,0.0,0.0,46.0,0.0,0.0,0.0,0.0,11.0,0.0,0.0,1.0,2.0,0.0,0.0,4.0,2.0,0.0,0.0,0.0,2.0,25.0,13.0,1.0,9.0,0.0,0.0,2.0,5.0,0.0,3.0,0.0,2.0,1.0,0.0,1.0,0.0,0.0,0.0,0.0,0.0,0.0,0.0,0.0,0.0,0.0,0.0,0.0,0.0,0.0,3.0,0.0,0.0,0.0,0.0,0.0,0.0,0.0,0.0,0.0,0.0,0.0,0.0,0.0,0.0,0.0,0.0,0.0,1.0,0.0,0.0
WĄGROWIECKI,62.0,1.0,59.0,0.0,17.0,0.0,1.0,0.0,12.0,1.0,2.0,0.0,0.0,42.0,1.0,0.0,0.0,0.0,14.0,0.0,0.0,1.0,3.0,0.0,0.0,2.0,0.0,0.0,0.0,0.0,8.0,24.0,16.0,1.0,7.0,0.0,0.0,0.0,0.0,0.0,0.0,0.0,1.0,0.0,0.0,1.0,0.0,0.0,0.0,0.0,0.0,0.0,0.0,0.0,0.0,0.0,0.0,0.0,0.0,0.0,2.0,0.0,0.0,0.0,0.0,0.0,0.0,0.0,0.0,0.0,0.0,1.0,0.0,0.0,0.0,0.0,0.0,0.0,2.0,0.0,0.0
WOLSZTYŃSKI,70.0,0.0,70.0,0.0,43.0,0.0,6.0,0.0,19.0,1.0,9.0,0.0,1.0,27.0,2.0,0.0,0.0,2.0,6.0,0.0,0.0,1.0,1.0,1.0,0.0,2.0,0.0,0.0,0.0,0.0,1.0,10.0,7.0,0.0,1.0,0.0,2.0,0.0,4.0,1.0,2.0,0.0,1.0,0.0,0.0,1.0,0.0,0.0,0.0,0.0,0.0,0.0,0.0,0.0,0.0,0.0,0.0,0.0,0.0,0.0,4.0,0.0,0.0,0.0,0.0,0.0,0.0,0.0,0.0,0.0,0.0,0.0,0.0,0.0,0.0,0.0,0.0,0.0,0.0,0.0,0.0
WRZESIŃSKI,36.0,0.0,29.0,0.0,7.0,0.0,1.0,0.0,4.0,0.0,2.0,0.0,0.0,22.0,3.0,0.0,0.0,0.0,8.0,0.0,0.0,0.0,0.0,0.0,0.0,5.0,1.0,0.0,0.0,0.0,2.0,8.0,5.0,0.0,3.0,0.0,0.0,0.0,3.0,1.0,0.0,0.0,0.0,0.0,0.0,0.0,0.0,0.0,0.0,0.0,0.0,0.0,0.0,0.0,0.0,0.0,0.0,0.0,0.0,0.0,0.0,0.0,0.0,0.0,0.0,0.0,0.0,7.0,7.0,0.0,0.0,0.0,0.0,0.0,0.0,0.0,0.0,0.0,0.0,0.0,0.0
ŻNIŃSKI,18.0,0.0,14.0,0.0,4.0,0.0,0.0,0.0,0.0,1.0,2.0,0.0,1.0,10.0,2.0,0.0,0.0,0.0,1.0,0.0,0.0,0.0,0.0,0.0,0.0,0.0,0.0,0.0,0.0,0.0,1.0,6.0,5.0,0.0,1.0,0.0,0.0,0.0,0.0,0.0,0.0,0.0,1.0,0.0,0.0,0.0,1.0,0.0,0.0,0.0,0.0,0.0,0.0,0.0,0.0,0.0,0.0,0.0,0.0,0.0,0.0,0.0,0.0,0.0,0.0,0.0,0.0,2.0,2.0,0.0,0.0,1.0,1.0,1.0,1.0,0.0,0.0,0.0,0.0,0.0,0.0
POZNAŃSKI,174.0,2.0,159.0,2.0,30.0,0.0,0.0,0.0,8.0,0.0,10.0,0.0,5.0,129.0,7.0,0.0,0.0,1.0,88.0,0.0,0.0,14.0,6.0,52.0,0.0,7.0,2.0,0.0,0.0,0.0,7.0,17.0,8.0,0.0,9.0,0.0,0.0,0.0,4.0,0.0,3.0,1.0,1.0,0.0,0.0,0.0,1.0,0.0,1.0,0.0,1.0,0.0,0.0,0.0,0.0,0.0,0.0,6.0,0.0,4.0,5.0,4.0,4.0,0.0,0.0,2.0,0.0,3.0,3.0,0.0,0.0,4.0,2.0,0.0,0.0,0.0,0.0,0.0,2.0,0.0,0.0
GNIEZNO (MIASTO),0.0,0.0,0.0,0.0,0.0,0.0,0.0,0.0,0.0,0.0,0.0,0.0,0.0,0.0,0.0,0.0,0.0,0.0,0.0,0.0,0.0,0.0,0.0,0.0,0.0,0.0,0.0,0.0,0.0,0.0,0.0,0.0,0.0,0.0,0.0,0.0,0.0,0.0,0.0,0.0,0.0,0.0,0.0,0.0,0.0,0.0,0.0,0.0,0.0,0.0,0.0,0.0,0.0,0.0,0.0,0.0,0.0,0.0,0.0,0.0,0.0,0.0,0.0,0.0,0.0,0.0,0.0,0.0,0.0,0.0,0.0,0.0,0.0,0.0,0.0,0.0,0.0,0.0,0.0,0.0,0.0
KALISKI,887.6231905849294,0.0051377344295058,868.839319463753,0.0025688672147529,113.82074439308839,2.9576360320892943,7.893023442405874,2.9550671648745412,54.414877787604,0.9850223882915137,22.94205616819512,0.0025688672147529,3.9400895531660547,755.0185750706646,8.91699263793218,0.0,0.012844336073764501,1.0085559922377894,38.618727580200755,0.0025688672147529,0.0,2.993600173095835,1.9833029116702914,1.003004458794784,0.0051377344295058,7.903298911264885,2.978600768820817,0.0,0.0,0.0,21.749213754909885,643.9862491993715,171.43050766769971,117.91231103879112,205.31895090354033,16.880117020029626,98.85093275194299,33.59342981736783,20.978890395229353,5.004246952967653,11.025997896857852,0.9850223882915137,12.854927122896981,0.0,0.9850223882915137,7.919539712580402,2.965342633733553,0.9850223882915137,0.0,0.0,0.0,2.9867211694785754,0.0,0.013258135087264023,0.0,0.0,0.0,1.0209865292980542,0.0102754688590116,0.025688672147529002,24.67005804796564,5.9208235976215935,5.9208235976215935,0.0,0.0,0.0,0.0025688672147529,0.0,0.0,0.0,0.0,4.930249675887074,4.930249675887074,4.925111941457568,0.0,0.0,0.0,0.0,3.005117038995345,17.732971856461997,0.0
KOLSKI,300.0,0.0,290.0,0.0,34.0,1.0,0.0,0.0,19.0,0.0,10.0,0.0,0.0,256.0,3.0,0.0,1.0,1.0,19.0,0.0,0.0,2.0,0.0,0.0,4.0,5.0,0.0,0.0,0.0,0.0,8.0,183.0,34.0,55.0,45.0,3.0,45.0,1.0,45.0,17.0,21.0,4.0,2.0,0.0,0.0,2.0,0.0,0.0,0.0,0.0,0.0,0.0,0.0,0.0,0.0,0.0,0.0,0.0,0.0,0.0,4.0,1.0,1.0,0.0,0.0,0.0,0.0,0.0,0.0,0.0,0.0,7.0,6.0,1.0,0.0,0.0,0.0,0.0,1.0,3.0,0.0
KONIŃSKI,372.0,2.0,357.0,2.0,0.0,0.0,0.0,0.0,0.0,0.0,0.0,0.0,0.0,357.0,1.0,0.0,0.0,1.0,43.0,0.0,0.0,4.0,1.0,21.0,0.0,3.0,4.0,0.0,0.0,0.0,10.0,260.0,64.0,60.0,55.0,9.0,58.0,14.0,41.0,12.0,25.0,2.0,0.0,0.0,0.0,0.0,0.0,1.0,0.0,0.0,0.0,7.0,5.0,0.0,0.0,1.0,0.0,0.0,0.0,0.0,4.0,6.0,6.0,0.0,0.0,0.0,0.0,0.0,0.0,0.0,0.0,6.0,6.0,2.0,2.0,0.0,0.0,0.0,1.0,0.0,0.0
TURECKI,233.56036166099742,0.0,229.4301316958509,0.0,40.55119225132252,0.03004429600570245,0.0801181226818732,0.03004429600570245,18.280584500434642,0.01001476533523415,21.90006143348421,0.0,0.0400590613409366,188.87893944452838,1.075120243961372,0.0,0.0,0.9950021212794989,6.300499983739721,0.0,0.0,0.03004429600570245,1.005016886614733,0.01001476533523415,0.0,0.0801181226818732,1.0150316519499671,0.0,0.0,0.0,4.16027426115221,155.25270298082143,54.92187162398581,46.50117544832904,20.797830952669734,9.035137214197363,17.74626158457592,6.250426157063551,19.91005719092521,4.975010606397494,13.899985401907283,0.01001476533523415,2.1001666612465737,0.0,0.01001476533523415,2.050092834570403,0.03004429600570245,0.01001476533523415,0.0,0.0,0.0,2.000019007894232,0.0,0.9849873559442648,0.0,0.0,0.0,0.01001476533523415,0.0,0.0,2.220343845269383,1.0450759479556697,1.0450759479556697,0.0,0.0,0.0,0.0,0.0,0.0,0.0,0.0,0.050073826676170746,0.050073826676170746,0.050073826676170746,0.0,0.0,0.0,0.0,2.985006363838497,0.1802657760342147,0.0
DOLIŃSKI,8.0,1.0,6.0,0.0,0.0,0.0,0.0,0.0,0.0,0.0,0.0,0.0,0.0,6.0,1.0,0.0,0.0,1.0,1.0,0.0,0.0,0.0,0.0,0.0,0.0,0.0,0.0,0.0,0.0,0.0,1.0,2.0,1.0,0.0,1.0,0.0,0.0,0.0,2.0,1.0,0.0,0.0,0.0,0.0,0.0,0.0,0.0,0.0,0.0,0.0,0.0,0.0,0.0,0.0,0.0,0.0,0.0,0.0,0.0,0.0,0.0,0.0,0.0,0.0,0.0,0.0,0.0,0.0,0.0,0.0,0.0,2.0,0.0,0.0,0.0,0.0,0.0,0.0,0.0,0.0,0.0
HORODEŃSKI,26.0,0.0,25.0,0.0,0.0,0.0,0.0,0.0,0.0,0.0,0.0,0.0,0.0,25.0,0.0,0.0,0.0,0.0,0.0,0.0,0.0,0.0,0.0,0.0,0.0,0.0,0.0,0.0,0.0,0.0,0.0,0.0,0.0,0.0,0.0,0.0,0.0,0.0,25.0,0.0,0.0,0.0,0.0,0.0,0.0,0.0,0.0,0.0,0.0,0.0,0.0,0.0,0.0,0.0,0.0,0.0,0.0,0.0,0.0,0.0,0.0,0.0,0.0,0.0,0.0,0.0,0.0,0.0,0.0,0.0,0.0,0.0,0.0,0.0,0.0,0.0,0.0,0.0,1.0,0.0,0.0
KAŁUSKI,8.0,0.0,8.0,0.0,2.0,0.0,0.0,1.0,0.0,0.0,0.0,0.0,1.0,6.0,1.0,0.0,0.0,1.0,0.0,0.0,0.0,0.0,0.0,0.0,0.0,0.0,0.0,0.0,0.0,0.0,0.0,4.0,2.0,1.0,1.0,0.0,0.0,0.0,1.0,0.0,1.0,0.0,0.0,0.0,0.0,0.0,0.0,0.0,0.0,0.0,0.0,0.0,0.0,0.0,0.0,0.0,0.0,0.0,0.0,0.0,0.0,0.0,0.0,0.0,0.0,0.0,0.0,0.0,0.0,0.0,0.0,0.0,0.0,0.0,0.0,0.0,0.0,0.0,0.0,0.0,0.0
KOŁOMYJSKI,139.0,1.0,136.0,1.0,4.0,0.0,0.0,2.0,2.0,0.0,0.0,0.0,0.0,132.0,1.0,0.0,0.0,0.0,2.0,0.0,0.0,0.0,0.0,0.0,0.0,1.0,1.0,0.0,0.0,0.0,0.0,11.0,3.0,0.0,6.0,0.0,0.0,2.0,112.0,0.0,0.0,0.0,0.0,0.0,0.0,0.0,0.0,0.0,1.0,0.0,0.0,0.0,0.0,0.0,0.0,0.0,0.0,2.0,0.0,0.0,3.0,0.0,0.0,0.0,0.0,0.0,0.0,0.0,0.0,0.0,0.0,0.0,0.0,0.0,0.0,0.0,0.0,0.0,3.0,1.0,0.0
KOSOWSKI (KOSÓW HUCULSKI),251.0,1.0,239.0,1.0,13.0,1.0,9.0,1.0,2.0,0.0,0.0,0.0,0.0,226.0,2.0,0.0,1.0,1.0,10.0,0.0,0.0,2.0,0.0,0.0,0.0,1.0,2.0,0.0,0.0,0.0,5.0,7.0,4.0,1.0,0.0,0.0,1.0,1.0,204.0,0.0,0.0,1.0,0.0,0.0,0.0,0.0,0.0,0.0,2.0,0.0,0.0,0.0,0.0,0.0,0.0,0.0,0.0,1.0,0.0,0.0,0.0,0.0,0.0,0.0,0.0,0.0,0.0,0.0,0.0,0.0,0.0,0.0,0.0,0.0,0.0,0.0,0.0,0.0,12.0,0.0,0.0
NADWÓRNIAŃSKI,16.0,1.0,14.0,0.0,0.0,0.0,0.0,0.0,0.0,0.0,0.0,0.0,0.0,14.0,0.0,0.0,0.0,0.0,2.0,0.0,0.0,0.0,0.0,0.0,0.0,0.0,0.0,0.0,0.0,0.0,2.0,3.0,3.0,0.0,0.0,0.0,0.0,0.0,8.0,0.0,0.0,0.0,0.0,0.0,0.0,0.0,0.0,0.0,0.0,0.0,0.0,0.0,0.0,0.0,0.0,0.0,0.0,1.0,0.0,0.0,0.0,0.0,0.0,0.0,0.0,0.0,0.0,0.0,0.0,0.0,0.0,2.0,1.0,0.0,0.0,0.0,0.0,0.0,0.0,0.0,0.0
ROHATYŃSKI,17.0,0.0,17.0,0.0,5.0,2.0,0.0,0.0,0.0,0.0,1.0,0.0,2.0,12.0,0.0,0.0,0.0,0.0,0.0,0.0,0.0,0.0,0.0,0.0,0.0,0.0,0.0,0.0,0.0,0.0,0.0,8.0,5.0,0.0,2.0,0.0,0.0,1.0,4.0,0.0,2.0,1.0,0.0,0.0,0.0,0.0,0.0,0.0,0.0,0.0,0.0,0.0,0.0,0.0,0.0,0.0,0.0,0.0,0.0,0.0,0.0,0.0,0.0,0.0,0.0,0.0,0.0,0.0,0.0,0.0,0.0,0.0,0.0,0.0,0.0,0.0,0.0,0.0,0.0,0.0,0.0
STANISŁAWOWSKI,53.0,1.0,50.0,1.0,4.0,0.0,0.0,1.0,2.0,0.0,0.0,0.0,1.0,46.0,0.0,0.0,0.0,0.0,2.0,0.0,0.0,0.0,0.0,0.0,0.0,0.0,0.0,0.0,0.0,0.0,2.0,17.0,6.0,3.0,7.0,0.0,0.0,1.0,27.0,0.0,3.0,0.0,0.0,0.0,0.0,0.0,0.0,0.0,0.0,0.0,0.0,0.0,0.0,0.0,0.0,0.0,0.0,0.0,0.0,0.0,0.0,1.0,0.0,0.0,0.0,0.0,0.0,0.0,0.0,0.0,0.0,0.0,0.0,1.0,0.0,0.0,0.0,0.0,1.0,4.0,0.0
STRYJSKI,12.0,0.0,10.0,0.0,3.0,0.0,0.0,2.0,0.0,0.0,0.0,0.0,1.0,7.0,1.0,0.0,0.0,1.0,1.0,0.0,0.0,0.0,0.0,0.0,0.0,1.0,0.0,0.0,0.0,0.0,0.0,2.0,1.0,0.0,1.0,0.0,0.0,0.0,3.0,0.0,0.0,0.0,0.0,0.0,0.0,0.0,0.0,0.0,0.0,0.0,0.0,0.0,0.0,0.0,0.0,0.0,0.0,0.0,0.0,0.0,0.0,0.0,0.0,0.0,0.0,0.0,0.0,0.0,0.0,0.0,0.0,0.0,0.0,0.0,0.0,0.0,0.0,0.0,2.0,1.0,0.0
ŚNIATYŃSKI,82.0,1.0,82.0,1.0,4.0,1.0,0.0,0.0,3.0,0.0,0.0,0.0,0.0,78.0,2.0,0.0,0.0,2.0,2.0,0.0,0.0,0.0,0.0,0.0,0.0,0.0,1.0,0.0,0.0,0.0,1.0,3.0,0.0,0.0,0.0,0.0,2.0,0.0,71.0,0.0,0.0,0.0,0.0,0.0,0.0,0.0,0.0,0.0,0.0,0.0,0.0,0.0,0.0,0.0,0.0,0.0,0.0,0.0,0.0,0.0,0.0,0.0,0.0,0.0,0.0,0.0,0.0,0.0,0.0,0.0,0.0,0.0,0.0,0.0,0.0,0.0,0.0,0.0,0.0,0.0,0.0
TŁUMACKI,9.0,1.0,8.0,0.0,0.0,0.0,0.0,0.0,0.0,0.0,0.0,0.0,0.0,8.0,0.0,0.0,0.0,0.0,3.0,0.0,0.0,0.0,0.0,0.0,0.0,0.0,0.0,0.0,0.0,0.0,3.0,1.0,1.0,0.0,0.0,0.0,0.0,0.0,3.0,0.0,0.0,1.0,0.0,0.0,0.0,0.0,0.0,0.0,1.0,0.0,0.0,0.0,0.0,0.0,0.0,0.0,0.0,0.0,0.0,0.0,0.0,0.0,0.0,0.0,0.0,0.0,0.0,0.0,0.0,0.0,0.0,0.0,0.0,0.0,0.0,0.0,0.0,0.0,1.0,0.0,0.0
ŻYDACZOWSKI,24.0,0.0,22.0,0.0,6.0,4.0,0.0,0.0,1.0,0.0,0.0,0.0,0.0,16.0,1.0,0.0,0.0,1.0,8.0,0.0,0.0,0.0,0.0,1.0,1.0,1.0,2.0,0.0,0.0,0.0,3.0,4.0,2.0,0.0,0.0,0.0,2.0,0.0,2.0,0.0,1.0,1.0,0.0,0.0,0.0,0.0,0.0,0.0,0.0,0.0,0.0,0.0,0.0,0.0,0.0,0.0,0.0,1.0,0.0,0.0,0.0,1.0,1.0,0.0,0.0,0.0,0.0,0.0,0.0,0.0,0.0,0.0,0.0,1.0,0.0,0.0,0.0,0.0,0.0,0.0,0.0
BIELSKI (BIELSKO),92.0,0.0,90.0,0.0,6.0,0.0,0.0,1.0,1.0,2.0,0.0,0.0,0.0,84.0,7.0,0.0,0.0,5.0,41.0,0.0,0.0,7.0,1.0,0.0,1.0,9.0,8.0,0.0,0.0,0.0,15.0,31.0,18.0,2.0,10.0,0.0,1.0,0.0,4.0,0.0,4.0,0.0,0.0,0.0,0.0,0.0,0.0,0.0,0.0,0.0,0.0,0.0,0.0,0.0,0.0,0.0,0.0,0.0,0.0,0.0,1.0,0.0,0.0,0.0,0.0,0.0,0.0,0.0,0.0,0.0,0.0,1.0,1.0,1.0,0.0,0.0,0.0,0.0,0.0,1.0,0.0
BIELSKO (MIASTO),21.0,1.0,21.0,1.0,0.0,0.0,0.0,0.0,0.0,0.0,0.0,0.0,0.0,21.0,0.0,0.0,0.0,0.0,16.0,0.0,0.0,0.0,0.0,2.0,0.0,4.0,4.0,0.0,0.0,0.0,6.0,3.0,0.0,0.0,2.0,0.0,1.0,0.0,1.0,0.0,0.0,0.0,1.0,0.0,0.0,0.0,1.0,0.0,0.0,0.0,0.0,0.0,0.0,0.0,0.0,0.0,0.0,0.0,0.0,0.0,0.0,0.0,0.0,0.0,0.0,0.0,0.0,0.0,0.0,0.0,0.0,0.0,0.0,0.0,0.0,0.0,0.0,0.0,0.0,13.0,0.0
CIESZYŃSKI,160.0,1.0,145.0,0.0,15.0,0.0,0.0,2.0,6.0,0.0,0.0,1.0,3.0,130.0,6.0,0.0,0.0,3.0,69.0,0.0,0.0,0.0,6.0,5.0,0.0,1.0,35.0,1.0,0.0,0.0,21.0,34.0,20.0,0.0,14.0,0.0,0.0,0.0,10.0,0.0,1.0,0.0,1.0,0.0,1.0,0.0,0.0,0.0,0.0,0.0,0.0,0.0,0.0,0.0,0.0,0.0,0.0,5.0,0.0,0.0,5.0,1.0,1.0,0.0,0.0,0.0,0.0,0.0,0.0,0.0,0.0,4.0,3.0,5.0,1.0,0.0,0.0,0.0,5.0,10.0,0.0
TARNOGÓRSKI,46.0,0.0,45.0,0.0,1.0,0.0,0.0,0.0,0.0,1.0,0.0,0.0,0.0,44.0,3.0,0.0,0.0,0.0,26.0,0.0,0.0,1.0,4.0,10.0,0.0,7.0,1.0,0.0,1.0,0.0,2.0,9.0,5.0,1.0,2.0,0.0,0.0,1.0,2.0,0.0,0.0,0.0,0.0,0.0,0.0,0.0,0.0,0.0,0.0,0.0,0.0,1.0,0.0,1.0,0.0,0.0,0.0,0.0,0.0,0.0,3.0,1.0,1.0,0.0,0.0,0.0,0.0,0.0,0.0,0.0,0.0,0.0,0.0,0.0,0.0,0.0,0.0,0.0,0.0,0.0,0.0
KATOWICE (MIASTO),1580.0,60.0,1456.0,39.0,12.0,0.0,0.0,1.0,0.0,3.0,0.0,0.0,3.0,1444.0,63.0,0.0,6.0,4.0,850.0,7.0,1.0,28.0,66.0,221.0,1.0,93.0,87.0,16.0,28.0,19.0,283.0,396.0,272.0,16.0,64.0,2.0,24.0,18.0,35.0,4.0,5.0,2.0,37.0,5.0,12.0,13.0,4.0,4.0,6.0,2.0,3.0,14.0,1.0,2.0,0.0,3.0,5.0,10.0,3.0,2.0,29.0,67.0,60.0,3.0,0.0,3.0,1.0,7.0,0.0,7.0,0.0,8.0,3.0,13.0,7.0,0.0,0.0,0.0,25.0,59.0,0.0
KATOWICKI,425.0,4.0,406.0,4.0,2.0,0.0,0.0,0.0,1.0,0.0,0.0,1.0,0.0,404.0,21.0,0.0,0.0,2.0,301.0,5.0,0.0,6.0,34.0,115.0,6.0,56.0,38.0,0.0,0.0,1.0,40.0,55.0,17.0,2.0,26.0,0.0,5.0,5.0,4.0,0.0,0.0,1.0,3.0,0.0,0.0,3.0,0.0,1.0,0.0,0.0,0.0,1.0,0.0,0.0,0.0,0.0,1.0,3.0,0.0,3.0,15.0,2.0,2.0,0.0,0.0,0.0,0.0,0.0,0.0,0.0,0.0,4.0,3.0,12.0,0.0,0.0,0.0,0.0,1.0,3.0,0.0
LUBLINIECKI,43.0,0.0,41.0,0.0,5.0,0.0,0.0,0.0,5.0,0.0,0.0,0.0,0.0,36.0,0.0,0.0,0.0,0.0,21.0,0.0,0.0,0.0,0.0,8.0,1.0,0.0,6.0,0.0,0.0,0.0,6.0,11.0,8.0,0.0,3.0,0.0,0.0,0.0,0.0,0.0,0.0,0.0,0.0,0.0,0.0,0.0,0.0,0.0,0.0,0.0,0.0,0.0,0.0,0.0,0.0,0.0,0.0,4.0,0.0,1.0,0.0,0.0,0.0,0.0,0.0,0.0,0.0,0.0,0.0,0.0,0.0,2.0,2.0,0.0,0.0,0.0,0.0,0.0,0.0,2.0,0.0
PSZCZYŃSKI,249.0,3.0,238.0,1.0,11.0,0.0,0.0,0.0,4.0,0.0,5.0,0.0,1.0,227.0,15.0,0.0,0.0,4.0,137.0,0.0,0.0,1.0,18.0,41.0,2.0,16.0,17.0,1.0,0.0,0.0,41.0,61.0,22.0,3.0,27.0,1.0,1.0,7.0,3.0,0.0,2.0,1.0,1.0,0.0,0.0,1.0,0.0,1.0,0.0,0.0,0.0,1.0,0.0,0.0,0.0,0.0,0.0,3.0,2.0,1.0,5.0,1.0,1.0,0.0,0.0,0.0,1.0,0.0,0.0,0.0,0.0,4.0,3.0,4.0,0.0,0.0,0.0,0.0,1.0,4.0,0.0
RYBNICKI,351.0,1.0,336.0,1.0,4.0,0.0,0.0,0.0,1.0,1.0,0.0,0.0,2.0,332.0,46.0,0.0,0.0,13.0,180.0,0.0,0.0,7.0,13.0,44.0,2.0,29.0,40.0,0.0,0.0,0.0,45.0,78.0,34.0,3.0,26.0,2.0,4.0,9.0,13.0,0.0,11.0,0.0,3.0,0.0,0.0,2.0,0.0,0.0,0.0,0.0,0.0,1.0,0.0,0.0,0.0,1.0,0.0,0.0,0.0,0.0,11.0,3.0,3.0,0.0,0.0,0.0,0.0,0.0,0.0,0.0,0.0,1.0,1.0,8.0,0.0,0.0,0.0,0.0,3.0,8.0,0.0
ŚWIĘTOCHŁOWICKI,669.0,2.0,651.0,2.0,1.0,0.0,0.0,0.0,0.0,0.0,0.0,0.0,1.0,650.0,10.0,0.0,1.0,0.0,447.0,5.0,0.0,18.0,77.0,76.0,10.0,103.0,69.0,2.0,1.0,4.0,82.0,138.0,41.0,6.0,62.0,1.0,9.0,18.0,17.0,2.0,9.0,0.0,9.0,0.0,2.0,7.0,0.0,4.0,0.0,0.0,0.0,1.0,0.0,1.0,0.0,0.0,0.0,2.0,0.0,2.0,22.0,8.0,8.0,0.0,0.0,0.0,0.0,1.0,0.0,0.0,0.0,0.0,0.0,8.0,0.0,0.0,0.0,0.0,1.0,2.0,0.0
CHORZÓW,890.0,42.0,842.0,30.0,15.0,0.0,0.0,0.0,1.0,2.0,0.0,0.0,4.0,827.0,20.0,0.0,1.0,0.0,551.0,3.0,0.0,16.0,32.0,130.0,11.0,80.0,46.0,8.0,10.0,3.0,212.0,170.0,88.0,12.0,45.0,3.0,12.0,10.0,20.0,3.0,9.0,0.0,16.0,2.0,8.0,5.0,1.0,5.0,2.0,1.0,1.0,12.0,0.0,0.0,0.0,2.0,4.0,4.0,1.0,1.0,27.0,23.0,22.0,0.0,0.0,1.0,3.0,6.0,0.0,6.0,0.0,2.0,1.0,7.0,4.0,1.0,0.0,0.0,5.0,12.0,0.0
BORSZCZOWSKI,56.0,0.0,56.0,0.0,8.0,0.0,0.0,0.0,7.0,0.0,0.0,0.0,1.0,48.0,0.0,0.0,0.0,0.0,8.0,0.0,0.0,2.0,0.0,2.0,0.0,0.0,0.0,0.0,0.0,0.0,4.0,38.0,14.0,13.0,1.0,0.0,0.0,10.0,1.0,0.0,0.0,0.0,0.0,0.0,0.0,0.0,0.0,0.0,0.0,0.0,0.0,0.0,0.0,0.0,0.0,0.0,0.0,0.0,0.0,0.0,1.0,0.0,0.0,0.0,0.0,0.0,0.0,0.0,0.0,0.0,0.0,0.0,0.0,0.0,0.0,0.0,0.0,0.0,0.0,0.0,0.0
BRODZKI,9.0,0.0,7.0,0.0,2.0,0.0,0.0,0.0,2.0,0.0,0.0,0.0,0.0,5.0,0.0,0.0,0.0,0.0,2.0,0.0,0.0,0.0,0.0,0.0,0.0,0.0,0.0,0.0,0.0,0.0,2.0,1.0,0.0,0.0,1.0,0.0,0.0,0.0,0.0,0.0,0.0,0.0,0.0,0.0,0.0,0.0,0.0,0.0,1.0,1.0,0.0,1.0,0.0,0.0,0.0,1.0,0.0,0.0,0.0,0.0,0.0,0.0,0.0,0.0,0.0,0.0,0.0,0.0,0.0,0.0,0.0,0.0,0.0,1.0,0.0,0.0,0.0,0.0,1.0,0.0,0.0
BRZEŻAŃSKI,12.0,0.0,11.0,0.0,4.0,0.0,0.0,2.0,2.0,0.0,0.0,0.0,0.0,7.0,1.0,0.0,0.0,0.0,3.0,0.0,0.0,0.0,0.0,0.0,0.0,0.0,0.0,0.0,0.0,0.0,3.0,1.0,1.0,0.0,0.0,0.0,0.0,0.0,2.0,0.0,0.0,0.0,0.0,0.0,0.0,0.0,0.0,0.0,0.0,0.0,0.0,0.0,0.0,0.0,0.0,0.0,0.0,0.0,0.0,0.0,0.0,0.0,0.0,0.0,0.0,0.0,0.0,0.0,0.0,0.0,0.0,0.0,0.0,0.0,0.0,0.0,0.0,0.0,1.0,0.0,0.0
BUCZACKI,17.0,0.0,16.0,0.0,0.0,0.0,0.0,0.0,0.0,0.0,0.0,0.0,0.0,16.0,0.0,0.0,0.0,0.0,7.0,0.0,0.0,0.0,0.0,0.0,0.0,0.0,0.0,0.0,0.0,0.0,7.0,3.0,1.0,0.0,2.0,0.0,0.0,0.0,1.0,0.0,0.0,1.0,0.0,0.0,0.0,0.0,0.0,0.0,0.0,0.0,0.0,0.0,0.0,0.0,0.0,0.0,0.0,0.0,0.0,0.0,5.0,1.0,1.0,0.0,0.0,0.0,0.0,0.0,0.0,0.0,0.0,0.0,0.0,0.0,0.0,0.0,0.0,0.0,0.0,0.0,0.0
CZORTKOWSKI,20.0,0.0,20.0,0.0,0.0,0.0,0.0,0.0,0.0,0.0,0.0,0.0,0.0,20.0,0.0,0.0,0.0,0.0,5.0,0.0,0.0,0.0,0.0,0.0,0.0,0.0,1.0,0.0,0.0,0.0,4.0,9.0,4.0,1.0,3.0,0.0,1.0,0.0,1.0,0.0,1.0,0.0,0.0,0.0,0.0,0.0,0.0,0.0,0.0,0.0,0.0,1.0,0.0,1.0,0.0,0.0,0.0,0.0,0.0,0.0,4.0,0.0,0.0,0.0,0.0,0.0,0.0,0.0,0.0,0.0,0.0,0.0,0.0,0.0,0.0,0.0,0.0,0.0,0.0,0.0,0.0
KAMIONECKI,9.0,0.0,9.0,0.0,5.0,1.0,0.0,0.0,3.0,0.0,0.0,0.0,1.0,4.0,0.0,0.0,0.0,0.0,1.0,0.0,0.0,0.0,0.0,0.0,0.0,0.0,0.0,0.0,0.0,0.0,1.0,2.0,2.0,0.0,0.0,0.0,0.0,0.0,1.0,0.0,1.0,0.0,0.0,0.0,0.0,0.0,0.0,0.0,0.0,0.0,0.0,0.0,0.0,0.0,0.0,0.0,0.0,0.0,0.0,0.0,0.0,0.0,0.0,0.0,0.0,0.0,0.0,0.0,0.0,0.0,0.0,0.0,0.0,0.0,0.0,0.0,0.0,0.0,0.0,0.0,0.0
PODHAJECKI,28.0,0.0,28.0,0.0,13.0,0.0,0.0,0.0,11.0,0.0,0.0,0.0,2.0,15.0,1.0,0.0,1.0,0.0,9.0,0.0,0.0,2.0,0.0,1.0,0.0,0.0,1.0,0.0,0.0,0.0,5.0,1.0,0.0,1.0,0.0,0.0,0.0,0.0,1.0,0.0,1.0,0.0,0.0,0.0,0.0,0.0,0.0,0.0,0.0,0.0,0.0,0.0,0.0,0.0,0.0,0.0,0.0,1.0,0.0,0.0,2.0,0.0,0.0,0.0,0.0,0.0,0.0,0.0,0.0,0.0,0.0,0.0,0.0,0.0,0.0,0.0,0.0,0.0,0.0,0.0,0.0
PRZEMYŚLAŃSKI,14.0,0.0,14.0,0.0,0.0,0.0,0.0,0.0,0.0,0.0,0.0,0.0,0.0,14.0,1.0,0.0,0.0,1.0,1.0,0.0,0.0,0.0,0.0,0.0,0.0,0.0,0.0,0.0,0.0,0.0,1.0,1.0,1.0,0.0,0.0,0.0,0.0,0.0,9.0,0.0,0.0,0.0,0.0,0.0,0.0,0.0,0.0,0.0,0.0,0.0,0.0,0.0,0.0,0.0,0.0,0.0,0.0,0.0,0.0,0.0,2.0,0.0,0.0,0.0,0.0,0.0,0.0,0.0,0.0,0.0,0.0,0.0,0.0,0.0,0.0,0.0,0.0,0.0,0.0,0.0,0.0
RADZIECHOWSKI,15.0,0.0,14.0,0.0,7.0,1.0,1.0,0.0,5.0,0.0,0.0,0.0,0.0,7.0,0.0,0.0,0.0,0.0,1.0,0.0,0.0,0.0,0.0,1.0,0.0,0.0,0.0,0.0,0.0,0.0,0.0,1.0,1.0,0.0,0.0,0.0,0.0,0.0,5.0,0.0,5.0,0.0,0.0,0.0,0.0,0.0,0.0,0.0,0.0,0.0,0.0,0.0,0.0,0.0,0.0,0.0,0.0,0.0,0.0,0.0,0.0,1.0,1.0,0.0,0.0,0.0,0.0,0.0,0.0,0.0,0.0,0.0,0.0,0.0,0.0,0.0,0.0,0.0,0.0,0.0,0.0
SKAŁACKI,14.0,0.0,13.0,0.0,7.0,1.0,0.0,0.0,4.0,0.0,1.0,0.0,0.0,6.0,0.0,0.0,0.0,0.0,1.0,0.0,0.0,0.0,1.0,0.0,0.0,0.0,0.0,0.0,0.0,0.0,0.0,4.0,2.0,0.0,1.0,0.0,0.0,1.0,0.0,0.0,0.0,0.0,0.0,0.0,0.0,0.0,0.0,0.0,0.0,0.0,0.0,0.0,0.0,0.0,0.0,0.0,0.0,0.0,0.0,0.0,1.0,0.0,0.0,0.0,0.0,0.0,0.0,0.0,0.0,0.0,0.0,1.0,0.0,0.0,0.0,0.0,0.0,0.0,0.0,0.0,0.0
TARNOPOLSKI,78.0,0.0,76.0,0.0,16.0,3.0,0.0,0.0,7.0,0.0,1.0,0.0,0.0,60.0,0.0,0.0,0.0,0.0,11.0,0.0,0.0,0.0,0.0,0.0,1.0,0.0,0.0,0.0,0.0,0.0,10.0,38.0,28.0,5.0,3.0,1.0,1.0,0.0,4.0,0.0,1.0,0.0,0.0,0.0,0.0,0.0,0.0,0.0,0.0,0.0,0.0,0.0,0.0,0.0,0.0,0.0,0.0,2.0,0.0,2.0,5.0,0.0,0.0,0.0,0.0,0.0,0.0,0.0,0.0,0.0,0.0,0.0,0.0,2.0,0.0,0.0,0.0,0.0,0.0,3.0,0.0
TREMBOWELSKI,14.0,0.0,13.0,0.0,1.0,0.0,0.0,0.0,1.0,0.0,0.0,0.0,0.0,12.0,0.0,0.0,0.0,0.0,1.0,0.0,0.0,0.0,0.0,0.0,0.0,0.0,0.0,0.0,0.0,0.0,1.0,10.0,8.0,1.0,0.0,0.0,0.0,1.0,0.0,0.0,0.0,0.0,0.0,0.0,0.0,0.0,0.0,0.0,0.0,0.0,0.0,0.0,0.0,0.0,0.0,0.0,0.0,0.0,0.0,0.0,1.0,0.0,0.0,0.0,0.0,0.0,0.0,0.0,0.0,0.0,0.0,0.0,0.0,0.0,0.0,0.0,0.0,0.0,1.0,0.0,0.0
ZALESZCZYCKI,24.0,0.0,21.0,0.0,1.0,0.0,0.0,0.0,0.0,0.0,0.0,0.0,0.0,20.0,0.0,0.0,0.0,0.0,1.0,0.0,0.0,0.0,0.0,0.0,0.0,0.0,0.0,0.0,0.0,0.0,1.0,12.0,7.0,1.0,2.0,0.0,1.0,1.0,7.0,0.0,1.0,1.0,0.0,0.0,0.0,0.0,0.0,0.0,0.0,0.0,0.0,0.0,0.0,0.0,0.0,0.0,0.0,0.0,0.0,0.0,0.0,0.0,0.0,0.0,0.0,0.0,0.0,0.0,0.0,0.0,0.0,0.0,0.0,3.0,0.0,0.0,0.0,0.0,0.0,0.0,0.0
ZBARASKI,13.0,0.0,13.0,0.0,10.0,1.0,0.0,0.0,9.0,0.0,0.0,0.0,0.0,3.0,0.0,0.0,0.0,0.0,1.0,0.0,0.0,0.0,0.0,0.0,0.0,0.0,1.0,0.0,0.0,0.0,0.0,0.0,0.0,0.0,0.0,0.0,0.0,0.0,1.0,0.0,1.0,0.0,0.0,0.0,0.0,0.0,0.0,0.0,0.0,0.0,0.0,0.0,0.0,0.0,0.0,0.0,0.0,0.0,0.0,0.0,1.0,0.0,0.0,0.0,0.0,0.0,0.0,0.0,0.0,0.0,0.0,0.0,0.0,0.0,0.0,0.0,0.0,0.0,0.0,0.0,0.0
ZBOROWSKI,6.0,0.0,6.0,0.0,4.0,2.0,0.0,0.0,0.0,0.0,1.0,0.0,0.0,2.0,0.0,0.0,0.0,0.0,0.0,0.0,0.0,0.0,0.0,0.0,0.0,0.0,0.0,0.0,0.0,0.0,0.0,1.0,1.0,0.0,0.0,0.0,0.0,0.0,0.0,0.0,0.0,0.0,0.0,0.0,0.0,0.0,0.0,0.0,0.0,0.0,0.0,0.0,0.0,0.0,0.0,0.0,0.0,0.0,0.0,0.0,1.0,0.0,0.0,0.0,0.0,0.0,0.0,0.0,0.0,0.0,0.0,0.0,0.0,0.0,0.0,0.0,0.0,0.0,0.0,0.0,0.0
ZŁOCZOWSKI,2.0,0.0,2.0,0.0,0.0,0.0,0.0,0.0,0.0,0.0,0.0,0.0,0.0,2.0,0.0,0.0,0.0,0.0,0.0,0.0,0.0,0.0,0.0,0.0,0.0,0.0,0.0,0.0,0.0,0.0,0.0,0.0,0.0,0.0,0.0,0.0,0.0,0.0,2.0,0.0,0.0,0.0,0.0,0.0,0.0,0.0,0.0,0.0,0.0,0.0,0.0,0.0,0.0,0.0,0.0,0.0,0.0,0.0,0.0,0.0,0.0,0.0,0.0,0.0,0.0,0.0,0.0,0.0,0.0,0.0,0.0,0.0,0.0,0.0,0.0,0.0,0.0,0.0,0.0,0.0,0.0
KOPYCZYNIECKI,22.0,0.0,22.0,0.0,1.0,0.0,0.0,0.0,1.0,0.0,0.0,0.0,0.0,21.0,5.0,0.0,1.0,4.0,3.0,0.0,0.0,0.0,0.0,0.0,0.0,0.0,0.0,0.0,0.0,0.0,3.0,10.0,7.0,1.0,1.0,1.0,0.0,0.0,0.0,0.0,0.0,0.0,0.0,0.0,0.0,0.0,0.0,0.0,0.0,0.0,0.0,0.0,0.0,0.0,0.0,0.0,0.0,0.0,0.0,0.0,3.0,0.0,0.0,0.0,0.0,0.0,0.0,0.0,0.0,0.0,0.0,0.0,0.0,0.0,0.0,0.0,0.0,0.0,0.0,0.0,0.0
BŁOŃSKI,230.0,0.0,230.0,0.0,7.0,1.0,1.0,0.0,3.0,0.0,1.0,0.0,0.0,223.0,4.0,0.0,0.0,0.0,20.0,0.0,0.0,0.0,0.0,3.0,2.0,5.0,2.0,0.0,0.0,0.0,8.0,179.0,22.0,52.0,54.0,2.0,46.0,3.0,15.0,7.0,6.0,0.0,0.0,0.0,0.0,0.0,0.0,0.0,0.0,0.0,0.0,0.0,0.0,0.0,0.0,0.0,0.0,1.0,0.0,1.0,4.0,0.0,0.0,0.0,0.0,0.0,0.0,0.0,0.0,0.0,0.0,0.0,0.0,0.0,0.0,0.0,0.0,0.0,0.0,1.0,0.0
CIECHANOWSKI,113.0,1.0,110.0,1.0,19.0,7.0,0.0,0.0,3.0,0.0,9.0,0.0,0.0,91.0,2.0,1.0,0.0,0.0,19.0,0.0,0.0,0.0,0.0,8.0,0.0,8.0,0.0,0.0,0.0,0.0,3.0,64.0,11.0,24.0,12.0,2.0,12.0,3.0,3.0,0.0,2.0,0.0,1.0,0.0,1.0,0.0,0.0,0.0,0.0,0.0,0.0,0.0,0.0,0.0,0.0,0.0,0.0,0.0,0.0,0.0,2.0,0.0,0.0,0.0,0.0,0.0,0.0,0.0,0.0,0.0,0.0,0.0,0.0,0.0,0.0,0.0,0.0,0.0,3.0,3.0,0.0
GOSTYNIŃSKI,87.0,0.0,84.0,0.0,16.0,2.0,0.0,0.0,9.0,0.0,2.0,0.0,0.0,68.0,0.0,0.0,0.0,0.0,21.0,0.0,0.0,1.0,0.0,2.0,0.0,3.0,0.0,0.0,0.0,0.0,15.0,34.0,6.0,7.0,9.0,1.0,9.0,2.0,6.0,2.0,3.0,0.0,0.0,0.0,0.0,0.0,0.0,0.0,0.0,0.0,0.0,0.0,0.0,0.0,0.0,0.0,0.0,5.0,0.0,0.0,2.0,0.0,0.0,0.0,0.0,0.0,0.0,1.0,1.0,0.0,0.0,2.0,2.0,0.0,0.0,0.0,0.0,0.0,0.0,1.0,0.0
GRÓJECKI,296.0,0.0,293.0,0.0,57.0,2.0,21.0,0.0,9.0,0.0,24.0,0.0,0.0,236.0,2.0,0.0,0.0,0.0,18.0,0.0,0.0,2.0,2.0,7.0,1.0,0.0,1.0,0.0,0.0,0.0,5.0,188.0,29.0,54.0,59.0,6.0,37.0,3.0,19.0,1.0,10.0,0.0,3.0,0.0,0.0,3.0,0.0,0.0,0.0,0.0,0.0,0.0,0.0,0.0,0.0,0.0,0.0,1.0,0.0,1.0,5.0,0.0,0.0,0.0,0.0,0.0,0.0,0.0,0.0,0.0,0.0,3.0,3.0,0.0,0.0,0.0,0.0,0.0,0.0,0.0,0.0
KUTNOWSKI,314.0,0.0,312.0,0.0,24.0,0.0,0.0,0.0,16.0,1.0,7.0,0.0,0.0,288.0,2.0,0.0,0.0,0.0,82.0,0.0,0.0,5.0,0.0,4.0,2.0,55.0,8.0,0.0,0.0,0.0,8.0,169.0,32.0,39.0,68.0,4.0,21.0,5.0,14.0,2.0,7.0,2.0,7.0,0.0,0.0,7.0,0.0,0.0,0.0,0.0,0.0,2.0,0.0,1.0,0.0,0.0,0.0,0.0,0.0,0.0,12.0,0.0,0.0,0.0,0.0,0.0,0.0,0.0,0.0,0.0,0.0,0.0,0.0,2.0,0.0,0.0,0.0,0.0,0.0,0.0,0.0
ŁOWICKI,47.0,0.0,46.0,0.0,5.0,1.0,0.0,0.0,2.0,0.0,2.0,0.0,0.0,41.0,0.0,0.0,0.0,0.0,4.0,0.0,0.0,0.0,0.0,0.0,0.0,1.0,2.0,0.0,0.0,0.0,1.0,31.0,4.0,5.0,12.0,3.0,6.0,1.0,5.0,0.0,4.0,0.0,0.0,0.0,0.0,0.0,0.0,0.0,0.0,0.0,0.0,1.0,0.0,0.0,0.0,0.0,0.0,0.0,0.0,0.0,0.0,0.0,0.0,0.0,0.0,0.0,0.0,0.0,0.0,0.0,0.0,1.0,1.0,0.0,0.0,0.0,0.0,0.0,0.0,0.0,0.0
MAKOWSKI (MAKÓW MAZOWIECKI),232.0,0.0,228.0,0.0,11.0,0.0,1.0,0.0,3.0,0.0,7.0,0.0,0.0,217.0,0.0,0.0,0.0,0.0,70.0,0.0,0.0,6.0,0.0,44.0,4.0,11.0,0.0,0.0,0.0,0.0,5.0,126.0,18.0,33.0,15.0,8.0,42.0,10.0,15.0,4.0,9.0,0.0,4.0,0.0,0.0,4.0,0.0,0.0,0.0,0.0,0.0,1.0,0.0,0.0,0.0,0.0,0.0,0.0,0.0,0.0,1.0,0.0,0.0,0.0,0.0,0.0,0.0,0.0,0.0,0.0,0.0,3.0,3.0,0.0,0.0,0.0,0.0,0.0,1.0,1.0,0.0
MIŃSKI,439.0,7.0,434.0,6.0,103.0,24.0,0.0,0.0,42.0,1.0,26.0,2.0,4.0,331.0,13.0,0.0,0.0,0.0,88.0,0.0,0.0,9.0,1.0,42.0,3.0,8.0,9.0,0.0,0.0,0.0,16.0,182.0,37.0,43.0,47.0,12.0,40.0,0.0,21.0,1.0,13.0,0.0,4.0,0.0,1.0,3.0,0.0,0.0,0.0,0.0,0.0,4.0,0.0,0.0,0.0,0.0,0.0,0.0,0.0,0.0,19.0,0.0,0.0,0.0,0.0,0.0,0.0,0.0,0.0,0.0,0.0,3.0,3.0,0.0,0.0,0.0,0.0,0.0,2.0,1.0,0.0
MŁAWSKI,230.0,1.0,229.0,1.0,10.0,0.0,0.0,0.0,4.0,1.0,4.0,0.0,0.0,219.0,5.0,0.0,0.0,0.0,77.0,0.0,0.0,4.0,0.0,15.0,2.0,37.0,4.0,0.0,0.0,0.0,15.0,113.0,19.0,20.0,28.0,4.0,25.0,17.0,13.0,2.0,9.0,0.0,4.0,0.0,0.0,4.0,0.0,0.0,0.0,0.0,0.0,0.0,0.0,0.0,0.0,0.0,0.0,1.0,0.0,0.0,6.0,0.0,0.0,0.0,0.0,0.0,0.0,1.0,1.0,0.0,0.0,0.0,0.0,0.0,0.0,0.0,0.0,0.0,0.0,2.0,0.0
PŁOCKI,230.0,1.0,218.0,0.0,41.0,0.0,0.0,0.0,12.0,0.0,28.0,0.0,0.0,177.0,2.0,0.0,0.0,0.0,19.0,0.0,0.0,3.0,0.0,0.0,1.0,8.0,2.0,0.0,0.0,0.0,5.0,129.0,22.0,38.0,38.0,6.0,22.0,3.0,17.0,4.0,13.0,0.0,0.0,0.0,0.0,0.0,0.0,1.0,0.0,0.0,0.0,0.0,0.0,0.0,0.0,0.0,0.0,1.0,0.0,0.0,8.0,1.0,1.0,0.0,0.0,0.0,0.0,1.0,1.0,0.0,0.0,5.0,5.0,2.0,0.0,0.0,0.0,0.0,3.0,1.0,0.0
PŁOŃSKI,156.0,0.0,151.0,0.0,19.0,2.0,0.0,0.0,7.0,0.0,8.0,0.0,0.0,132.0,13.0,0.0,0.0,4.0,35.0,0.0,1.0,1.0,5.0,3.0,1.0,8.0,2.0,0.0,0.0,0.0,14.0,70.0,8.0,22.0,11.0,4.0,21.0,4.0,6.0,0.0,6.0,0.0,0.0,0.0,0.0,0.0,0.0,0.0,0.0,0.0,0.0,1.0,0.0,0.0,0.0,0.0,0.0,1.0,0.0,0.0,6.0,0.0,0.0,0.0,0.0,0.0,0.0,1.0,0.0,0.0,0.0,4.0,4.0,0.0,0.0,0.0,0.0,0.0,0.0,1.0,0.0
PRZASNYCKI,84.0,1.0,80.0,1.0,14.0,8.0,0.0,0.0,0.0,0.0,5.0,0.0,0.0,66.0,0.0,0.0,0.0,0.0,24.0,0.0,0.0,3.0,0.0,11.0,1.0,1.0,0.0,0.0,0.0,0.0,8.0,33.0,6.0,5.0,7.0,1.0,11.0,3.0,4.0,1.0,3.0,0.0,2.0,0.0,0.0,2.0,0.0,0.0,0.0,0.0,0.0,1.0,0.0,1.0,0.0,0.0,0.0,0.0,0.0,0.0,2.0,0.0,0.0,0.0,0.0,0.0,0.0,2.0,2.0,0.0,0.0,2.0,2.0,0.0,0.0,0.0,0.0,0.0,0.0,1.0,0.0
PUŁTUSKI,167.0,0.0,159.0,0.0,38.0,11.0,1.0,1.0,9.0,1.0,8.0,1.0,1.0,121.0,2.0,0.0,1.0,0.0,37.0,0.0,0.0,1.0,0.0,25.0,4.0,2.0,0.0,0.0,0.0,0.0,5.0,65.0,8.0,14.0,21.0,3.0,17.0,2.0,8.0,0.0,6.0,1.0,4.0,0.0,0.0,4.0,0.0,0.0,0.0,0.0,0.0,0.0,0.0,0.0,0.0,0.0,0.0,0.0,0.0,0.0,5.0,0.0,0.0,0.0,0.0,0.0,0.0,0.0,0.0,0.0,0.0,6.0,6.0,1.0,0.0,0.0,0.0,0.0,1.0,0.0,0.0
RADZYMIŃSKI,92.0,0.0,91.0,0.0,20.0,1.0,0.0,0.0,12.0,0.0,7.0,0.0,0.0,71.0,2.0,0.0,0.0,1.0,14.0,0.0,0.0,2.0,0.0,8.0,1.0,0.0,0.0,0.0,0.0,0.0,3.0,46.0,12.0,8.0,15.0,3.0,8.0,0.0,6.0,0.0,4.0,0.0,1.0,0.0,0.0,1.0,0.0,0.0,0.0,0.0,0.0,0.0,0.0,0.0,0.0,0.0,0.0,0.0,0.0,0.0,2.0,0.0,0.0,0.0,0.0,0.0,0.0,0.0,0.0,0.0,0.0,0.0,0.0,1.0,0.0,0.0,0.0,0.0,0.0,1.0,0.0
RAWSKI (RAWA MAZOWIECKA),139.0,0.0,134.0,0.0,29.0,10.0,1.0,0.0,9.0,0.0,9.0,0.0,0.0,105.0,0.0,0.0,0.0,0.0,23.0,0.0,0.0,2.0,0.0,12.0,1.0,2.0,2.0,0.0,0.0,0.0,4.0,64.0,11.0,18.0,17.0,5.0,6.0,7.0,8.0,0.0,7.0,0.0,3.0,0.0,0.0,3.0,0.0,0.0,0.0,0.0,0.0,1.0,0.0,0.0,0.0,0.0,0.0,6.0,5.0,0.0,0.0,0.0,0.0,0.0,0.0,0.0,0.0,1.0,1.0,0.0,0.0,1.0,1.0,0.0,0.0,0.0,0.0,0.0,3.0,0.0,0.0
SIERPECKI,375.8318105819566,0.0,373.78392010922573,0.0,33.37115116366441,0.02394523636544578,3.0239452363654458,0.0,15.215507127289012,1.0119726181827229,13.08380832727906,0.0,0.01197261818272289,340.4127689455613,3.191561890923566,1.0239452363654458,0.0,0.04789047273089156,48.62257614550159,0.0,0.01197261818272289,3.0359178545481686,1.0,5.035917854548169,2.119726181827229,25.16761665455812,0.03591785454816867,0.0,0.0,0.0,12.215507127289012,254.4669321091262,40.09578094546178,56.11972618182723,54.143671418192675,15.059863090913614,70.0478904727309,19.0,17.071835709096337,5.035917854548169,6.023945236365446,4.0,2.0,0.0,0.0,2.0,0.0,0.0,0.0,0.0,0.0,2.0,0.0,0.0,0.0,0.0,0.0,1.0,1.0,0.0,12.059863090913614,0.0,0.0,0.0,0.0,0.0,0.0,1.0239452363654458,1.0239452363654458,0.0,0.0,1.0119726181827229,1.0119726181827229,0.0,0.0,0.0,0.0,0.0,0.01197261818272289,1.0,0.0
SKIERNIEWICKI,55.0,0.0,53.0,0.0,23.0,0.0,2.0,0.0,1.0,0.0,19.0,0.0,0.0,30.0,0.0,0.0,0.0,0.0,16.0,4.0,0.0,1.0,2.0,3.0,0.0,0.0,1.0,0.0,0.0,0.0,5.0,10.0,1.0,1.0,5.0,0.0,0.0,2.0,3.0,1.0,0.0,0.0,0.0,0.0,0.0,0.0,0.0,0.0,0.0,0.0,0.0,0.0,0.0,0.0,0.0,0.0,0.0,0.0,0.0,0.0,1.0,0.0,0.0,0.0,0.0,0.0,0.0,0.0,0.0,0.0,0.0,1.0,0.0,0.0,0.0,0.0,0.0,0.0,1.0,0.0,0.0
SOCHACZEWSKI,50.0,0.0,47.0,0.0,34.0,0.0,4.0,0.0,17.0,0.0,13.0,0.0,0.0,13.0,1.0,0.0,0.0,1.0,2.0,0.0,0.0,2.0,0.0,0.0,0.0,0.0,0.0,0.0,0.0,0.0,0.0,4.0,2.0,0.0,1.0,0.0,0.0,1.0,4.0,2.0,1.0,0.0,0.0,0.0,0.0,0.0,0.0,0.0,0.0,0.0,0.0,0.0,0.0,0.0,0.0,0.0,0.0,0.0,0.0,0.0,2.0,0.0,0.0,0.0,0.0,0.0,0.0,0.0,0.0,0.0,0.0,3.0,3.0,0.0,0.0,0.0,0.0,0.0,0.0,1.0,0.0
WARSZAWSKI,237.0,6.0,233.0,5.0,83.0,1.0,9.0,0.0,37.0,1.0,30.0,0.0,0.0,150.0,0.0,0.0,0.0,0.0,57.0,0.0,0.0,1.0,8.0,16.0,7.0,6.0,3.0,1.0,0.0,0.0,15.0,73.0,23.0,12.0,34.0,0.0,3.0,1.0,7.0,4.0,2.0,0.0,0.0,0.0,0.0,0.0,0.0,0.0,0.0,0.0,0.0,0.0,0.0,0.0,0.0,0.0,0.0,5.0,0.0,3.0,8.0,0.0,0.0,0.0,0.0,0.0,0.0,0.0,0.0,0.0,0.0,2.0,2.0,0.0,0.0,0.0,0.0,0.0,2.0,3.0,0.0
DZIAŁDOWSKI,30.0,0.0,29.0,0.0,10.0,0.0,0.0,0.0,8.0,0.0,2.0,0.0,0.0,19.0,0.0,0.0,0.0,0.0,2.0,0.0,0.0,0.0,1.0,0.0,0.0,0.0,0.0,0.0,0.0,0.0,1.0,13.0,6.0,0.0,0.0,0.0,7.0,0.0,2.0,1.0,1.0,0.0,1.0,0.0,0.0,1.0,0.0,0.0,0.0,0.0,0.0,0.0,0.0,0.0,0.0,0.0,0.0,0.0,0.0,0.0,1.0,0.0,0.0,0.0,0.0,0.0,0.0,0.0,0.0,0.0,0.0,0.0,0.0,1.0,0.0,0.0,0.0,0.0,0.0,1.0,0.0
DUBIEŃSKI,216.0,1.0,207.0,0.0,19.0,0.0,0.0,0.0,10.0,0.0,5.0,0.0,1.0,188.0,0.0,0.0,0.0,0.0,37.0,0.0,0.0,4.0,0.0,11.0,0.0,0.0,9.0,0.0,0.0,0.0,13.0,125.0,54.0,14.0,16.0,10.0,13.0,18.0,16.0,0.0,16.0,0.0,2.0,0.0,0.0,2.0,0.0,0.0,1.0,1.0,0.0,2.0,0.0,0.0,0.0,0.0,0.0,1.0,0.0,0.0,4.0,0.0,0.0,0.0,0.0,0.0,0.0,0.0,0.0,0.0,0.0,2.0,2.0,2.0,0.0,0.0,0.0,0.0,5.0,34.0,0.0
HOROCHOWSKI,108.0,2.0,103.0,2.0,15.0,2.0,0.0,0.0,10.0,0.0,2.0,0.0,1.0,88.0,5.0,0.0,0.0,5.0,16.0,0.0,0.0,0.0,0.0,9.0,0.0,1.0,1.0,0.0,0.0,0.0,5.0,63.0,6.0,15.0,2.0,5.0,27.0,8.0,2.0,1.0,1.0,0.0,0.0,0.0,0.0,0.0,0.0,0.0,0.0,0.0,0.0,0.0,0.0,0.0,0.0,0.0,0.0,0.0,0.0,0.0,2.0,0.0,0.0,0.0,0.0,0.0,0.0,0.0,0.0,0.0,0.0,0.0,0.0,1.0,0.0,0.0,0.0,0.0,4.0,4.0,0.0
KOWELSKI,111.0,1.0,106.0,1.0,31.0,0.0,1.0,1.0,21.0,2.0,2.0,4.0,0.0,75.0,3.0,0.0,0.0,3.0,13.0,0.0,0.0,3.0,0.0,0.0,0.0,1.0,0.0,0.0,0.0,0.0,9.0,46.0,16.0,10.0,4.0,2.0,12.0,2.0,3.0,0.0,1.0,0.0,0.0,0.0,0.0,0.0,0.0,0.0,0.0,0.0,0.0,0.0,0.0,0.0,0.0,0.0,0.0,1.0,0.0,0.0,9.0,1.0,0.0,0.0,0.0,0.0,0.0,0.0,0.0,0.0,0.0,2.0,2.0,0.0,0.0,0.0,0.0,0.0,2.0,1.0,0.0
KRZEMIENIECKI,279.0,2.0,267.0,2.0,77.0,10.0,7.0,1.0,7.0,4.0,16.0,15.0,0.0,190.0,2.0,0.0,0.0,2.0,60.0,0.0,0.0,1.0,0.0,41.0,0.0,4.0,2.0,0.0,0.0,1.0,11.0,96.0,24.0,23.0,15.0,5.0,8.0,21.0,13.0,0.0,13.0,0.0,9.0,1.0,1.0,7.0,0.0,0.0,0.0,0.0,0.0,2.0,0.0,0.0,0.0,0.0,0.0,0.0,0.0,0.0,8.0,0.0,0.0,0.0,0.0,0.0,1.0,0.0,0.0,0.0,0.0,5.0,3.0,4.0,1.0,0.0,0.0,0.0,2.0,0.0,0.0
LUBOMELSKI,138.0,0.0,130.0,0.0,51.0,0.0,2.0,0.0,12.0,0.0,0.0,0.0,7.0,79.0,6.0,0.0,1.0,5.0,12.0,0.0,0.0,3.0,0.0,0.0,0.0,1.0,2.0,0.0,0.0,0.0,6.0,45.0,10.0,16.0,3.0,8.0,2.0,5.0,9.0,0.0,2.0,1.0,0.0,0.0,0.0,0.0,0.0,0.0,0.0,0.0,0.0,0.0,0.0,0.0,0.0,0.0,0.0,4.0,0.0,0.0,3.0,0.0,0.0,0.0,0.0,0.0,0.0,0.0,0.0,0.0,0.0,1.0,1.0,4.0,0.0,0.0,0.0,0.0,3.0,0.0,0.0
ŁUCKI,254.0,4.0,242.0,4.0,65.0,6.0,5.0,0.0,20.0,0.0,8.0,22.0,1.0,177.0,2.0,0.0,0.0,2.0,31.0,0.0,0.0,1.0,0.0,4.0,0.0,6.0,5.0,0.0,0.0,0.0,15.0,122.0,19.0,31.0,25.0,6.0,31.0,10.0,10.0,0.0,6.0,1.0,0.0,0.0,0.0,0.0,0.0,0.0,0.0,0.0,0.0,0.0,0.0,0.0,0.0,0.0,0.0,2.0,0.0,0.0,10.0,1.0,1.0,0.0,0.0,0.0,0.0,0.0,0.0,0.0,0.0,4.0,4.0,6.0,1.0,0.0,0.0,0.0,1.0,6.0,12.0
RÓWIEŃSKI,232.0,4.0,225.0,3.0,66.0,5.0,26.0,1.0,10.0,0.0,11.0,5.0,1.0,159.0,1.0,0.0,1.0,0.0,39.0,0.0,0.0,0.0,0.0,4.0,0.0,12.0,0.0,0.0,0.0,0.0,23.0,96.0,19.0,19.0,21.0,12.0,21.0,4.0,16.0,2.0,9.0,1.0,0.0,0.0,0.0,0.0,0.0,1.0,1.0,1.0,0.0,2.0,0.0,0.0,0.0,0.0,0.0,0.0,0.0,0.0,3.0,0.0,0.0,0.0,0.0,0.0,0.0,0.0,0.0,0.0,0.0,3.0,2.0,2.0,0.0,0.0,0.0,0.0,2.0,19.0,1.0
WŁODZIMIERSKI,203.0,1.0,194.0,1.0,93.0,3.0,12.0,1.0,48.0,0.0,2.0,22.0,2.0,101.0,5.0,0.0,0.0,4.0,31.0,0.0,0.0,2.0,1.0,0.0,0.0,0.0,6.0,0.0,0.0,0.0,22.0,44.0,17.0,17.0,6.0,0.0,2.0,2.0,10.0,0.0,3.0,0.0,0.0,0.0,0.0,0.0,0.0,1.0,0.0,0.0,0.0,6.0,0.0,0.0,0.0,0.0,0.0,1.0,0.0,1.0,3.0,0.0,0.0,0.0,0.0,0.0,0.0,0.0,0.0,0.0,0.0,1.0,1.0,3.0,1.0,0.0,0.0,0.0,5.0,1.0,0.0
KOSTOPOLSKI,173.0,1.0,172.0,1.0,75.0,0.0,0.0,5.0,11.0,0.0,8.0,7.0,36.0,97.0,1.0,0.0,0.0,1.0,49.0,0.0,0.0,2.0,0.0,11.0,0.0,13.0,4.0,0.0,0.0,0.0,19.0,40.0,9.0,10.0,17.0,1.0,2.0,1.0,2.0,0.0,1.0,0.0,0.0,0.0,0.0,0.0,0.0,0.0,0.0,0.0,0.0,0.0,0.0,0.0,0.0,0.0,0.0,2.0,0.0,0.0,3.0,0.0,0.0,0.0,0.0,0.0,0.0,0.0,0.0,0.0,0.0,0.0,0.0,1.0,0.0,0.0,0.0,0.0,0.0,0.0,1.0
ZDOŁBUNOWSKI,188.0,0.0,180.0,0.0,93.0,4.0,79.0,0.0,2.0,0.0,3.0,1.0,0.0,87.0,0.0,0.0,0.0,0.0,41.0,0.0,0.0,0.0,0.0,16.0,0.0,0.0,1.0,1.0,0.0,0.0,23.0,27.0,14.0,5.0,8.0,0.0,0.0,0.0,17.0,2.0,1.0,4.0,0.0,0.0,0.0,0.0,0.0,0.0,0.0,0.0,0.0,0.0,0.0,0.0,0.0,0.0,0.0,0.0,0.0,0.0,2.0,0.0,0.0,0.0,0.0,0.0,0.0,0.0,0.0,0.0,0.0,0.0,0.0,1.0,0.0,0.0,0.0,0.0,7.0,3.0,0.0
SARNEŃSKI,155.0,1.0,151.0,1.0,41.0,0.0,0.0,17.0,9.0,0.0,1.0,5.0,0.0,110.0,4.0,0.0,0.0,3.0,34.0,0.0,0.0,0.0,1.0,1.0,0.0,9.0,1.0,0.0,0.0,0.0,22.0,48.0,18.0,5.0,20.0,0.0,3.0,2.0,13.0,0.0,3.0,0.0,4.0,0.0,0.0,0.0,0.0,0.0,0.0,0.0,0.0,2.0,0.0,0.0,0.0,0.0,0.0,1.0,0.0,0.0,4.0,0.0,0.0,0.0,0.0,0.0,0.0,0.0,0.0,0.0,0.0,0.0,0.0,2.0,0.0,0.0,0.0,0.0,2.0,1.0,0.0
BRASŁAWSKI,339.0,6.0,336.0,6.0,152.0,9.0,23.0,6.0,16.0,1.0,9.0,2.0,0.0,184.0,3.0,0.0,0.0,0.0,111.0,0.0,0.0,33.0,0.0,8.0,2.0,25.0,9.0,0.0,0.0,0.0,34.0,48.0,11.0,0.0,12.0,8.0,2.0,15.0,1.0,0.0,0.0,1.0,3.0,0.0,1.0,0.0,2.0,0.0,0.0,0.0,0.0,7.0,0.0,4.0,0.0,0.0,0.0,0.0,0.0,0.0,11.0,0.0,0.0,0.0,0.0,0.0,0.0,0.0,0.0,0.0,0.0,0.0,0.0,0.0,0.0,0.0,0.0,0.0,3.0,0.0,0.0
OSZMIAŃSKI,310.0,1.0,305.0,1.0,173.0,0.0,4.0,13.0,22.0,2.0,11.0,8.0,0.0,132.0,2.0,0.0,0.0,0.0,63.0,0.0,0.0,0.0,0.0,3.0,2.0,2.0,2.0,0.0,0.0,0.0,54.0,56.0,18.0,5.0,8.0,5.0,1.0,19.0,0.0,0.0,0.0,0.0,3.0,0.0,0.0,2.0,1.0,0.0,0.0,0.0,0.0,2.0,0.0,0.0,0.0,0.0,0.0,1.0,0.0,0.0,5.0,0.0,0.0,0.0,0.0,0.0,0.0,0.0,0.0,0.0,0.0,4.0,4.0,1.0,0.0,0.0,0.0,0.0,0.0,1.0,0.0
ŚWIĘCIAŃSKI,238.0,6.0,234.0,6.0,128.0,2.0,20.0,17.0,12.0,0.0,16.0,6.0,5.0,106.0,0.0,0.0,0.0,0.0,61.0,0.0,0.0,11.0,0.0,0.0,1.0,10.0,8.0,0.0,0.0,0.0,31.0,35.0,10.0,1.0,8.0,5.0,0.0,11.0,1.0,0.0,1.0,0.0,1.0,0.0,1.0,0.0,0.0,0.0,0.0,0.0,0.0,0.0,0.0,0.0,0.0,0.0,0.0,0.0,0.0,0.0,8.0,0.0,0.0,0.0,0.0,0.0,0.0,0.0,0.0,0.0,0.0,1.0,1.0,1.0,0.0,0.0,0.0,0.0,2.0,0.0,0.0
WILNO (MIASTO),257.0,13.0,230.0,9.0,103.0,4.0,8.0,30.0,17.0,2.0,29.0,1.0,2.0,127.0,5.0,1.0,1.0,2.0,32.0,0.0,0.0,7.0,2.0,0.0,2.0,1.0,5.0,0.0,0.0,1.0,14.0,68.0,21.0,6.0,34.0,1.0,2.0,4.0,4.0,1.0,2.0,0.0,0.0,0.0,0.0,0.0,0.0,0.0,1.0,1.0,0.0,1.0,0.0,0.0,0.0,0.0,1.0,3.0,0.0,1.0,13.0,0.0,0.0,0.0,0.0,0.0,0.0,0.0,0.0,0.0,0.0,13.0,8.0,5.0,0.0,4.0,0.0,0.0,5.0,41.0,0.0
DZIŚNIEŃSKI,327.0,8.0,324.0,8.0,147.0,4.0,0.0,10.0,4.0,0.0,4.0,4.0,4.0,177.0,5.0,0.0,0.0,0.0,99.0,1.0,0.0,16.0,0.0,11.0,1.0,11.0,6.0,0.0,0.0,0.0,53.0,37.0,2.0,0.0,8.0,4.0,0.0,23.0,3.0,0.0,3.0,0.0,9.0,0.0,0.0,2.0,7.0,0.0,0.0,0.0,0.0,2.0,0.0,0.0,1.0,0.0,0.0,0.0,0.0,0.0,22.0,0.0,0.0,0.0,0.0,0.0,0.0,0.0,0.0,0.0,0.0,0.0,0.0,1.0,1.0,0.0,0.0,0.0,2.0,0.0,0.0
WILEJSKI,250.0,5.0,248.0,5.0,102.0,1.0,0.0,17.0,4.0,0.0,4.0,10.0,0.0,146.0,0.0,0.0,0.0,0.0,81.0,0.0,0.0,3.0,0.0,11.0,1.0,18.0,4.0,0.0,0.0,0.0,44.0,33.0,15.0,1.0,4.0,1.0,0.0,12.0,17.0,0.0,17.0,0.0,1.0,0.0,0.0,0.0,1.0,0.0,0.0,0.0,0.0,2.0,0.0,0.0,0.0,0.0,0.0,3.0,0.0,0.0,9.0,0.0,0.0,0.0,0.0,0.0,0.0,0.0,0.0,0.0,0.0,1.0,0.0,0.0,0.0,0.0,0.0,0.0,1.0,0.0,0.0
WILEŃSKO-TROCKI,147.0,2.0,141.0,1.0,70.0,6.0,3.0,6.0,21.0,0.0,11.0,12.0,0.0,71.0,0.0,0.0,0.0,0.0,39.0,0.0,0.0,12.0,1.0,6.0,0.0,0.0,1.0,0.0,0.0,1.0,18.0,23.0,9.0,0.0,4.0,1.0,1.0,8.0,1.0,0.0,1.0,0.0,0.0,0.0,0.0,0.0,0.0,1.0,0.0,0.0,0.0,1.0,0.0,0.0,0.0,0.0,0.0,1.0,0.0,0.0,5.0,2.0,1.0,0.0,0.0,0.0,0.0,0.0,0.0,0.0,0.0,2.0,2.0,2.0,0.0,0.0,0.0,0.0,0.0,0.0,0.0
POSTAWSKI,151.0,1.0,147.0,1.0,46.0,1.0,1.0,7.0,7.0,0.0,6.0,2.0,1.0,101.0,1.0,0.0,0.0,0.0,59.0,0.0,0.0,3.0,0.0,2.0,0.0,7.0,3.0,0.0,0.0,0.0,44.0,36.0,12.0,0.0,8.0,2.0,0.0,14.0,1.0,0.0,1.0,0.0,2.0,0.0,0.0,0.0,2.0,0.0,0.0,0.0,0.0,0.0,0.0,0.0,0.0,0.0,0.0,0.0,0.0,0.0,2.0,0.0,0.0,0.0,0.0,0.0,0.0,0.0,0.0,0.0,0.0,0.0,0.0,2.0,0.0,0.0,0.0,0.0,2.0,0.0,0.0
MOŁODECZAŃSKI,188.0,5.0,185.0,5.0,83.0,3.0,12.0,5.0,3.0,0.0,1.0,0.0,0.0,102.0,3.0,0.0,0.0,0.0,51.0,0.0,0.0,5.0,0.0,9.0,0.0,7.0,1.0,0.0,0.0,0.0,29.0,29.0,5.0,3.0,5.0,1.0,9.0,6.0,18.0,0.0,3.0,15.0,0.0,0.0,0.0,0.0,0.0,0.0,0.0,0.0,0.0,1.0,0.0,1.0,0.0,0.0,0.0,0.0,0.0,0.0,0.0,0.0,0.0,0.0,0.0,0.0,0.0,0.0,0.0,0.0,0.0,2.0,0.0,1.0,0.0,0.0,0.0,0.0,0.0,0.0,0.0
