Region;District;Pszenica;Øyto;JÍczmieÒ;Owies;Gryka;Groch;Ziemniaki jadalne;Ziemniaki fabryczne;Siano koniczyny;Siano ≥πkowe;S≥oma;koÒ roboczy (cena minimalna);koÒ roboczy (cena maksymalna);krowa dojna (cena minimalna);krowa dojna (cena maksymalna);Unnamed: 17;Unnamed: 18
BIA£OSTOCKIE;AUGUSTOWSKI;53,67;45,63;42,14;44;45,60;47,56;10,95;9,00;11,89;9,63;6,00;259.0;405.0;311.0;498.0;;
BIA£OSTOCKIE;BIA£OSTOCKI;48,33;41,3;35,79;40,94;38,40;39,00;10,99;9,00;11,34;9,11;4,75;213.0;471.0;307.0;575.0;;
BIA£OSTOCKIE;BIA£YSTOK (MIASTO);;;;;;;;;;;;;;;;;
BIA£OSTOCKIE;BIELSKI (BIELSK PODLASKI);53,89;42,4;39,13;42,6;34,33;39,83;11,6;9,00;16,20;10,33;5,80;215.0;450.0;325.0;535.0;;
BIA£OSTOCKIE;GRODZIE—SKI;52,53;45,79;42,68;45,69;43,63;48,29;11,02;8,27;14,11;10,35;5,94;279.0;534.0;295.0;500.0;;
BIA£OSTOCKIE;KOLNE—SKI;52,2;38,1;37,44;38,25;40,33;46,13;9,1;7,50;8,90;7,16;4,68;255.0;505.0;320.0;520.0;;
BIA£OSTOCKIE;OSTROWSKI (OSTR”W MAZOWIECKA);50,62;38,27;37,54;36,71;42,57;57,11;12,19;11,75;11,09;8,70;4,25;234.0;531.0;306.0;638.0;;
BIA£OSTOCKIE;OSTRO£ CKI;54,71;39,1;38,43;39,53;43,79;48,47;11,52;9,40;10,94;7,32;4,12;240.0;479.0;311.0;540.0;;
BIA£OSTOCKIE;SOK”LSKI;53,13;44,5;41,2;44,4;40,14;44,30;10,63;9,00;9,42;7,40;4,54;285.0;515.0;300.0;480.0;;
BIA£OSTOCKIE;SUWALSKI;55;43,2;41,88;43;45,00;45,71;12,78;8,00;12,07;10,25;6,17;235.0;405.0;300.0;440.0;;
BIA£OSTOCKIE;SZCZUCZY—SKI (WOJ. BIA£OSTOCKIE);52,8;43,78;42,5;41,57;44,00;45,00;10;X;11,81;9,83;4,47;285.0;425.0;314.0;484.0;;
BIA£OSTOCKIE;WO£KOWYSKI;51,67;43;40,06;42;37,62;42,85;10;8,60;13,50;9,93;6,90;336.0;609.0;324.0;526.0;;
BIA£OSTOCKIE;WYSOKOMAZOWIECKI;50,82;40;37,6;40,75;X;40,17;11,56;10,00;13,27;10,00;5,75;260.0;503.0;309.0;647.0;;
BIA£OSTOCKIE;£OMØY—SKI;51,57;42;39,83;42;43,00;55,00;11,25;8,00;15,20;10,00;4,82;250.0;435.0;336.0;520.0;;
KIELECKIE;B DZI—SKI;54,14;42;40;40;X;X;16,75;X;26,80;19,40;14,00;313.0;625.0;364.0;686.0;;
KIELECKIE;CZ STOCHOWA (MIASTO);;;;;;;;;;;;;;;;;
KIELECKIE;CZ STOCHOWSKI;51,25;41,7;40,25;41,67;48,00;72,71;15,56;10,75;17,63;14,89;10,18;218.0;460.0;302.0;534.0;;
KIELECKIE;I£ØECKI;51,44;39,69;38,47;39,46;41,56;51,90;11,69;7,80;11,44;10,06;5,57;237.0;519.0;281.0;491.0;;
KIELECKIE;J DRZEJOWSKI;49,92;39,08;38,2;39;X;50,67;14,92;11,00;15,38;12,44;9,13;197.0;479.0;284.0;586.0;;
KIELECKIE;KIELECKI;51,64;40,73;38,66;40,6;46,00;64,83;13,96;10,67;14,42;12,50;8,92;232.0;519.0;267.0;463.0;;
KIELECKIE;KONECKI;52,45;41,58;38,82;41;X;65,00;15,13;X;16,60;12,50;9,70;295.0;545.0;309.0;527.0;;
KIELECKIE;KOZIENICKI;51,86;38;35,43;36,57;X;X;13,38;X;11,25;8,50;6,03;275.0;556.0;313.0;594.0;;
KIELECKIE;MIECHOWSKI;50;41,44;38,69;41,88;X;53,00;13,79;8,50;22,20;17,20;8,69;253.0;600.0;334.0;788.0;;
KIELECKIE;OLKUSKI;51,05;41,25;38,37;41,29;X;X;17,89;X;24,29;19,17;15,22;268.0;513.0;303.0;599.0;;
KIELECKIE;OPATOWSKI;50;39;36,38;38,25;40,00;59,33;12,62;X;13,33;11,67;6,07;222.0;485.0;296.0;519.0;;
KIELECKIE;OPOCZY—SKI;49,63;38,8;36,28;38,17;43,67;58,78;17,24;X;10,33;9,30;7,64;260.0;453.0;304.0;482.0;;
KIELECKIE;PI—CZOWSKI;51,41;40,56;37,94;38,17;X;57,50;13,12;10,50;16,05;13,12;6,86;305.0;521.0;388.0;616.0;;
KIELECKIE;RADOMSKI;51,89;41,1;39,11;40,5;50,00;X;14,38;X;12,00;10,76;7,80;355.0;740.0;380.0;615.0;;
KIELECKIE;SANDOMIERSKI;52,86;41,57;37,58;39,92;X;55,00;12,08;X;12,75;10,88;5,00;250.0;423.0;315.0;506.0;;
KIELECKIE;SOSNOWIEC;;;;;;;;;;;;;;;;;
KIELECKIE;STOPNICKI;52,75;42,5;41,63;40,13;X;55,33;14,33;10,00;14,33;12,00;8,25;250.0;444.0;300.0;488.0;;
KIELECKIE;W£OSZCZOWSKI;52,62;41,69;40,6;40,92;53,00;55,00;14,08;X;13,00;9,94;8,33;254.0;429.0;312.0;504.0;;
KIELECKIE;ZAWIERCIA—SKI;52,21;41;40,36;40,78;X;60,00;18,46;15,67;24,73;19,45;13,69;229.0;554.0;284.0;629.0;;
KRAKOWSKIE;BIALSKI (BIA£A KRAKOWSKA);51,27;48,8;41,54;40,87;X;66,00;18,77;X;36,36;29,25;13,38;280.0;543.0;286.0;509.0;;
KRAKOWSKIE;BOCHE—SKI;49,4;41,3;37,7;37,8;X;61,67;13,5;9,00;31,64;23,91;11,73;191.0;382.0;273.0;523.0;;
KRAKOWSKIE;BRZESKI (BRZESKO);51,18;40,5;39,5;38,73;X;71,60;14,64;10,00;31,53;22,83;10,31;212.0;439.0;297.0;535.0;;
KRAKOWSKIE;CHRZANOWSKI;50,86;41,57;41,56;41,5;X;X;21,06;X;33,00;24,75;12,05;241.0;486.0;246.0;486.0;;
KRAKOWSKIE;D•BROWSKI;49,64;39,69;36,25;38,64;X;45,00;14,55;X;24,82;17,73;8,21;200.0;393.0;305.0;514.0;;
KRAKOWSKIE;GORLICKI;52,14;43;40,87;41,71;X;71,50;14,13;10,00;32,53;22,00;9,85;194.0;359.0;266.0;416.0;;
KRAKOWSKIE;GRYBOWSKI;56,82;47,91;45,22;46,33;X;50,00;11,8;6,00;26,80;19,38;11,00;175.0;373.0;258.0;415.0;;
KRAKOWSKIE;JASIELSKI;50,53;42,24;39,94;41,8;56,00;52,00;13,4;10,00;24,93;18,64;8,40;204.0;388.0;281.0;444.0;;
KRAKOWSKIE;KRAKOWSKI;51,71;42,24;39,5;41,12;X;77,50;18,5;11,00;30,93;23,13;10,38;235.0;476.0;342.0;606.0;;
KRAKOWSKIE;KRAK”W (MIASTO);;;;;;;;;;;;;;;;;
KRAKOWSKIE;LIMANOWSKI;53,67;43,46;39,77;42,69;X;56,38;16,55;X;30,67;24,78;12,14;188.0;345.0;279.0;438.0;;
KRAKOWSKIE;MAKOWSKI (MAK”W PODHALA—SKI);54,45;45;42,23;42,91;X;54,67;12,93;X;23,57;18,00;14,17;227.0;443.0;228.0;374.0;;
KRAKOWSKIE;MIELECKI;48,19;38,13;35,64;37,53;47,50;65,00;14,57;11,00;24,73;18,31;8,23;219.0;434.0;279.0;461.0;;
KRAKOWSKIE;MYåLENICKI;50,83;42,83;38,2;40,8;X;X;14,67;10,00;28,17;19,60;10,67;179.0;386.0;236.0;414.0;;
KRAKOWSKIE;NOWOS•DECKI;54,07;44,73;42,54;43,93;X;71,00;17;X;29,85;21,75;10,25;222.0;452.0;280.0;448.0;;
KRAKOWSKIE;NOWOTARSKI;57;52,14;49,44;47,44;X;X;16,67;X;21,00;17,29;10,83;272.0;478.0;300.0;472.0;;
KRAKOWSKIE;OåWI CIMSKI;50,33;44,4;39;41,5;X;X;20,22;11,50;33,10;26,30;12,94;310.0;520.0;330.0;515.0;;
KRAKOWSKIE;PILZNE—SKI;50,27;41,07;38,15;40,6;X;49,43;12,2;6,00;21,55;15,70;8,45;203.0;397.0;276.0;469.0;;
KRAKOWSKIE;ROPCZYCKI;47,91;40,27;38,67;39;44,00;59,20;12,67;8,00;18,17;14,45;7,91;192.0;396.0;282.0;479.0;;
KRAKOWSKIE;TARNOWSKI;49,2;41,33;39;40,25;X;65,00;17,13;X;27,70;20,80;10,11;215.0;425.0;295.0;520.0;;
KRAKOWSKIE;WADOWICKI;50,91;40,42;39;39,82;X;61,67;17,75;X;34,83;26,50;13,08;264.0;468.0;263.0;426.0;;
KRAKOWSKIE;WIELICKI;50,73;43,8;40,27;42,8;X;X;15,67;12,00;34,50;25,60;10,70;182.0;360.0;331.0;575.0;;
KRAKOWSKIE;ØYWIECKI;58;45,75;43;40,67;X;X;24,2;x;40,00;28,83;13,75;258.0;450.0;272.0;425.0;;
LUBELSKIE;BIALSKI (BIA£A PODLASKA);52,31;41,4;40,75;44,6;X;53,00;15,25;12,00;17,50;13,25;8,23;179.0;432.0;346.0;451.0;;
LUBELSKIE;BI£GORAJSKI;51,29;41,57;36,6;39,8;49,17;X;13,71;8,00;14,33;11,71;8,00;272.0;494.0;276.0;419.0;;
LUBELSKIE;CHE£MSKI;51,42;41,1;39;40,81;46,08;48,00;14,05;10,40;13,33;10,44;5,49;291.0;560.0;294.0;504.0;;
LUBELSKIE;GARWOLI—SKI;52,07;41,62;40,85;41,36;52,17;64,50;14,21;10,00;18,38;14,69;7,45;329.0;650.0;365.0;733.0;;
LUBELSKIE;HRUBIESZOWSKI;50,18;39,4;36,91;36,78;X;X;10,83;X;9,75;8,00;3,50;317.0;667.0;325.0;612.0;;
LUBELSKIE;JANOWSKI;51,24;39,67;37;38,79;46,89;49,14;15,56;11,80;14,93;12,97;8,23;278.0;586.0;250.0;275.0;;
LUBELSKIE;KONSTANTYNOWSKI;55,06;41,39;41;40,71;43,50;43,27;11,88;8,00;11,08;9,00;6,08;247.0;521.0;329.0;547.0;;
LUBELSKIE;KRASNOSTAWSKI;53,45;43,37;42,25;40,84;51,00;54,80;12,84;X;12,28;10,00;5,18;295.0;543.0;297.0;470.0;;
LUBELSKIE;LUBARTOWSKI;49,45;38,4;37,05;37,65;54,35;56,50;13,79;13,00;14,44;11,06;6,69;255.0;530.0;280.0;495.0;;
LUBELSKIE;LUBELSKI;52,62;41,71;41,17;40,85;43,75;60,00;14;10,00;14,50;13,50;5,00;354.0;734.0;346.0;725.0;;
LUBELSKIE;LUBLIN (MIASTO);;;;;;;;;;;;;;;;;
LUBELSKIE;PU£AWSKI;52,8;40,63;37,56;38,86;52,50;60,00;14,18;X;11,50;10,00;5,38;295.0;545.0;292.0;545.0;;
LUBELSKIE;RADZY—SKI;50,47;37,79;36,64;37,67;40,00;49,80;12,93;9,20;12,25;8,31;5,69;269.0;570.0;309.0;547.0;;
LUBELSKIE;SIEDLECKI;53,75;41,06;40,86;40,21;X;45,67;12,82;11,00;17,40;12,82;8,09;231.0;547.0;300.0;581.0;;
LUBELSKIE;SOKO£OWSKI;52;40,38;39,8;38,67;45,00;40,00;11,25;9,75;11,86;10,29;5,68;277.0;510.0;340.0;563.0;;
LUBELSKIE;TOMASZOWSKI;48,78;39,33;36,56;36,11;42,67;46,50;11,72;10,00;10,61;9,00;5,80;333.0;556.0;356.0;528.0;;
LUBELSKIE;W GROWSKI;53,58;41,58;41,25;39,27;46,00;56,50;12,69;9,00;12,10;9,50;5,72;300.0;633.0;400.0;715.0;;
LUBELSKIE;W£ODAWSKI;50,91;39,25;38,27;39,67;48,13;44,83;12,7;12,00;10,83;7,39;4,70;258.0;467.0;284.0;467.0;;
LUBELSKIE;ZAMOJSKI;51,62;38,58;37,25;37,62;46,17;65,80;11,38;X;10,38;9,19;5,42;265.0;521.0;279.0;479.0;;
LUBELSKIE;£UKOWSKI;50,05;39,37;38,94;38,39;49,72;49,93;12,45;10,67;11,84;8,37;6,35;267.0;507.0;310.0;563.0;;
LWOWSKIE;BRZOZOWSKI;47,6;39,4;35,75;39;X;65,00;13;X;18,00;14,00;7,75;175.0;413.0;280.0;450.0;;
LWOWSKIE;B”BRECKI;53,33;43,5;38,5;40,75;X;50,00;9,5;6,00;8,50;7,50;6,25;375.0;538.0;488.0;675.0;;
LWOWSKIE;DOBROMILSKI;50,44;38,56;37,83;37,88;X;55,00;14,17;X;20,63;16,50;9,00;189.0;433.0;282.0;506.0;;
LWOWSKIE;DROHOBYCKI;52,8;41,2;49,22;44,29;43,40;68,75;12,61;7,00;14,30;11,00;6,63;202.0;491.0;305.0;605.0;;
LWOWSKIE;GR”DECKI;49,07;39,93;36,31;38,17;40,25;52,00;12,75;8,00;18,00;13,96;6,54;247.0;485.0;353.0;604.0;;
LWOWSKIE;JAROS£AWSKI;49,11;39;37,86;37,63;38,00;60,00;14,13;8,00;19,57;13,29;8,20;258.0;494.0;295.0;550.0;;
LWOWSKIE;JAWOROWSKI;50,72;40,05;36,25;37,58;44,44;47,67;12,78;9,25;17,07;13,94;6,71;148.0;254.0;266.0;405.0;;
LWOWSKIE;KOLBUSZOWSKI;48,63;37,67;36,2;35,67;X;50,00;15;X;15,80;13,40;7,40;192.0;356.0;242.0;411.0;;
LWOWSKIE;KROåNIE—SKI;53,44;45,33;40,36;42;46,50;54,33;13,66;11,00;21,13;17,47;9,47;204.0;434.0;272.0;474.0;;
LWOWSKIE;LESKI;61,25;50;49,5;48,67;X;X;15;X;17,13;13,71;8,60;236.0;414.0;244.0;450.0;;
LWOWSKIE;LUBACZOWSKI;52,45;41,83;39,45;41,73;49,14;53,40;13,6;11,00;14,25;11,35;6,73;197.0;397.0;300.0;514.0;;
LWOWSKIE;LWOWSKI;50,43;42;38,86;41,43;40,00;54,00;11,67;8,00;19,83;14,83;7,17;276.0;547.0;371.0;700.0;;
LWOWSKIE;LW”W (MIASTO);;;;;;;;;;;;;;;;;
LWOWSKIE;MOåCISKI;50,4;40,53;39,23;40,46;41,50;58,33;13,91;8,00;18,58;15,18;7,22;210.0;414.0;306.0;483.0;;
LWOWSKIE;NIØA—SKI;49,7;41,33;40;41;43,00;52,00;16,2;10,00;18,75;14,38;8,14;158.0;375.0;193.0;391.0;;
LWOWSKIE;PRZEMYSKI;51,75;44;43;44,25;X;X;13,25;X;21,33;17,33;7,50;263.0;613.0;225.0;438.0;;
LWOWSKIE;PRZEWORSKI;51,25;38;37,8;37,2;40,00;X;14,33;X;22,75;17,38;8,70;280.0;550.0;290.0;670.0;;
LWOWSKIE;RAWSKI (RAWA RUSKA);52,8;42,4;38,8;40,2;45,00;42,50;13,5;10,00;13,50;10,40;6,60;213.0;500.0;350.0;580.0;;
LWOWSKIE;RUDECKI;52,8;42,36;38;41,45;45,00;40,50;11,6;10,50;17,50;12,46;6,50;232.0;464.0;359.0;673.0;;
LWOWSKIE;RZESZOWSKI;50,62;40,92;36,73;40,3;42,50;55,40;15,17;11,00;20,78;16,35;9,25;225.0;475.0;300.0;493.0;;
LWOWSKIE;SAMBORSKI;51,8;41,95;38,1;39,1;44,00;48,33;12,09;10,33;16,05;12,55;7,45;184.0;433.0;278.0;545.0;;
LWOWSKIE;SANOCKI;57,44;49,44;46,94;47,78;50,00;63,60;15,85;12,00;19,38;16,00;8,73;170.0;361.0;285.0;450.0;;
LWOWSKIE;SOKALSKI;49,08;37,79;34,8;36,46;37,50;43,50;11,95;8,00;10,33;9,12;5,31;269.0;464.0;357.0;529.0;;
LWOWSKIE;STAROSAMBORSKI;53,14;43,14;40,71;42,57;51,33;52,67;13,14;9,00;17,75;13,88;8,50;189.0;431.0;241.0;494.0;;
LWOWSKIE;STRZYØOWSKI;55,44;46,19;42,56;44,25;45,00;56,75;15,14;12,20;20,00;16,58;9,00;213.0;372.0;281.0;441.0;;
LWOWSKIE;TARNOBRZESKI;50;40,67;36,14;37,67;X;70,00;18,25;10,00;20,88;17,88;8,75;159.0;442.0;208.0;450.0;;
LWOWSKIE;£A—CUCKI;54;46,67;43,5;48,5;55,33;59,50;14,5;X;26,25;20,75;10,75;308.0;550.0;325.0;550.0;;
LWOWSKIE;Ø”£KIEWSKI;49,75;40,25;37,09;39,17;46,50;51,17;12,2;7,00;16,18;11,14;6,28;221.0;437.0;327.0;553.0;;
M. ST. WARSZAWA;PO£UDNIOWO-WARSZAWSKI;;;;;;;;;;;;;;;;;
M. ST. WARSZAWA;PRASKO-WARSZAWSKI;;;;;;;;;;;;;;;;;
M. ST. WARSZAWA;P”£NOCNO-WARSZAWSKI;;;;;;;;;;;;;;;;;
NOWOGR”DZKIE;BARANOWICKI;54,86;48,89;46;48,56;47,14;55,00;12,6;9,90;15,29;12,00;7,11;314.0;539.0;236.0;382.0;;NOWOGR”DZKIE
NOWOGR”DZKIE;LIDZKI;55,14;47,63;46,94;46,15;49,25;54,00;13,48;11,60;13,75;10,62;7,73;279.0;539.0;278.0;440.0;;NOWOGR”DZKIE
NOWOGR”DZKIE;NIEåWIESKI;55,11;47,33;45,1;46,1;45,43;50,57;12,75;X;15,86;12,81;6,29;363.0;637.0;274.0;488.0;;NOWOGR”DZKIE
NOWOGR”DZKIE;NOWOGR”DZKI;54,6;50,29;45,1;49,67;49,00;50,00;15,5;X;14,50;11,70;7,20;281.0;519.0;281.0;463.0;;NOWOGR”DZKIE
NOWOGR”DZKIE;STO£PECKI;55,1;47,91;44,36;47,1;52,00;49,38;11,98;10,33;15,73;12,44;7,22;304.0;514.0;252.0;415.0;;NOWOGR”DZKIE
NOWOGR”DZKIE;S£ONIMSKI;54,67;45,75;44,5;50;42,00;49,36;13,13;8,00;14,45;10,97;6,98;296.0;482.0;254.0;439.0;;NOWOGR”DZKIE
NOWOGR”DZKIE;WO£OØY—SKI;57,5;54,3;51,89;50,67;45,43;53,14;15,33;X;14,63;11,11;6,60;354.0;545.0;306.0;473.0;;
POLESKIE;BRZESKI (BRZEå∆ N.BUG.);53,64;41,73;39,1;41,33;40,33;46,30;12,5;11,10;16,29;11,48;6,78;220.0;550.0;250.0;470.0;;
POLESKIE;DROHICKI;48,75;39,83;37;42,3;39,00;43,50;11,76;7,50;11,53;8,70;4,36;344.0;579.0;297.0;496.0;;
POLESKIE;KOBRY—SKI;51,35;40,94;40,31;40,71;39,31;45,76;14,37;9,50;13,26;9,28;5,54;303.0;561.0;320.0;521.0;;
POLESKIE;KOSOWSKI (KOS”W POLESKI);55,88;46,42;44,92;45,5;43,29;52,50;12,89;X;17,50;10,50;5,48;306.0;538.0;288.0;468.0;;
POLESKIE;KOSZYRSKI;50,75;46,1;45,2;45,8;44,67;47,33;11,75;X;13,50;12,00;5,50;217.0;515.0;285.0;529.0;;
POLESKIE;PI—SKI;52,27;45,5;42,58;45,22;38,53;60,00;12,34;8,00;10,20;7,56;3,51;342.0;588.0;311.0;522.0;;
POLESKIE;PRUØA—SKI;54,38;46,89;42,82;45,5;43,29;48,00;14,7;X;15,33;12,51;8,14;245.0;491.0;224.0;455.0;;
POLESKIE;SARNE—SKI;53,5;45,67;43,11;45,44;42,27;48,43;12,83;12,30;11,64;9,81;4,82;232.0;490.0;263.0;509.0;;
POLESKIE;STOLI—SKI;49,64;41,6;39;41,55;40,50;48,60;12,25;9,00;12,36;9,15;3,76;325.0;530.0;302.0;494.0;;
POLESKIE;£UNINIECKI;58,5;47,63;43;47,14;42,17;49,25;11,5;X;12,00;7,00;4,40;294.0;631.0;194.0;394.0;;
POMORSKIE;BRODNICKI;48,17;37,11;38,25;35,14;X;52,00;14,56;12,00;13,00;10,00;5,20;455.0;945.0;389.0;725.0;;
POMORSKIE;CHE£MI—SKI;49,36;40;38,71;36,83;X;51,11;14,21;10,70;10,83;8,20;5,00;361.0;746.0;379.0;682.0;;
POMORSKIE;CHOJNICKI;53,29;42,8;42;41,95;42,50;54,83;16,1;10,00;10,78;9,20;6,15;284.0;675.0;296.0;588.0;;
POMORSKIE;DZIA£DOWSKI;49,5;39,2;38,5;37,79;42,00;46,00;12,61;8,70;11,73;9,18;6,00;353.0;648.0;342.0;578.0;;
POMORSKIE;GNIEWSKI;48,94;39,71;39,44;39,38;X;57,83;12,33;7,50;10,29;7,83;3,58;312.0;729.0;341.0;700.0;;
POMORSKIE;GRUDZI•DZ (MIASTO);;;;;;;;;;;;;;;;;
POMORSKIE;GRUDZI•DZKI;49,77;39,4;38,77;38,3;X;55,71;13,18;10,20;11,13;9,06;4,11;353.0;744.0;365.0;674.0;;
POMORSKIE;KARTUSKI;50,82;42,28;40,33;41;X;60,33;16,94;11,33;11,96;10,29;7,00;307.0;632.0;304.0;566.0;;
POMORSKIE;KOåCIERSKI;50,08;40;38,89;39,44;X;52,80;13;8,80;10,77;8,58;4,96;318.0;707.0;304.0;579.0;;
POMORSKIE;LUBAWSKI;49,28;39;39,5;38,44;X;45,27;13;8,00;10,00;8,69;3,68;292.0;669.0;339.0;561.0;;
POMORSKIE;MORSKI;49,69;40,67;39,27;38,06;X;62,36;18,65;9,00;13,25;11,50;7,66;358.0;768.0;366.0;650.0;;
POMORSKIE;STAROGARDZKI;49,25;39,3;38,9;38,78;X;52,84;13,25;10,20;11,13;9,47;5,40;257.0;618.0;324.0;603.0;;
POMORSKIE;S POLE—SKI;48,69;39,13;38,62;38,45;X;42,80;13,44;9,00;10,00;7,67;5,25;305.0;611.0;374.0;613.0;;
POMORSKIE;TCZEWSKI;49,75;42;40,72;38,44;X;51,25;13,88;11,67;10,43;8,00;4,16;392.0;900.0;421.0;787.0;;
POMORSKIE;TORU— (MIASTO);;;;;;;;;;;;;;;;;
POMORSKIE;TORU—SKI;50,64;39,36;38,73;37,57;X;52,40;15,33;8,00;14,25;11,50;6,60;396.0;779.0;372.0;737.0;;
POMORSKIE;TUCHOLSKI;49,12;40,25;39,26;38,06;X;48,36;13,28;8,00;8,88;8,14;5,87;300.0;665.0;318.0;580.0;;
POMORSKIE;W•BRZESKI;48,78;39,56;39,35;39,29;41,00;47,29;13,16;10,44;10,22;8,10;4,71;347.0;768.0;353.0;666.0;;
POMORSKIE;åWIECKI;48,29;39,3;38,25;37,6;40,00;49,89;13,79;9,00;11,67;9,69;5,30;290.0;713.0;350.0;673.0;;
POZNA—SKIE;BYDGOSKI;48,37;37,37;37,32;37,07;X;52,33;15,19;8,67;12,38;11,27;6,11;375.0;688.0;418.0;723.0;;
POZNA—SKIE;BYDGOSZCZ (MIASTO);;;;;;;;;;;;;;;;;
POZNA—SKIE;CHODZIESKI;50,86;38,4;37,9;37,9;X;62,00;12;8,75;14,00;11,33;5,81;322.0;623.0;328.0;575.0;;
POZNA—SKIE;CZARNKOWSKI;54;42,67;40;40;X;X;12,17;8,92;11,20;9,64;5,39;350.0;733.0;350.0;667.0;;
POZNA—SKIE;GNIEZNO (MIASTO);;;;;;;;;;;;;;;;;
POZNA—SKIE;GNIEèNIE—SKI;48,2;39,35;39;38,79;36,25;53,57;13,61;9,50;10,21;8,86;6,00;343.0;640.0;358.0;620.0;;
POZNA—SKIE;GOSTY—SKI;48,05;38,05;36,63;37,55;X;59,25;14,92;10,20;10,93;8,67;4,35;322.0;653.0;383.0;678.0;;
POZNA—SKIE;GRODZISKI;48;37,92;37,09;37,92;X;71,33;11,85;9,00;12,00;9,88;5,27;404.0;754.0;429.0;696.0;;
POZNA—SKIE;INOWROC£AW (MIASTO);;;;;;;;;;;;;;;;;
POZNA—SKIE;INOWROC£AWSKI;49,55;38,85;38,63;39;X;65,56;13,43;9,22;12,21;10,78;5,74;373.0;728.0;380.0;675.0;;
POZNA—SKIE;JAROCI—SKI;49,25;38,17;37,85;38,85;X;51,67;15,09;10,00;9,17;8,29;4,78;364.0;664.0;407.0;707.0;;
POZNA—SKIE;KOåCIA—SKI;49,7;38,6;38,3;38,64;X;70,00;13,11;9,17;10,50;8,40;4,55;432.0;859.0;409.0;777.0;;
POZNA—SKIE;KOèMI—SKI;48,28;38,83;37,89;38,05;46,00;66,00;14,82;12,00;9,33;7,61;4,12;284.0;579.0;353.0;632.0;;
POZNA—SKIE;KROTOSZY—SKI;46,42;38,65;37,06;38,63;X;59,60;16,31;10,17;11,75;10,55;4,93;270.0;595.0;321.0;598.0;;
POZNA—SKIE;K PI—SKI;50,2;41,9;42,5;43,8;X;69,50;13,85;12,00;12,67;11,50;6,22;330.0;580.0;325.0;525.0;;
POZNA—SKIE;LESZCZY—SKI;49,15;40,08;39,89;40,22;X;57,50;15,63;8,00;14,17;11,36;4,98;396.0;746.0;400.0;758.0;;
POZNA—SKIE;MI DZYCHODZKI;49,75;38,5;37;38,33;X;52,00;12,42;10,00;10,00;9,08;5,43;350.0;605.0;420.0;655.0;;
POZNA—SKIE;MOGILE—SKI;50,09;38,8;39,1;38,44;X;60,00;12,28;7,00;X;X;X;414.0;855.0;391.0;768.0;;
POZNA—SKIE;NOWOTOMYSKI;47,29;37,11;37,24;37,79;X;53,00;12,9;9,00;13,25;10,87;5,81;325.0;668.0;328.0;605.0;;
POZNA—SKIE;OBORNICKI;49,31;38,75;37,67;41;X;52,00;12,36;8,00;11,40;10,00;5,82;400.0;823.0;365.0;705.0;;
POZNA—SKIE;ODOLANOWSKI;48,16;38,3;36,84;37,89;X;61,42;16,73;12,22;16,37;14,70;6,50;281.0;523.0;330.0;553.0;;
POZNA—SKIE;OSTROWSKI (OSTR”W WIELKOPOLSKI);49,42;38,29;36,43;38;X;58,33;15,65;10,50;16,13;14,95;6,21;294.0;550.0;324.0;547.0;;
POZNA—SKIE;OSTRZESZOWSKI;48,43;38,83;38;38,43;X;57,00;15,42;12,00;14,60;12,62;6,25;266.0;526.0;311.0;516.0;;
POZNA—SKIE;PLESZEWSKI;50,6;40,17;40;38,75;X;62,50;17,5;X;18,00;14,88;4,88;436.0;850.0;464.0;800.0;;
POZNA—SKIE;POZNA— (MIASTO);;;;;;;;;;;;;;;;;
POZNA—SKIE;POZNA—SKI;48,29;39,36;38,82;38,73;X;73,33;15,8;8,00;12,00;9,56;5,50;416.0;843.0;454.0;811.0;;
POZNA—SKIE;RAWICKI;48,27;37,64;37,36;37;X;62,75;16,22;X;13,33;11,45;4,61;432.0;787.0;458.0;704.0;;
POZNA—SKIE;STRZELNE—SKI;48,82;38,08;38,6;37;X;X;12,8;X;X;X;4,13;442.0;858.0;458.0;796.0;;
POZNA—SKIE;SZAMOTULSKI;49,19;38,18;38,67;38,71;X;50,00;11,89;X;9,40;8,14;4,50;397.0;765.0;399.0;703.0;;
POZNA—SKIE;SZUBI—SKI;47,77;37,3;36,47;36,56;X;52,16;14,5;8,59;12,57;10,83;6,66;274.0;570.0;332.0;583.0;;
POZNA—SKIE;WOLSZTY—SKI;47,12;37,11;36,8;36,21;X;54,00;13,18;9,33;10,67;9,30;5,51;291.0;578.0;318.0;558.0;;
POZNA—SKIE;WRZESI—SKI;48,47;38,2;38,21;38,12;X;55,00;12,85;11,00;10,00;8,13;4,22;308.0;683.0;370.0;648.0;;
POZNA—SKIE;WYRZYSKI;48,08;37,23;37,85;36,42;X;57,25;11,81;9,17;11,43;10,18;4,17;396.0;827.0;369.0;726.0;;
POZNA—SKIE;W•GROWIECKI;49,33;39,38;38,5;40,9;X;51,80;12;X;10,50;8,60;4,38;356.0;721.0;394.0;669.0;;
POZNA—SKIE;åMIGIELSKI;46,92;37,5;36,54;36,17;X;58,00;15,33;12,67;11,33;9,19;4,50;319.0;612.0;373.0;623.0;;
POZNA—SKIE;åREDZKI;48,8;38,8;38,2;38,95;X;60,13;12,3;8,33;10,20;7,64;4,65;300.0;608.0;378.0;609.0;;
POZNA—SKIE;åREMSKI;49,05;39,37;38,94;39,41;X;57,20;15,31;11,25;11,00;9,62;4,77;370.0;680.0;408.0;685.0;;
POZNA—SKIE;ØNI—SKI;48,77;38,08;38,83;39,71;X;54,33;11,93;X;9,75;8,00;4,00;358.0;779.0;366.0;789.0;;
STANIS£AWOWSKIE;BOHORODCZA—SKI;50,8;41;36,6;41,75;47,00;57,75;12,3;X;19,20;15,10;7,10;194.0;420.0;410.0;710.0;;
STANIS£AWOWSKIE;DOLI—SKI;53,5;45,83;42,92;45,25;X;71,67;12,92;12,33;17,50;14,00;7,71;191.0;432.0;359.0;600.0;;
STANIS£AWOWSKIE;HORODE—SKI;49,64;40;38,1;39,91;X;X;14,86;X;16,57;12,50;7,60;322.0;577.0;428.0;671.0;;
STANIS£AWOWSKIE;KA£USKI;49,9;40,5;39,33;41;40,00;50,00;11,2;X;17,00;13,75;7,57;241.0;464.0;374.0;655.0;;
STANIS£AWOWSKIE;KOSOWSKI (KOS”W HUCULSKI);53,43;47,71;46;46,57;43,00;X;14,75;X;18,00;14,86;8,75;136.0;329.0;359.0;569.0;;
STANIS£AWOWSKIE;KO£OMYJSKI;50,3;40,2;36,56;37,8;X;61,67;16,71;8,50;14,86;11,92;6,58;274.0;567.0;411.0;667.0;;
STANIS£AWOWSKIE;NADW”RNIA—SKI;53,2;43,14;40;42,21;44,50;51,86;14,03;X;18,38;14,50;6,85;167.0;368.0;403.0;695.0;;
STANIS£AWOWSKIE;PECZENIØY—SKI;53;45;42,5;43,67;X;X;14,25;X;20,00;16,00;8,25;198.0;525.0;420.0;700.0;;
STANIS£AWOWSKIE;ROHATY—SKI;50,4;41,07;38,4;40,3;42,00;48,00;9,65;7,08;14,05;11,68;5,43;339.0;620.0;409.0;666.0;;
STANIS£AWOWSKIE;SKOLSKI;55,57;46,24;43,91;44;X;X;15,39;X;17,28;13,07;7,18;172.0;353.0;281.0;476.0;;
STANIS£AWOWSKIE;STANIS£AWOWSKI;52;43,6;40,67;42,8;41,50;50,00;11,33;7,00;14,50;12,00;5,50;270.0;550.0;430.0;700.0;;
STANIS£AWOWSKIE;STRYJSKI;51,29;41,89;37,5;40,33;49,50;52,00;13,87;11,75;15,00;11,67;6,21;148.0;312.0;285.0;475.0;;
STANIS£AWOWSKIE;TURCZA—SKI;57,56;52,67;48,5;47,29;X;X;13,5;8,00;15,50;13,58;6,00;193.0;386.0;236.0;424.0;;
STANIS£AWOWSKIE;T£UMACKI;49,57;41,33;39,25;41,75;44,25;X;9,9;X;15,00;10,00;4,25;321.0;557.0;414.0;729.0;;
STANIS£AWOWSKIE;åNIATY—SKI;48,83;39,83;37,6;39;X;X;12,67;9,00;14,67;11,33;7,33;230.0;522.0;358.0;573.0;;
STANIS£AWOWSKIE;ØYDACZOWSKI;47,63;38,19;36,23;37,69;43,50;50,00;9,93;8,00;14,22;11,80;7,05;214.0;406.0;359.0;609.0;;
TARNOPOLSKIE;BORSZCZOWSKI;48,36;39,36;36,77;38,6;46,50;53,00;10,14;X;11,64;9,00;6,08;383.0;654.0;441.0;646.0;;
TARNOPOLSKIE;BRODZKI;49,25;38,75;36,5;38;39,33;X;12,67;8,00;13,00;11,25;4,75;275.0;475.0;363.0;563.0;;
TARNOPOLSKIE;BRZEØA—SKI;47,56;37,6;37;36,56;38,13;42,75;8,57;6,00;10,36;9,57;4,17;261.0;460.0;375.0;590.0;;
TARNOPOLSKIE;BUCZACKI;48,18;38,5;36,09;37,09;44,33;56,80;9,75;7,50;10,38;7,50;5,00;290.0;481.0;440.0;628.0;;
TARNOPOLSKIE;CZORTKOWSKI;48,36;37;36,64;37;42,22;60,63;13,43;7,00;12,14;9,75;4,14;388.0;648.0;453.0;699.0;;
TARNOPOLSKIE;KAMIONECKI;47,36;37,78;33,92;36,55;39,20;54,00;10,67;X;12,40;8,27;4,89;237.0;475.0;313.0;620.0;;
TARNOPOLSKIE;KOPYCZYNIECKI;49,08;39;38,91;38;45,25;54,60;13,17;X;11,60;7,33;4,40;257.0;598.0;365.0;666.0;;
TARNOPOLSKIE;PODHAJECKI;47,5;37,6;36,57;36,56;37,40;48,00;7,75;6,00;11,36;7,71;4,13;329.0;499.0;386.0;549.0;;
TARNOPOLSKIE;PRZEMYåLA—SKI;48,43;40,27;38,38;38,91;45,20;54,13;9,68;8,67;11,10;9,18;6,04;264.0;508.0;371.0;629.0;;
TARNOPOLSKIE;RADZIECHOWSKI;46,4;35,5;33,44;34,67;37,29;41,60;8,29;8,00;9,17;6,44;5,00;163.0;412.0;238.0;482.0;;
TARNOPOLSKIE;SKA£ACKI;48,25;37,8;34,93;36,46;40,00;53,71;9,33;6,00;13,00;8,83;4,74;304.0;606.0;388.0;669.0;;
TARNOPOLSKIE;TARNOPOLSKI;49,42;38,09;37,08;37;40,63;46,00;9,5;7,33;12,78;9,56;5,50;283.0;494.0;450.0;630.0;;
TARNOPOLSKIE;TREMBOWELSKI;48,12;38,22;34,76;36,59;39,69;50,00;10;8,22;7,94;7,13;5,47;290.0;495.0;388.0;631.0;;
TARNOPOLSKIE;ZALESZCZYCKI;47,92;39,55;37,92;38,88;42,00;63,33;15,17;X;12,00;10,00;4,08;352.0;612.0;417.0;646.0;;
TARNOPOLSKIE;ZBARASKI;48,55;39,73;38,38;38,56;41,40;54,30;7,43;X;10,00;8,58;5,07;281.0;518.0;323.0;575.0;;
TARNOPOLSKIE;ZBOROWSKI;46,6;33;30,5;32,5;33,33;38,33;9;7,50;10,50;8,67;5,50;258.0;467.0;303.0;483.0;;
TARNOPOLSKIE;Z£OCZOWSKI;48,09;38,8;35,91;37,33;41,00;49,33;9,3;6,00;12,10;10,00;5,78;268.0;500.0;366.0;592.0;;
WARSZAWSKIE;B£O—SKI;53,55;43,44;41,62;41,92;64,00;66,00;18,9;16,50;15,30;10,50;6,56;379.0;730.0;441.0;773.0;;
WARSZAWSKIE;CIECHANOWSKI;52,13;40;39;39,77;48,33;55,22;12,5;9,25;9,10;7,40;4,41;332.0;773.0;375.0;710.0;;
WARSZAWSKIE;GOSTYNI—SKI;52,44;41,63;39,29;41,07;43,83;61,60;15,88;14,00;11,40;8,63;4,92;406.0;750.0;358.0;605.0;;
WARSZAWSKIE;GR”JECKI;54,84;41,88;40,33;42,53;52,50;65,50;15,24;11,80;18,22;13,91;8,41;335.0;738.0;380.0;760.0;;
WARSZAWSKIE;KUTNOWSKI;51,31;40,43;40,08;39,2;X;70,00;17;11,00;12,25;10,13;5,13;423.0;762.0;446.0;892.0;;
WARSZAWSKIE;LIPNOWSKI;52,46;41,5;39,69;41,38;51,00;52,00;14,6;12,00;17,75;12,71;6,88;367.0;623.0;332.0;507.0;;
WARSZAWSKIE;MAKOWSKI (MAK”W MAZOWIECKI);52,83;39;39;37,71;45,00;51,50;12,3;7,67;11,00;8,56;4,54;275.0;505.0;315.0;555.0;;
WARSZAWSKIE;MI—SKI;51,5;38;38;37,25;45,00;65,00;14;X;18,67;12,67;7,50;313.0;516.0;420.0;750.0;;
WARSZAWSKIE;M£AWSKI;50,44;39,71;37,54;38,91;50,00;51,50;13,15;8,25;9,86;8,07;5,35;283.0;585.0;300.0;563.0;;
WARSZAWSKIE;NIESZAWSKI;51,35;39,88;38,95;39,05;X;52,58;13,15;7,67;11,63;9,43;5,35;395.0;649.0;390.0;629.0;;
WARSZAWSKIE;PRZASNYCKI;50;38,4;36,75;38,3;X;X;11,71;9,00;7,00;5,50;4,33;300.0;461.0;336.0;550.0;;
WARSZAWSKIE;PU£TUSKI;52,08;39,36;37,92;38,56;50,00;56,17;13,66;11,67;15,45;11,25;5,73;350.0;713.0;370.0;710.0;;
WARSZAWSKIE;P£OCKI;51,39;39,68;38,63;39,61;53,20;57,00;15,97;14,67;10,37;8,79;5,75;359.0;693.0;353.0;640.0;;
WARSZAWSKIE;P£O—SKI;50,67;39,85;39,17;40,18;X;X;13,57;14,00;13,00;9,80;4,67;386.0;700.0;398.0;691.0;;
WARSZAWSKIE;RADZYMI—SKI;51,11;40,94;40,38;39,38;48,88;57,25;14,58;14,50;16,00;11,76;6,72;288.0;538.0;409.0;718.0;;
WARSZAWSKIE;RAWSKI (RAWA MAZOWIECKA);50;39,11;37,74;39,56;45,00;54,67;16,97;X;15,09;11,29;5,56;317.0;595.0;361.0;545.0;;
WARSZAWSKIE;RYPI—SKI;49,75;38,71;37,93;38,3;X;60,00;12,56;X;9,80;7,40;4,80;419.0;715.0;354.0;608.0;;
WARSZAWSKIE;SIERPECKI;52,1;40,12;38,88;40,88;49,13;47,43;12,76;8,67;11,90;8,18;5,21;320.0;588.0;310.0;530.0;;
WARSZAWSKIE;SKIERNIEWICKI;51,8;40,67;39,2;39,44;X;66,67;15,92;11,67;13,40;10,60;5,13;404.0;692.0;368.0;654.0;;
WARSZAWSKIE;SOCHACZEWSKI;49,86;39,43;37,4;38,86;X;65,00;17,43;13,50;16,00;14,00;7,33;354.0;644.0;369.0;606.0;;
WARSZAWSKIE;WARSZAWSKI;53,6;41;39,58;41,13;59,00;62,00;19,46;14,00;21,54;17,23;9,86;406.0;883.0;543.0;915.0;;
WARSZAWSKIE;W£OC£AWSKI;51;40,83;39,36;39,75;50,00;68,75;16,13;X;11,71;10,29;6,00;337.0;667.0;416.0;717.0;;
WARSZAWSKIE;£OWICKI;49,64;40,4;37,45;40,2;44,00;61,67;15;12,33;14,44;11,00;7,00;418.0;809.0;425.0;750.0;;
WO£Y—SKIE;DUBIE—SKI;46,71;35,67;32,5;32,71;39,00;47,67;6,94;6,50;12,03;11,06;4,65;286.0;621.0;310.0;607.0;;
WO£Y—SKIE;HOROCHOWSKI;50,33;38,36;36,4;36,82;38,50;43,60;7,22;7,00;8,50;6,67;4,19;269.0;550.0;310.0;503.0;;
WO£Y—SKIE;KOSTOPOLSKI;43,5;35,14;33,6;36,75;40,80;43,25;10,26;X;9,24;5,70;2,85;235.0;394.0;254.0;503.0;;
WO£Y—SKIE;KOWELSKI;51,55;40,46;38,67;40,41;43,10;48,50;15,21;10,00;13,86;9,62;5,56;245.0;489.0;325.0;537.0;;
WO£Y—SKIE;KRZEMIENIECKI;46,45;35,85;32,38;34,58;39,85;43,36;8,64;6,30;10,73;7,82;4,74;280.0;414.0;302.0;453.0;;
WO£Y—SKIE;LUBOMELSKI;50,75;39,17;37,17;38;39,75;47,75;13,13;X;16,50;11,25;6,50;245.0;463.0;313.0;542.0;;
WO£Y—SKIE;R”WIE—SKI;44,78;36,9;34,3;36,82;40,67;42,67;9,69;8,20;9,73;8,00;3,17;366.0;613.0;325.0;540.0;;
WO£Y—SKIE;W£ODZIMIERSKI;48,27;37,5;35,67;36,3;41,29;46,00;12;10,00;8,70;7,19;3,38;275.0;535.0;276.0;545.0;;
WO£Y—SKIE;ZDO£BUNOWSKI;49,43;38;36;33,88;35,67;39,00;7,41;5,70;12,04;9,54;4,59;295.0;493.0;324.0;538.0;;
WO£Y—SKIE;£UCKI;48,25;40,86;36,29;36,5;38,75;44,40;9,89;8,70;10,80;7,80;4,28;288.0;518.0;286.0;496.0;;
ZIEMIA WILE—SKA;BRAS£AWSKI;61,7;54,42;52,53;45,55;50,00;50,94;16,95;X;11,38;7,73;5,82;231.0;403.0;226.0;403.0;;
ZIEMIA WILE—SKA;DZIåNIE—SKI;55,67;50;47,92;41,43;45,00;42,27;14,36;10,00;12,00;8,28;6,80;254.0;461.0;248.0;436.0;;
ZIEMIA WILE—SKA;MO£ODECZA—SKI;55,82;49,57;48,25;45,07;47,50;50,08;14,29;9,00;12,46;9,94;5,83;335.0;561.0;296.0;484.0;;
ZIEMIA WILE—SKA;OSZMIA—SKI;60;59;54,67;52,67;52,50;58,50;14,93;X;14,40;11,00;8,70;283.0;417.0;300.0;467.0;;
ZIEMIA WILE—SKA;POSTAWSKI;59,89;54;50,44;47,67;51,00;48,30;13,25;X;11,04;9,25;5,62;280.0;497.0;296.0;475.0;;
ZIEMIA WILE—SKA;WILEJSKI;58,5;52;50,5;48,56;46,29;52,18;16,13;13,56;13,46;10,13;6,73;306.0;505.0;251.0;407.0;;
ZIEMIA WILE—SKA;WILE—SKO-TROCKI;62;52,56;51,88;51,2;51,17;57,00;16,82;X;14,25;10,38;8,57;314.0;564.0;350.0;605.0;;
ZIEMIA WILE—SKA;WILNO (MIASTO);;;;;;;;;;;;;;;;;
ZIEMIA WILE—SKA;åWI CIA—SKI;63,2;54,09;50,3;49,64;51,00;53,50;18,33;X;12,00;9,77;6,83;278.0;500.0;258.0;460.0;;
£”DZKIE;BRZEZI—SKI;52,15;43,75;42,33;41,77;X;X;18,2;11,00;14,44;11,00;7,35;320.0;644.0;366.0;663.0;;
£”DZKIE;KALISKI;51,33;42,5;41,25;41,92;X;70,00;14,91;12,00;15,11;13,00;6,30;279.0;562.0;350.0;667.0;;
£”DZKIE;KOLSKI;48,38;39,2;38,46;38,85;X;45,00;14,84;8,00;13,00;11,40;5,90;313.0;575.0;362.0;610.0;;
£”DZKIE;KONI—SKI;49,72;38,58;38,38;37,67;48,57;54,00;11,5;7,20;12,90;10,09;5,29;332.0;618.0;330.0;627.0;;
£”DZKIE;PIOTRKOWSKI;52;39,78;39,17;39,07;X;X;16,86;15,25;15,85;12,47;7,75;287.0;583.0;317.0;578.0;;
£”DZKIE;RADOMSZCZA—SKI;50,8;39,57;39,2;39,2;35,50;65,00;14,17;10,00;15,40;11,80;7,40;290.0;520.0;375.0;600.0;;
£”DZKIE;SIERADZKI;50,06;41,41;39,13;40,47;42,67;55,00;18,06;15,33;14,60;12,75;6,85;331.0;659.0;356.0;659.0;;
£”DZKIE;S£UPECKI;49,64;37,69;37,2;37,5;36,00;53,60;12,7;6,75;13,50;8,75;4,38;371.0;670.0;382.0;657.0;;
£”DZKIE;TURECKI;49,75;39,22;36,54;36,6;42,43;52,29;13,06;X;14,42;10,17;7,67;245.0;521.0;321.0;592.0;;
£”DZKIE;WIELU—SKI;51,58;41,23;37;41,5;39,00;X;14,75;9,50;14,50;12,05;6,82;392.0;636.0;357.0;554.0;;
£”DZKIE;£ASKI;49,65;38,88;38,5;39,72;45,00;70,33;17,68;8,00;16,68;12,21;7,75;247.0;545.0;320.0;573.0;;
£”DZKIE;£”DZKI;50,33;43;41,67;43,25;X;75,00;19,75;X;18,00;14,25;8,25;283.0;467.0;433.0;633.0;;
£”DZKIE;£”Dè (MIASTO);;;;;;;;;;;;;;;;;
£”DZKIE;£ CZYCKI;49,91;38,58;38,44;37,22;X;68,00;18,23;13,67;18,56;13,78;7,25;365.0;635.0;392.0;642.0;;
åL•SKIE;BIELSKO (MIASTO);;;;;;;;;;;;;;;;;
åL•SKIE;BIELSKI (BIELSKO);47,56;41,33;39;39,3;X;X;18,65;11,00;34,36;27,86;15,13;266.0;520.0;329.0;592.0;;
åL•SKIE;CIESZY—SKI;52,13;43,81;41,57;39,56;X;X;28,14;X;37,68;27,18;13,10;305.0;659.0;388.0;679.0;;
åL•SKIE;KATOWICE (MIASTO);;;;;;;;;;;;;;;;;
åL•SKIE;KATOWICKI;53,56;45,4;44,8;43,18;X;X;16,45;13,00;32,83;24,33;11,77;345.0;845.0;416.0;714.0;;
åL•SKIE;KR”LEWSKA HUTA;;;;;;;;;;;;;;;;;
åL•SKIE;LUBLINIECKI;47,82;42,09;41,5;41,7;X;X;19,1;12,50;25,36;21,82;7,95;329.0;663.0;373.0;611.0;;
åL•SKIE;PSZCZY—SKI;47,3;41,35;40,95;40,55;X;x;18,35;X;34,00;25,75;10,26;328.0;643.0;345.0;600.0;;
åL•SKIE;RYBNICKI;48,83;42,21;42,38;42,2;X;64,50;16,4;X;35,29;28,86;9,53;366.0;705.0;413.0;681.0;;
åL•SKIE;TARNOG”RSKI;50,91;43,9;40,5;41,56;X;X;20,22;X;32,50;24,20;10,14;306.0;909.0;359.0;691.0;;
åL•SKIE;åWI TOCH£OWICKI;53;44,67;44,11;43;X;X;18;9,25;38,22;29,40;11,89;370.0;870.0;470.0;905.0;;
